Initialized native services in: C:\Users\tienv\AppData\Local\Temp\cursor-sandbox-cache\0a1df6e4cb205545c739d38bf3521007\gradle\native
Initialized jansi services in: C:\Users\tienv\AppData\Local\Temp\cursor-sandbox-cache\0a1df6e4cb205545c739d38bf3521007\gradle\native
To honour the JVM settings for this build a single-use Daemon process will be forked. For more on this, please refer to https://docs.gradle.org/8.11.1/userguide/gradle_daemon.html#sec:disabling_the_daemon in the Gradle documentation.
Starting process 'Gradle build daemon'. Working directory: C:\Users\tienv\AppData\Local\Temp\cursor-sandbox-cache\0a1df6e4cb205545c739d38bf3521007\gradle\daemon\8.11.1 Command: C:\Program Files\Eclipse Adoptium\jdk-17.0.20.101-hotspot\bin\java.exe --add-opens=java.base/java.lang=ALL-UNNAMED --add-opens=java.base/java.lang.invoke=ALL-UNNAMED --add-opens=java.base/java.util=ALL-UNNAMED --add-opens=java.prefs/java.util.prefs=ALL-UNNAMED --add-exports=jdk.compiler/com.sun.tools.javac.api=ALL-UNNAMED --add-exports=jdk.compiler/com.sun.tools.javac.util=ALL-UNNAMED --add-opens=java.base/java.util=ALL-UNNAMED --add-opens=java.prefs/java.util.prefs=ALL-UNNAMED --add-opens=java.base/java.nio.charset=ALL-UNNAMED --add-opens=java.base/java.net=ALL-UNNAMED --add-opens=java.base/java.util.concurrent.atomic=ALL-UNNAMED --add-opens=java.xml/javax.xml.namespace=ALL-UNNAMED -Xmx1536m -Dfile.encoding=windows-31j -Duser.country=US -Duser.language=en -Duser.variant -cp C:\Users\tienv\AppData\Local\Temp\cursor-sandbox-cache\0a1df6e4cb205545c739d38bf3521007\gradle\wrapper\dists\gradle-8.11.1-all\2qik7nd48slq1ooc2496ixf4i\gradle-8.11.1\lib\gradle-daemon-main-8.11.1.jar -javaagent:C:\Users\tienv\AppData\Local\Temp\cursor-sandbox-cache\0a1df6e4cb205545c739d38bf3521007\gradle\wrapper\dists\gradle-8.11.1-all\2qik7nd48slq1ooc2496ixf4i\gradle-8.11.1\lib\agents\gradle-instrumentation-agent-8.11.1.jar org.gradle.launcher.daemon.bootstrap.GradleDaemon 8.11.1
Successfully started process 'Gradle build daemon'
An attempt to start the daemon took 3.311 secs.
The client will now receive all logging from the daemon (pid: 20704). The daemon log file: C:\Users\tienv\AppData\Local\Temp\cursor-sandbox-cache\0a1df6e4cb205545c739d38bf3521007\gradle\daemon\8.11.1\daemon-20704.out.log
Daemon will be stopped at the end of the build 
Using 12 worker leases.
Received JVM installation metadata from 'C:\Program Files\Eclipse Adoptium\jdk-17.0.20.101-hotspot': {JAVA_HOME=C:\Program Files\Eclipse Adoptium\jdk-17.0.20.101-hotspot, JAVA_VERSION=17.0.20.1, JAVA_VENDOR=Eclipse Adoptium, RUNTIME_NAME=OpenJDK Runtime Environment, RUNTIME_VERSION=17.0.20.1+1, VM_NAME=OpenJDK 64-Bit Server VM, VM_VERSION=17.0.20.1+1, VM_VENDOR=Eclipse Adoptium, OS_ARCH=amd64}
Watching the file system is configured to be enabled if available
Now considering [C:\Users\tienv\OneDrive\Desktop\MAIMAI_ANDROID\android] as hierarchies to watch
File system watching is active
Starting Build
Settings evaluated using settings file 'C:\Users\tienv\OneDrive\Desktop\MAIMAI_ANDROID\android\settings.gradle'.
Projects loaded. Root project using build file 'C:\Users\tienv\OneDrive\Desktop\MAIMAI_ANDROID\android\build.gradle'.
Included projects: [root project 'android', project ':app', project ':capacitor-android', project ':capacitor-app', project ':capacitor-community-admob', project ':capacitor-cordova-android-plugins', project ':capacitor-status-bar']

> Configure project :
Evaluating root project 'android' using build file 'C:\Users\tienv\OneDrive\Desktop\MAIMAI_ANDROID\android\build.gradle'.
Transforming gradle-8.7.2.jar (com.android.tools.build:gradle:8.7.2) with InstrumentationAnalysisTransform
Transforming google-services-4.4.2.jar (com.google.gms:google-services:4.4.2) with InstrumentationAnalysisTransform
Transforming gradle-settings-api-8.7.2.jar (com.android.tools.build:gradle-settings-api:8.7.2) with InstrumentationAnalysisTransform
Transforming lint-model-31.7.2.jar (com.android.tools.lint:lint-model:31.7.2) with InstrumentationAnalysisTransform
Transforming builder-8.7.2.jar (com.android.tools.build:builder:8.7.2) with InstrumentationAnalysisTransform
Transforming manifest-merger-31.7.2.jar (com.android.tools.build:manifest-merger:31.7.2) with InstrumentationAnalysisTransform
Transforming sdk-common-31.7.2.jar (com.android.tools:sdk-common:31.7.2) with InstrumentationAnalysisTransform
Transforming sdklib-31.7.2.jar (com.android.tools:sdklib:31.7.2) with InstrumentationAnalysisTransform
Transforming repository-31.7.2.jar (com.android.tools:repository:31.7.2) with InstrumentationAnalysisTransform
Transforming gradle-api-8.7.2.jar (com.android.tools.build:gradle-api:8.7.2) with InstrumentationAnalysisTransform
Transforming builder-test-api-8.7.2.jar (com.android.tools.build:builder-test-api:8.7.2) with InstrumentationAnalysisTransform
Transforming ddmlib-31.7.2.jar (com.android.tools.ddms:ddmlib:31.7.2) with InstrumentationAnalysisTransform
Transforming aaptcompiler-8.7.2.jar (com.android.tools.build:aaptcompiler:8.7.2) with InstrumentationAnalysisTransform
Transforming bundletool-1.17.1.jar (com.android.tools.build:bundletool:1.17.1) with InstrumentationAnalysisTransform
Transforming aapt2-proto-8.7.2-12006047.jar (com.android.tools.build:aapt2-proto:8.7.2-12006047) with InstrumentationAnalysisTransform
Transforming crash-31.7.2.jar (com.android.tools.analytics-library:crash:31.7.2) with InstrumentationAnalysisTransform
Transforming tracker-31.7.2.jar (com.android.tools.analytics-library:tracker:31.7.2) with InstrumentationAnalysisTransform
Transforming shared-31.7.2.jar (com.android.tools.analytics-library:shared:31.7.2) with InstrumentationAnalysisTransform
Transforming lint-typedef-remover-31.7.2.jar (com.android.tools.lint:lint-typedef-remover:31.7.2) with InstrumentationAnalysisTransform
Transforming databinding-compiler-common-8.7.2.jar (androidx.databinding:databinding-compiler-common:8.7.2) with InstrumentationAnalysisTransform
Transforming databinding-common-8.7.2.jar (androidx.databinding:databinding-common:8.7.2) with InstrumentationAnalysisTransform
Transforming baseLibrary-8.7.2.jar (com.android.databinding:baseLibrary:8.7.2) with InstrumentationAnalysisTransform
Transforming layoutlib-api-31.7.2.jar (com.android.tools.layoutlib:layoutlib-api:31.7.2) with InstrumentationAnalysisTransform
Transforming android-device-provider-ddmlib-proto-31.7.2.jar (com.android.tools.utp:android-device-provider-ddmlib-proto:31.7.2) with InstrumentationAnalysisTransform
Transforming android-device-provider-gradle-proto-31.7.2.jar (com.android.tools.utp:android-device-provider-gradle-proto:31.7.2) with InstrumentationAnalysisTransform
Transforming android-device-provider-profile-proto-31.7.2.jar (com.android.tools.utp:android-device-provider-profile-proto:31.7.2) with InstrumentationAnalysisTransform
Transforming android-test-plugin-host-additional-test-output-proto-31.7.2.jar (com.android.tools.utp:android-test-plugin-host-additional-test-output-proto:31.7.2) with InstrumentationAnalysisTransform
Transforming android-test-plugin-host-coverage-proto-31.7.2.jar (com.android.tools.utp:android-test-plugin-host-coverage-proto:31.7.2) with InstrumentationAnalysisTransform
Transforming android-test-plugin-host-emulator-control-proto-31.7.2.jar (com.android.tools.utp:android-test-plugin-host-emulator-control-proto:31.7.2) with InstrumentationAnalysisTransform
Transforming android-test-plugin-host-logcat-proto-31.7.2.jar (com.android.tools.utp:android-test-plugin-host-logcat-proto:31.7.2) with InstrumentationAnalysisTransform
Transforming android-test-plugin-host-apk-installer-proto-31.7.2.jar (com.android.tools.utp:android-test-plugin-host-apk-installer-proto:31.7.2) with InstrumentationAnalysisTransform
Transforming android-test-plugin-host-retention-proto-31.7.2.jar (com.android.tools.utp:android-test-plugin-host-retention-proto:31.7.2) with InstrumentationAnalysisTransform
Transforming android-test-plugin-result-listener-gradle-proto-31.7.2.jar (com.android.tools.utp:android-test-plugin-result-listener-gradle-proto:31.7.2) with InstrumentationAnalysisTransform
Transforming builder-model-8.7.2.jar (com.android.tools.build:builder-model:8.7.2) with InstrumentationAnalysisTransform
Transforming strict-version-matcher-plugin-1.2.4.jar (com.google.android.gms:strict-version-matcher-plugin:1.2.4) with InstrumentationAnalysisTransform
Transforming dvlib-31.7.2.jar (com.android.tools:dvlib:31.7.2) with InstrumentationAnalysisTransform
Transforming common-31.7.2.jar (com.android.tools:common:31.7.2) with InstrumentationAnalysisTransform
Transforming jetifier-processor-1.0.0-beta10.jar (com.android.tools.build.jetifier:jetifier-processor:1.0.0-beta10) with InstrumentationAnalysisTransform
Transforming jetifier-core-1.0.0-beta10.jar (com.android.tools.build.jetifier:jetifier-core:1.0.0-beta10) with InstrumentationAnalysisTransform
Transforming kotlin-reflect-1.9.20.jar (org.jetbrains.kotlin:kotlin-reflect:1.9.20) with InstrumentationAnalysisTransform
Transforming kotlin-stdlib-jdk7-1.9.20.jar (org.jetbrains.kotlin:kotlin-stdlib-jdk7:1.9.20) with InstrumentationAnalysisTransform
Transforming kotlin-stdlib-1.9.20.jar (org.jetbrains.kotlin:kotlin-stdlib:1.9.20) with InstrumentationAnalysisTransform
Transforming kotlin-stdlib-jdk8-1.9.20.jar (org.jetbrains.kotlin:kotlin-stdlib-jdk8:1.9.20) with InstrumentationAnalysisTransform
Transforming transform-api-2.0.0-deprecated-use-gradle-api.jar (com.android.tools.build:transform-api:2.0.0-deprecated-use-gradle-api) with InstrumentationAnalysisTransform
Transforming httpmime-4.5.6.jar (org.apache.httpcomponents:httpmime:4.5.6) with InstrumentationAnalysisTransform
Transforming commons-io-2.13.0.jar (commons-io:commons-io:2.13.0) with InstrumentationAnalysisTransform
Transforming asm-commons-9.6.jar (org.ow2.asm:asm-commons:9.6) with InstrumentationAnalysisTransform
Transforming asm-util-9.6.jar (org.ow2.asm:asm-util:9.6) with InstrumentationAnalysisTransform
Transforming asm-analysis-9.6.jar (org.ow2.asm:asm-analysis:9.6) with InstrumentationAnalysisTransform
Transforming asm-tree-9.6.jar (org.ow2.asm:asm-tree:9.6) with InstrumentationAnalysisTransform
Transforming asm-9.6.jar (org.ow2.asm:asm:9.6) with InstrumentationAnalysisTransform
Transforming apkzlib-8.7.2.jar (com.android.tools.build:apkzlib:8.7.2) with InstrumentationAnalysisTransform
Transforming bcpkix-jdk18on-1.77.jar (org.bouncycastle:bcpkix-jdk18on:1.77) with InstrumentationAnalysisTransform
Transforming jaxb-runtime-2.3.2.jar (org.glassfish.jaxb:jaxb-runtime:2.3.2) with InstrumentationAnalysisTransform
Transforming jopt-simple-4.9.jar (net.sf.jopt-simple:jopt-simple:4.9) with InstrumentationAnalysisTransform
Transforming javapoet-1.10.0.jar (com.squareup:javapoet:1.10.0) with InstrumentationAnalysisTransform
Transforming protobuf-java-util-3.22.3.jar (com.google.protobuf:protobuf-java-util:3.22.3) with InstrumentationAnalysisTransform
Transforming grpc-protobuf-1.57.0.jar (io.grpc:grpc-protobuf:1.57.0) with InstrumentationAnalysisTransform
Transforming tink-1.7.0.jar (com.google.crypto.tink:tink:1.7.0) with InstrumentationAnalysisTransform
Transforming protos-31.7.2.jar (com.android.tools.analytics-library:protos:31.7.2) with InstrumentationAnalysisTransform
Transforming proto-google-common-protos-2.17.0.jar (com.google.api.grpc:proto-google-common-protos:2.17.0) with InstrumentationAnalysisTransform
Transforming protobuf-java-3.22.3.jar (com.google.protobuf:protobuf-java:3.22.3) with InstrumentationAnalysisTransform
Transforming grpc-netty-1.57.0.jar (io.grpc:grpc-netty:1.57.0) with InstrumentationAnalysisTransform
Transforming grpc-core-1.57.0.jar (io.grpc:grpc-core:1.57.0) with InstrumentationAnalysisTransform
Transforming gson-2.10.1.jar (com.google.code.gson:gson:2.10.1) with InstrumentationAnalysisTransform
Transforming grpc-stub-1.57.0.jar (io.grpc:grpc-stub:1.57.0) with InstrumentationAnalysisTransform
Transforming core-proto-0.0.9-alpha02.jar (com.google.testing.platform:core-proto:0.0.9-alpha02) with InstrumentationAnalysisTransform
Transforming tensorflow-lite-metadata-0.1.0-rc2.jar (org.tensorflow:tensorflow-lite-metadata:0.1.0-rc2) with InstrumentationAnalysisTransform
Transforming flatbuffers-java-1.12.0.jar (com.google.flatbuffers:flatbuffers-java:1.12.0) with InstrumentationAnalysisTransform
Transforming jimfs-1.1.jar (com.google.jimfs:jimfs:1.1) with InstrumentationAnalysisTransform
Transforming grpc-context-1.57.0.jar (io.grpc:grpc-context:1.57.0) with InstrumentationAnalysisTransform
Transforming grpc-protobuf-lite-1.57.0.jar (io.grpc:grpc-protobuf-lite:1.57.0) with InstrumentationAnalysisTransform
Transforming grpc-api-1.57.0.jar (io.grpc:grpc-api:1.57.0) with InstrumentationAnalysisTransform
Transforming guava-32.0.1-jre.jar (com.google.guava:guava:32.0.1-jre) with InstrumentationAnalysisTransform
Transforming dagger-2.28.3.jar (com.google.dagger:dagger:2.28.3) with InstrumentationAnalysisTransform
Transforming javax.inject-1.jar (javax.inject:javax.inject:1) with InstrumentationAnalysisTransform
Transforming kxml2-2.3.0.jar (net.sf.kxml:kxml2:2.3.0) with InstrumentationAnalysisTransform
Transforming bcutil-jdk18on-1.77.jar (org.bouncycastle:bcutil-jdk18on:1.77) with InstrumentationAnalysisTransform
Transforming bcprov-jdk18on-1.77.jar (org.bouncycastle:bcprov-jdk18on:1.77) with InstrumentationAnalysisTransform
Transforming trove4j-1.0.20200330.jar (org.jetbrains.intellij.deps:trove4j:1.0.20200330) with InstrumentationAnalysisTransform
Transforming commons-compress-1.21.jar (org.apache.commons:commons-compress:1.21) with InstrumentationAnalysisTransform
Transforming httpclient-4.5.14.jar (org.apache.httpcomponents:httpclient:4.5.14) with InstrumentationAnalysisTransform
Transforming httpcore-4.4.16.jar (org.apache.httpcomponents:httpcore:4.4.16) with InstrumentationAnalysisTransform
Transforming javax.activation-1.2.0.jar (com.sun.activation:javax.activation:1.2.0) with InstrumentationAnalysisTransform
Transforming annotations-23.0.0.jar (org.jetbrains:annotations:23.0.0) with InstrumentationAnalysisTransform
Transforming signflinger-8.7.2.jar (com.android:signflinger:8.7.2) with InstrumentationAnalysisTransform
Transforming zipflinger-8.7.2.jar (com.android:zipflinger:8.7.2) with InstrumentationAnalysisTransform
Transforming annotations-31.7.2.jar (com.android.tools:annotations:31.7.2) with InstrumentationAnalysisTransform
Transforming jna-platform-5.6.0.jar (net.java.dev.jna:jna-platform:5.6.0) with InstrumentationAnalysisTransform
Transforming juniversalchardet-1.0.3.jar (com.googlecode.juniversalchardet:juniversalchardet:1.0.3) with InstrumentationAnalysisTransform
Transforming javax.annotation-api-1.3.2.jar (javax.annotation:javax.annotation-api:1.3.2) with InstrumentationAnalysisTransform
Transforming stax-ex-1.8.1.jar (org.jvnet.staxex:stax-ex:1.8.1) with InstrumentationAnalysisTransform
Transforming jakarta.xml.bind-api-2.3.2.jar (jakarta.xml.bind:jakarta.xml.bind-api:2.3.2) with InstrumentationAnalysisTransform
Transforming txw2-2.3.2.jar (org.glassfish.jaxb:txw2:2.3.2) with InstrumentationAnalysisTransform
Transforming istack-commons-runtime-3.0.8.jar (com.sun.istack:istack-commons-runtime:3.0.8) with InstrumentationAnalysisTransform
Transforming FastInfoset-1.2.16.jar (com.sun.xml.fastinfoset:FastInfoset:1.2.16) with InstrumentationAnalysisTransform
Transforming jakarta.activation-api-1.2.1.jar (jakarta.activation:jakarta.activation-api:1.2.1) with InstrumentationAnalysisTransform
Transforming auto-value-annotations-1.6.2.jar (com.google.auto.value:auto-value-annotations:1.6.2) with InstrumentationAnalysisTransform
Transforming error_prone_annotations-2.18.0.jar (com.google.errorprone:error_prone_annotations:2.18.0) with InstrumentationAnalysisTransform
Transforming jose4j-0.9.5.jar (org.bitbucket.b_c:jose4j:0.9.5) with InstrumentationAnalysisTransform
Transforming slf4j-api-1.7.30.jar (org.slf4j:slf4j-api:1.7.30) with InstrumentationAnalysisTransform
Transforming jdom2-2.0.6.jar (org.jdom:jdom2:2.0.6) with InstrumentationAnalysisTransform
Transforming jsr305-3.0.2.jar (com.google.code.findbugs:jsr305:3.0.2) with InstrumentationAnalysisTransform
Transforming j2objc-annotations-2.8.jar (com.google.j2objc:j2objc-annotations:2.8) with InstrumentationAnalysisTransform
Transforming annotations-4.1.1.4.jar (com.google.android:annotations:4.1.1.4) with InstrumentationAnalysisTransform
Transforming animal-sniffer-annotations-1.23.jar (org.codehaus.mojo:animal-sniffer-annotations:1.23) with InstrumentationAnalysisTransform
Transforming perfmark-api-0.26.0.jar (io.perfmark:perfmark-api:0.26.0) with InstrumentationAnalysisTransform
Transforming netty-codec-http2-4.1.93.Final.jar (io.netty:netty-codec-http2:4.1.93.Final) with InstrumentationAnalysisTransform
Transforming netty-handler-proxy-4.1.93.Final.jar (io.netty:netty-handler-proxy:4.1.93.Final) with InstrumentationAnalysisTransform
Transforming netty-codec-http-4.1.93.Final.jar (io.netty:netty-codec-http:4.1.93.Final) with InstrumentationAnalysisTransform
Transforming netty-handler-4.1.93.Final.jar (io.netty:netty-handler:4.1.93.Final) with InstrumentationAnalysisTransform
Transforming netty-transport-native-unix-common-4.1.93.Final.jar (io.netty:netty-transport-native-unix-common:4.1.93.Final) with InstrumentationAnalysisTransform
Transforming checker-qual-3.33.0.jar (org.checkerframework:checker-qual:3.33.0) with InstrumentationAnalysisTransform
Transforming commons-codec-1.11.jar (commons-codec:commons-codec:1.11) with InstrumentationAnalysisTransform
Transforming apksig-8.7.2.jar (com.android.tools.build:apksig:8.7.2) with InstrumentationAnalysisTransform
Transforming javawriter-2.5.0.jar (com.squareup:javawriter:2.5.0) with InstrumentationAnalysisTransform
Transforming failureaccess-1.0.1.jar (com.google.guava:failureaccess:1.0.1) with InstrumentationAnalysisTransform
Transforming listenablefuture-9999.0-empty-to-avoid-conflict-with-guava.jar (com.google.guava:listenablefuture:9999.0-empty-to-avoid-conflict-with-guava) with InstrumentationAnalysisTransform
Transforming commons-logging-1.2.jar (commons-logging:commons-logging:1.2) with InstrumentationAnalysisTransform
Transforming jna-5.6.0.jar (net.java.dev.jna:jna:5.6.0) with InstrumentationAnalysisTransform
Transforming netty-codec-socks-4.1.93.Final.jar (io.netty:netty-codec-socks:4.1.93.Final) with InstrumentationAnalysisTransform
Transforming netty-codec-4.1.93.Final.jar (io.netty:netty-codec:4.1.93.Final) with InstrumentationAnalysisTransform
Transforming netty-transport-4.1.93.Final.jar (io.netty:netty-transport:4.1.93.Final) with InstrumentationAnalysisTransform
Transforming netty-buffer-4.1.93.Final.jar (io.netty:netty-buffer:4.1.93.Final) with InstrumentationAnalysisTransform
Transforming netty-resolver-4.1.93.Final.jar (io.netty:netty-resolver:4.1.93.Final) with InstrumentationAnalysisTransform
Transforming netty-common-4.1.93.Final.jar (io.netty:netty-common:4.1.93.Final) with InstrumentationAnalysisTransform
Transforming gradle-8.7.2.jar (com.android.tools.build:gradle:8.7.2) with InstrumentationAnalysisTransform
Transforming gradle-8.7.2.jar (com.android.tools.build:gradle:8.7.2) with MergeInstrumentationAnalysisTransform
Transforming google-services-4.4.2.jar (com.google.gms:google-services:4.4.2) with InstrumentationAnalysisTransform
Transforming google-services-4.4.2.jar (com.google.gms:google-services:4.4.2) with MergeInstrumentationAnalysisTransform
Transforming gradle-settings-api-8.7.2.jar (com.android.tools.build:gradle-settings-api:8.7.2) with InstrumentationAnalysisTransform
Transforming gradle-settings-api-8.7.2.jar (com.android.tools.build:gradle-settings-api:8.7.2) with MergeInstrumentationAnalysisTransform
Transforming lint-model-31.7.2.jar (com.android.tools.lint:lint-model:31.7.2) with InstrumentationAnalysisTransform
Transforming lint-model-31.7.2.jar (com.android.tools.lint:lint-model:31.7.2) with MergeInstrumentationAnalysisTransform
Transforming builder-8.7.2.jar (com.android.tools.build:builder:8.7.2) with InstrumentationAnalysisTransform
Transforming builder-8.7.2.jar (com.android.tools.build:builder:8.7.2) with MergeInstrumentationAnalysisTransform
Transforming manifest-merger-31.7.2.jar (com.android.tools.build:manifest-merger:31.7.2) with InstrumentationAnalysisTransform
Transforming manifest-merger-31.7.2.jar (com.android.tools.build:manifest-merger:31.7.2) with MergeInstrumentationAnalysisTransform
Transforming sdk-common-31.7.2.jar (com.android.tools:sdk-common:31.7.2) with InstrumentationAnalysisTransform
Transforming sdk-common-31.7.2.jar (com.android.tools:sdk-common:31.7.2) with MergeInstrumentationAnalysisTransform
Transforming sdklib-31.7.2.jar (com.android.tools:sdklib:31.7.2) with InstrumentationAnalysisTransform
Transforming sdklib-31.7.2.jar (com.android.tools:sdklib:31.7.2) with MergeInstrumentationAnalysisTransform
Transforming repository-31.7.2.jar (com.android.tools:repository:31.7.2) with InstrumentationAnalysisTransform
Transforming repository-31.7.2.jar (com.android.tools:repository:31.7.2) with MergeInstrumentationAnalysisTransform
Transforming gradle-api-8.7.2.jar (com.android.tools.build:gradle-api:8.7.2) with InstrumentationAnalysisTransform
Transforming gradle-api-8.7.2.jar (com.android.tools.build:gradle-api:8.7.2) with MergeInstrumentationAnalysisTransform
Transforming builder-test-api-8.7.2.jar (com.android.tools.build:builder-test-api:8.7.2) with InstrumentationAnalysisTransform
Transforming builder-test-api-8.7.2.jar (com.android.tools.build:builder-test-api:8.7.2) with MergeInstrumentationAnalysisTransform
Transforming ddmlib-31.7.2.jar (com.android.tools.ddms:ddmlib:31.7.2) with InstrumentationAnalysisTransform
Transforming ddmlib-31.7.2.jar (com.android.tools.ddms:ddmlib:31.7.2) with MergeInstrumentationAnalysisTransform
Transforming aaptcompiler-8.7.2.jar (com.android.tools.build:aaptcompiler:8.7.2) with InstrumentationAnalysisTransform
Transforming aaptcompiler-8.7.2.jar (com.android.tools.build:aaptcompiler:8.7.2) with MergeInstrumentationAnalysisTransform
Transforming bundletool-1.17.1.jar (com.android.tools.build:bundletool:1.17.1) with InstrumentationAnalysisTransform
Transforming bundletool-1.17.1.jar (com.android.tools.build:bundletool:1.17.1) with MergeInstrumentationAnalysisTransform
Transforming aapt2-proto-8.7.2-12006047.jar (com.android.tools.build:aapt2-proto:8.7.2-12006047) with InstrumentationAnalysisTransform
Transforming aapt2-proto-8.7.2-12006047.jar (com.android.tools.build:aapt2-proto:8.7.2-12006047) with MergeInstrumentationAnalysisTransform
Transforming crash-31.7.2.jar (com.android.tools.analytics-library:crash:31.7.2) with InstrumentationAnalysisTransform
Transforming crash-31.7.2.jar (com.android.tools.analytics-library:crash:31.7.2) with MergeInstrumentationAnalysisTransform
Transforming tracker-31.7.2.jar (com.android.tools.analytics-library:tracker:31.7.2) with InstrumentationAnalysisTransform
Transforming tracker-31.7.2.jar (com.android.tools.analytics-library:tracker:31.7.2) with MergeInstrumentationAnalysisTransform
Transforming shared-31.7.2.jar (com.android.tools.analytics-library:shared:31.7.2) with InstrumentationAnalysisTransform
Transforming shared-31.7.2.jar (com.android.tools.analytics-library:shared:31.7.2) with MergeInstrumentationAnalysisTransform
Transforming lint-typedef-remover-31.7.2.jar (com.android.tools.lint:lint-typedef-remover:31.7.2) with InstrumentationAnalysisTransform
Transforming lint-typedef-remover-31.7.2.jar (com.android.tools.lint:lint-typedef-remover:31.7.2) with MergeInstrumentationAnalysisTransform
Transforming databinding-compiler-common-8.7.2.jar (androidx.databinding:databinding-compiler-common:8.7.2) with InstrumentationAnalysisTransform
Transforming databinding-compiler-common-8.7.2.jar (androidx.databinding:databinding-compiler-common:8.7.2) with MergeInstrumentationAnalysisTransform
Transforming databinding-common-8.7.2.jar (androidx.databinding:databinding-common:8.7.2) with InstrumentationAnalysisTransform
Transforming databinding-common-8.7.2.jar (androidx.databinding:databinding-common:8.7.2) with MergeInstrumentationAnalysisTransform
Transforming baseLibrary-8.7.2.jar (com.android.databinding:baseLibrary:8.7.2) with InstrumentationAnalysisTransform
Transforming baseLibrary-8.7.2.jar (com.android.databinding:baseLibrary:8.7.2) with MergeInstrumentationAnalysisTransform
Transforming layoutlib-api-31.7.2.jar (com.android.tools.layoutlib:layoutlib-api:31.7.2) with InstrumentationAnalysisTransform
Transforming layoutlib-api-31.7.2.jar (com.android.tools.layoutlib:layoutlib-api:31.7.2) with MergeInstrumentationAnalysisTransform
Transforming android-device-provider-ddmlib-proto-31.7.2.jar (com.android.tools.utp:android-device-provider-ddmlib-proto:31.7.2) with InstrumentationAnalysisTransform
Transforming android-device-provider-ddmlib-proto-31.7.2.jar (com.android.tools.utp:android-device-provider-ddmlib-proto:31.7.2) with MergeInstrumentationAnalysisTransform
Transforming android-device-provider-gradle-proto-31.7.2.jar (com.android.tools.utp:android-device-provider-gradle-proto:31.7.2) with InstrumentationAnalysisTransform
Transforming android-device-provider-gradle-proto-31.7.2.jar (com.android.tools.utp:android-device-provider-gradle-proto:31.7.2) with MergeInstrumentationAnalysisTransform
Transforming android-device-provider-profile-proto-31.7.2.jar (com.android.tools.utp:android-device-provider-profile-proto:31.7.2) with InstrumentationAnalysisTransform
Transforming android-device-provider-profile-proto-31.7.2.jar (com.android.tools.utp:android-device-provider-profile-proto:31.7.2) with MergeInstrumentationAnalysisTransform
Transforming android-test-plugin-host-additional-test-output-proto-31.7.2.jar (com.android.tools.utp:android-test-plugin-host-additional-test-output-proto:31.7.2) with InstrumentationAnalysisTransform
Transforming builder-8.7.2.jar (com.android.tools.build:builder:8.7.2) with ExternalDependencyInstrumentingArtifactTransform
Transforming sdklib-31.7.2.jar (com.android.tools:sdklib:31.7.2) with ExternalDependencyInstrumentingArtifactTransform
Transforming android-test-plugin-host-additional-test-output-proto-31.7.2.jar (com.android.tools.utp:android-test-plugin-host-additional-test-output-proto:31.7.2) with MergeInstrumentationAnalysisTransform
Transforming lint-model-31.7.2.jar (com.android.tools.lint:lint-model:31.7.2) with ExternalDependencyInstrumentingArtifactTransform
Transforming android-test-plugin-host-coverage-proto-31.7.2.jar (com.android.tools.utp:android-test-plugin-host-coverage-proto:31.7.2) with InstrumentationAnalysisTransform
Transforming gradle-settings-api-8.7.2.jar (com.android.tools.build:gradle-settings-api:8.7.2) with ExternalDependencyInstrumentingArtifactTransform
Transforming android-test-plugin-host-coverage-proto-31.7.2.jar (com.android.tools.utp:android-test-plugin-host-coverage-proto:31.7.2) with MergeInstrumentationAnalysisTransform
Transforming gradle-api-8.7.2.jar (com.android.tools.build:gradle-api:8.7.2) with ExternalDependencyInstrumentingArtifactTransform
Transforming android-test-plugin-host-emulator-control-proto-31.7.2.jar (com.android.tools.utp:android-test-plugin-host-emulator-control-proto:31.7.2) with InstrumentationAnalysisTransform
Transforming builder-test-api-8.7.2.jar (com.android.tools.build:builder-test-api:8.7.2) with ExternalDependencyInstrumentingArtifactTransform
Transforming android-test-plugin-host-emulator-control-proto-31.7.2.jar (com.android.tools.utp:android-test-plugin-host-emulator-control-proto:31.7.2) with MergeInstrumentationAnalysisTransform
Transforming android-test-plugin-host-logcat-proto-31.7.2.jar (com.android.tools.utp:android-test-plugin-host-logcat-proto:31.7.2) with InstrumentationAnalysisTransform
Transforming repository-31.7.2.jar (com.android.tools:repository:31.7.2) with ExternalDependencyInstrumentingArtifactTransform
Transforming android-test-plugin-host-logcat-proto-31.7.2.jar (com.android.tools.utp:android-test-plugin-host-logcat-proto:31.7.2) with MergeInstrumentationAnalysisTransform
Transforming android-test-plugin-host-apk-installer-proto-31.7.2.jar (com.android.tools.utp:android-test-plugin-host-apk-installer-proto:31.7.2) with InstrumentationAnalysisTransform
Transforming android-test-plugin-host-apk-installer-proto-31.7.2.jar (com.android.tools.utp:android-test-plugin-host-apk-installer-proto:31.7.2) with MergeInstrumentationAnalysisTransform
Transforming android-test-plugin-host-retention-proto-31.7.2.jar (com.android.tools.utp:android-test-plugin-host-retention-proto:31.7.2) with InstrumentationAnalysisTransform
Transforming android-test-plugin-host-retention-proto-31.7.2.jar (com.android.tools.utp:android-test-plugin-host-retention-proto:31.7.2) with MergeInstrumentationAnalysisTransform
Transforming android-test-plugin-result-listener-gradle-proto-31.7.2.jar (com.android.tools.utp:android-test-plugin-result-listener-gradle-proto:31.7.2) with InstrumentationAnalysisTransform
Transforming android-test-plugin-result-listener-gradle-proto-31.7.2.jar (com.android.tools.utp:android-test-plugin-result-listener-gradle-proto:31.7.2) with MergeInstrumentationAnalysisTransform
Transforming builder-model-8.7.2.jar (com.android.tools.build:builder-model:8.7.2) with InstrumentationAnalysisTransform
Transforming builder-model-8.7.2.jar (com.android.tools.build:builder-model:8.7.2) with MergeInstrumentationAnalysisTransform
Transforming strict-version-matcher-plugin-1.2.4.jar (com.google.android.gms:strict-version-matcher-plugin:1.2.4) with InstrumentationAnalysisTransform
Transforming strict-version-matcher-plugin-1.2.4.jar (com.google.android.gms:strict-version-matcher-plugin:1.2.4) with MergeInstrumentationAnalysisTransform
Transforming dvlib-31.7.2.jar (com.android.tools:dvlib:31.7.2) with InstrumentationAnalysisTransform
Transforming dvlib-31.7.2.jar (com.android.tools:dvlib:31.7.2) with MergeInstrumentationAnalysisTransform
Transforming common-31.7.2.jar (com.android.tools:common:31.7.2) with InstrumentationAnalysisTransform
Transforming manifest-merger-31.7.2.jar (com.android.tools.build:manifest-merger:31.7.2) with ExternalDependencyInstrumentingArtifactTransform
Transforming common-31.7.2.jar (com.android.tools:common:31.7.2) with MergeInstrumentationAnalysisTransform
Transforming jetifier-processor-1.0.0-beta10.jar (com.android.tools.build.jetifier:jetifier-processor:1.0.0-beta10) with InstrumentationAnalysisTransform
Transforming jetifier-processor-1.0.0-beta10.jar (com.android.tools.build.jetifier:jetifier-processor:1.0.0-beta10) with MergeInstrumentationAnalysisTransform
Transforming jetifier-core-1.0.0-beta10.jar (com.android.tools.build.jetifier:jetifier-core:1.0.0-beta10) with InstrumentationAnalysisTransform
Transforming jetifier-core-1.0.0-beta10.jar (com.android.tools.build.jetifier:jetifier-core:1.0.0-beta10) with MergeInstrumentationAnalysisTransform
Transforming kotlin-reflect-1.9.20.jar (org.jetbrains.kotlin:kotlin-reflect:1.9.20) with InstrumentationAnalysisTransform
Transforming kotlin-reflect-1.9.20.jar (org.jetbrains.kotlin:kotlin-reflect:1.9.20) with MergeInstrumentationAnalysisTransform
Transforming kotlin-stdlib-jdk7-1.9.20.jar (org.jetbrains.kotlin:kotlin-stdlib-jdk7:1.9.20) with InstrumentationAnalysisTransform
Transforming kotlin-stdlib-jdk7-1.9.20.jar (org.jetbrains.kotlin:kotlin-stdlib-jdk7:1.9.20) with MergeInstrumentationAnalysisTransform
Transforming google-services-4.4.2.jar (com.google.gms:google-services:4.4.2) with ExternalDependencyInstrumentingArtifactTransform
Transforming kotlin-stdlib-1.9.20.jar (org.jetbrains.kotlin:kotlin-stdlib:1.9.20) with InstrumentationAnalysisTransform
Transforming kotlin-stdlib-1.9.20.jar (org.jetbrains.kotlin:kotlin-stdlib:1.9.20) with MergeInstrumentationAnalysisTransform
Transforming kotlin-stdlib-jdk8-1.9.20.jar (org.jetbrains.kotlin:kotlin-stdlib-jdk8:1.9.20) with InstrumentationAnalysisTransform
Transforming kotlin-stdlib-jdk8-1.9.20.jar (org.jetbrains.kotlin:kotlin-stdlib-jdk8:1.9.20) with MergeInstrumentationAnalysisTransform
Transforming transform-api-2.0.0-deprecated-use-gradle-api.jar (com.android.tools.build:transform-api:2.0.0-deprecated-use-gradle-api) with InstrumentationAnalysisTransform
Transforming transform-api-2.0.0-deprecated-use-gradle-api.jar (com.android.tools.build:transform-api:2.0.0-deprecated-use-gradle-api) with MergeInstrumentationAnalysisTransform
Transforming httpmime-4.5.6.jar (org.apache.httpcomponents:httpmime:4.5.6) with InstrumentationAnalysisTransform
Transforming httpmime-4.5.6.jar (org.apache.httpcomponents:httpmime:4.5.6) with MergeInstrumentationAnalysisTransform
Transforming commons-io-2.13.0.jar (commons-io:commons-io:2.13.0) with InstrumentationAnalysisTransform
Transforming commons-io-2.13.0.jar (commons-io:commons-io:2.13.0) with MergeInstrumentationAnalysisTransform
Transforming asm-commons-9.6.jar (org.ow2.asm:asm-commons:9.6) with InstrumentationAnalysisTransform
Transforming asm-commons-9.6.jar (org.ow2.asm:asm-commons:9.6) with MergeInstrumentationAnalysisTransform
Transforming asm-util-9.6.jar (org.ow2.asm:asm-util:9.6) with InstrumentationAnalysisTransform
Transforming gradle-8.7.2.jar (com.android.tools.build:gradle:8.7.2) with ExternalDependencyInstrumentingArtifactTransform
Transforming asm-util-9.6.jar (org.ow2.asm:asm-util:9.6) with MergeInstrumentationAnalysisTransform
Transforming asm-analysis-9.6.jar (org.ow2.asm:asm-analysis:9.6) with InstrumentationAnalysisTransform
Transforming sdk-common-31.7.2.jar (com.android.tools:sdk-common:31.7.2) with ExternalDependencyInstrumentingArtifactTransform
Transforming asm-analysis-9.6.jar (org.ow2.asm:asm-analysis:9.6) with MergeInstrumentationAnalysisTransform
Transforming asm-tree-9.6.jar (org.ow2.asm:asm-tree:9.6) with InstrumentationAnalysisTransform
Transforming asm-tree-9.6.jar (org.ow2.asm:asm-tree:9.6) with MergeInstrumentationAnalysisTransform
Transforming asm-9.6.jar (org.ow2.asm:asm:9.6) with InstrumentationAnalysisTransform
Transforming asm-9.6.jar (org.ow2.asm:asm:9.6) with MergeInstrumentationAnalysisTransform
Transforming apkzlib-8.7.2.jar (com.android.tools.build:apkzlib:8.7.2) with InstrumentationAnalysisTransform
Transforming apkzlib-8.7.2.jar (com.android.tools.build:apkzlib:8.7.2) with MergeInstrumentationAnalysisTransform
Transforming bcpkix-jdk18on-1.77.jar (org.bouncycastle:bcpkix-jdk18on:1.77) with InstrumentationAnalysisTransform
Transforming bcpkix-jdk18on-1.77.jar (org.bouncycastle:bcpkix-jdk18on:1.77) with MergeInstrumentationAnalysisTransform
Transforming jaxb-runtime-2.3.2.jar (org.glassfish.jaxb:jaxb-runtime:2.3.2) with InstrumentationAnalysisTransform
Transforming jaxb-runtime-2.3.2.jar (org.glassfish.jaxb:jaxb-runtime:2.3.2) with MergeInstrumentationAnalysisTransform
Transforming jopt-simple-4.9.jar (net.sf.jopt-simple:jopt-simple:4.9) with InstrumentationAnalysisTransform
Transforming jopt-simple-4.9.jar (net.sf.jopt-simple:jopt-simple:4.9) with MergeInstrumentationAnalysisTransform
Transforming javapoet-1.10.0.jar (com.squareup:javapoet:1.10.0) with InstrumentationAnalysisTransform
Transforming javapoet-1.10.0.jar (com.squareup:javapoet:1.10.0) with MergeInstrumentationAnalysisTransform
Transforming protobuf-java-util-3.22.3.jar (com.google.protobuf:protobuf-java-util:3.22.3) with InstrumentationAnalysisTransform
Transforming protobuf-java-util-3.22.3.jar (com.google.protobuf:protobuf-java-util:3.22.3) with MergeInstrumentationAnalysisTransform
Transforming grpc-protobuf-1.57.0.jar (io.grpc:grpc-protobuf:1.57.0) with InstrumentationAnalysisTransform
Transforming grpc-protobuf-1.57.0.jar (io.grpc:grpc-protobuf:1.57.0) with MergeInstrumentationAnalysisTransform
Transforming tink-1.7.0.jar (com.google.crypto.tink:tink:1.7.0) with InstrumentationAnalysisTransform
Transforming tink-1.7.0.jar (com.google.crypto.tink:tink:1.7.0) with MergeInstrumentationAnalysisTransform
Transforming protos-31.7.2.jar (com.android.tools.analytics-library:protos:31.7.2) with InstrumentationAnalysisTransform
Transforming protos-31.7.2.jar (com.android.tools.analytics-library:protos:31.7.2) with MergeInstrumentationAnalysisTransform
Transforming proto-google-common-protos-2.17.0.jar (com.google.api.grpc:proto-google-common-protos:2.17.0) with InstrumentationAnalysisTransform
Transforming proto-google-common-protos-2.17.0.jar (com.google.api.grpc:proto-google-common-protos:2.17.0) with MergeInstrumentationAnalysisTransform
Transforming protobuf-java-3.22.3.jar (com.google.protobuf:protobuf-java:3.22.3) with InstrumentationAnalysisTransform
Transforming protobuf-java-3.22.3.jar (com.google.protobuf:protobuf-java:3.22.3) with MergeInstrumentationAnalysisTransform
Transforming grpc-netty-1.57.0.jar (io.grpc:grpc-netty:1.57.0) with InstrumentationAnalysisTransform
Transforming grpc-netty-1.57.0.jar (io.grpc:grpc-netty:1.57.0) with MergeInstrumentationAnalysisTransform
Transforming grpc-core-1.57.0.jar (io.grpc:grpc-core:1.57.0) with InstrumentationAnalysisTransform
Transforming grpc-core-1.57.0.jar (io.grpc:grpc-core:1.57.0) with MergeInstrumentationAnalysisTransform
Transforming gson-2.10.1.jar (com.google.code.gson:gson:2.10.1) with InstrumentationAnalysisTransform
Transforming crash-31.7.2.jar (com.android.tools.analytics-library:crash:31.7.2) with ExternalDependencyInstrumentingArtifactTransform
Transforming aaptcompiler-8.7.2.jar (com.android.tools.build:aaptcompiler:8.7.2) with ExternalDependencyInstrumentingArtifactTransform
Transforming aapt2-proto-8.7.2-12006047.jar (com.android.tools.build:aapt2-proto:8.7.2-12006047) with ExternalDependencyInstrumentingArtifactTransform
Transforming gson-2.10.1.jar (com.google.code.gson:gson:2.10.1) with MergeInstrumentationAnalysisTransform
Transforming grpc-stub-1.57.0.jar (io.grpc:grpc-stub:1.57.0) with InstrumentationAnalysisTransform
Transforming grpc-stub-1.57.0.jar (io.grpc:grpc-stub:1.57.0) with MergeInstrumentationAnalysisTransform
Transforming bundletool-1.17.1.jar (com.android.tools.build:bundletool:1.17.1) with ExternalDependencyInstrumentingArtifactTransform
Transforming core-proto-0.0.9-alpha02.jar (com.google.testing.platform:core-proto:0.0.9-alpha02) with InstrumentationAnalysisTransform
Transforming core-proto-0.0.9-alpha02.jar (com.google.testing.platform:core-proto:0.0.9-alpha02) with MergeInstrumentationAnalysisTransform
Transforming tensorflow-lite-metadata-0.1.0-rc2.jar (org.tensorflow:tensorflow-lite-metadata:0.1.0-rc2) with InstrumentationAnalysisTransform
Transforming tensorflow-lite-metadata-0.1.0-rc2.jar (org.tensorflow:tensorflow-lite-metadata:0.1.0-rc2) with MergeInstrumentationAnalysisTransform
Transforming flatbuffers-java-1.12.0.jar (com.google.flatbuffers:flatbuffers-java:1.12.0) with InstrumentationAnalysisTransform
Transforming flatbuffers-java-1.12.0.jar (com.google.flatbuffers:flatbuffers-java:1.12.0) with MergeInstrumentationAnalysisTransform
Transforming jimfs-1.1.jar (com.google.jimfs:jimfs:1.1) with InstrumentationAnalysisTransform
Transforming jimfs-1.1.jar (com.google.jimfs:jimfs:1.1) with MergeInstrumentationAnalysisTransform
Transforming lint-typedef-remover-31.7.2.jar (com.android.tools.lint:lint-typedef-remover:31.7.2) with ExternalDependencyInstrumentingArtifactTransform
Transforming grpc-context-1.57.0.jar (io.grpc:grpc-context:1.57.0) with InstrumentationAnalysisTransform
Transforming grpc-context-1.57.0.jar (io.grpc:grpc-context:1.57.0) with MergeInstrumentationAnalysisTransform
Transforming grpc-protobuf-lite-1.57.0.jar (io.grpc:grpc-protobuf-lite:1.57.0) with InstrumentationAnalysisTransform
Transforming grpc-protobuf-lite-1.57.0.jar (io.grpc:grpc-protobuf-lite:1.57.0) with MergeInstrumentationAnalysisTransform
Transforming grpc-api-1.57.0.jar (io.grpc:grpc-api:1.57.0) with InstrumentationAnalysisTransform
Transforming grpc-api-1.57.0.jar (io.grpc:grpc-api:1.57.0) with MergeInstrumentationAnalysisTransform
Transforming guava-32.0.1-jre.jar (com.google.guava:guava:32.0.1-jre) with InstrumentationAnalysisTransform
Transforming guava-32.0.1-jre.jar (com.google.guava:guava:32.0.1-jre) with MergeInstrumentationAnalysisTransform
Transforming dagger-2.28.3.jar (com.google.dagger:dagger:2.28.3) with InstrumentationAnalysisTransform
Transforming dagger-2.28.3.jar (com.google.dagger:dagger:2.28.3) with MergeInstrumentationAnalysisTransform
Transforming tracker-31.7.2.jar (com.android.tools.analytics-library:tracker:31.7.2) with ExternalDependencyInstrumentingArtifactTransform
Transforming shared-31.7.2.jar (com.android.tools.analytics-library:shared:31.7.2) with ExternalDependencyInstrumentingArtifactTransform
Transforming ddmlib-31.7.2.jar (com.android.tools.ddms:ddmlib:31.7.2) with ExternalDependencyInstrumentingArtifactTransform
Transforming javax.inject-1.jar (javax.inject:javax.inject:1) with InstrumentationAnalysisTransform
Transforming javax.inject-1.jar (javax.inject:javax.inject:1) with MergeInstrumentationAnalysisTransform
Transforming kxml2-2.3.0.jar (net.sf.kxml:kxml2:2.3.0) with InstrumentationAnalysisTransform
Transforming kxml2-2.3.0.jar (net.sf.kxml:kxml2:2.3.0) with MergeInstrumentationAnalysisTransform
Transforming bcutil-jdk18on-1.77.jar (org.bouncycastle:bcutil-jdk18on:1.77) with InstrumentationAnalysisTransform
Transforming bcutil-jdk18on-1.77.jar (org.bouncycastle:bcutil-jdk18on:1.77) with MergeInstrumentationAnalysisTransform
Transforming bcprov-jdk18on-1.77.jar (org.bouncycastle:bcprov-jdk18on:1.77) with InstrumentationAnalysisTransform
Transforming bcprov-jdk18on-1.77.jar (org.bouncycastle:bcprov-jdk18on:1.77) with MergeInstrumentationAnalysisTransform
Transforming trove4j-1.0.20200330.jar (org.jetbrains.intellij.deps:trove4j:1.0.20200330) with InstrumentationAnalysisTransform
Transforming trove4j-1.0.20200330.jar (org.jetbrains.intellij.deps:trove4j:1.0.20200330) with MergeInstrumentationAnalysisTransform
Transforming commons-compress-1.21.jar (org.apache.commons:commons-compress:1.21) with InstrumentationAnalysisTransform
Transforming commons-compress-1.21.jar (org.apache.commons:commons-compress:1.21) with MergeInstrumentationAnalysisTransform
Transforming httpclient-4.5.14.jar (org.apache.httpcomponents:httpclient:4.5.14) with InstrumentationAnalysisTransform
Transforming httpclient-4.5.14.jar (org.apache.httpcomponents:httpclient:4.5.14) with MergeInstrumentationAnalysisTransform
Transforming httpcore-4.4.16.jar (org.apache.httpcomponents:httpcore:4.4.16) with InstrumentationAnalysisTransform
Transforming httpcore-4.4.16.jar (org.apache.httpcomponents:httpcore:4.4.16) with MergeInstrumentationAnalysisTransform
Transforming javax.activation-1.2.0.jar (com.sun.activation:javax.activation:1.2.0) with InstrumentationAnalysisTransform
Transforming javax.activation-1.2.0.jar (com.sun.activation:javax.activation:1.2.0) with MergeInstrumentationAnalysisTransform
Transforming annotations-23.0.0.jar (org.jetbrains:annotations:23.0.0) with InstrumentationAnalysisTransform
Transforming annotations-23.0.0.jar (org.jetbrains:annotations:23.0.0) with MergeInstrumentationAnalysisTransform
Transforming signflinger-8.7.2.jar (com.android:signflinger:8.7.2) with InstrumentationAnalysisTransform
Transforming signflinger-8.7.2.jar (com.android:signflinger:8.7.2) with MergeInstrumentationAnalysisTransform
Transforming zipflinger-8.7.2.jar (com.android:zipflinger:8.7.2) with InstrumentationAnalysisTransform
Transforming zipflinger-8.7.2.jar (com.android:zipflinger:8.7.2) with MergeInstrumentationAnalysisTransform
Transforming annotations-31.7.2.jar (com.android.tools:annotations:31.7.2) with InstrumentationAnalysisTransform
Transforming annotations-31.7.2.jar (com.android.tools:annotations:31.7.2) with MergeInstrumentationAnalysisTransform
Transforming jna-platform-5.6.0.jar (net.java.dev.jna:jna-platform:5.6.0) with InstrumentationAnalysisTransform
Transforming jna-platform-5.6.0.jar (net.java.dev.jna:jna-platform:5.6.0) with MergeInstrumentationAnalysisTransform
Transforming juniversalchardet-1.0.3.jar (com.googlecode.juniversalchardet:juniversalchardet:1.0.3) with InstrumentationAnalysisTransform
Transforming juniversalchardet-1.0.3.jar (com.googlecode.juniversalchardet:juniversalchardet:1.0.3) with MergeInstrumentationAnalysisTransform
Transforming javax.annotation-api-1.3.2.jar (javax.annotation:javax.annotation-api:1.3.2) with InstrumentationAnalysisTransform
Transforming javax.annotation-api-1.3.2.jar (javax.annotation:javax.annotation-api:1.3.2) with MergeInstrumentationAnalysisTransform
Transforming stax-ex-1.8.1.jar (org.jvnet.staxex:stax-ex:1.8.1) with InstrumentationAnalysisTransform
Transforming stax-ex-1.8.1.jar (org.jvnet.staxex:stax-ex:1.8.1) with MergeInstrumentationAnalysisTransform
Transforming jakarta.xml.bind-api-2.3.2.jar (jakarta.xml.bind:jakarta.xml.bind-api:2.3.2) with InstrumentationAnalysisTransform
Transforming jakarta.xml.bind-api-2.3.2.jar (jakarta.xml.bind:jakarta.xml.bind-api:2.3.2) with MergeInstrumentationAnalysisTransform
Transforming txw2-2.3.2.jar (org.glassfish.jaxb:txw2:2.3.2) with InstrumentationAnalysisTransform
Transforming txw2-2.3.2.jar (org.glassfish.jaxb:txw2:2.3.2) with MergeInstrumentationAnalysisTransform
Transforming istack-commons-runtime-3.0.8.jar (com.sun.istack:istack-commons-runtime:3.0.8) with InstrumentationAnalysisTransform
Transforming istack-commons-runtime-3.0.8.jar (com.sun.istack:istack-commons-runtime:3.0.8) with MergeInstrumentationAnalysisTransform
Transforming FastInfoset-1.2.16.jar (com.sun.xml.fastinfoset:FastInfoset:1.2.16) with InstrumentationAnalysisTransform
Transforming FastInfoset-1.2.16.jar (com.sun.xml.fastinfoset:FastInfoset:1.2.16) with MergeInstrumentationAnalysisTransform
Transforming jakarta.activation-api-1.2.1.jar (jakarta.activation:jakarta.activation-api:1.2.1) with InstrumentationAnalysisTransform
Transforming jakarta.activation-api-1.2.1.jar (jakarta.activation:jakarta.activation-api:1.2.1) with MergeInstrumentationAnalysisTransform
Transforming auto-value-annotations-1.6.2.jar (com.google.auto.value:auto-value-annotations:1.6.2) with InstrumentationAnalysisTransform
Transforming auto-value-annotations-1.6.2.jar (com.google.auto.value:auto-value-annotations:1.6.2) with MergeInstrumentationAnalysisTransform
Transforming error_prone_annotations-2.18.0.jar (com.google.errorprone:error_prone_annotations:2.18.0) with InstrumentationAnalysisTransform
Transforming error_prone_annotations-2.18.0.jar (com.google.errorprone:error_prone_annotations:2.18.0) with MergeInstrumentationAnalysisTransform
Transforming jose4j-0.9.5.jar (org.bitbucket.b_c:jose4j:0.9.5) with InstrumentationAnalysisTransform
Transforming jose4j-0.9.5.jar (org.bitbucket.b_c:jose4j:0.9.5) with MergeInstrumentationAnalysisTransform
Transforming slf4j-api-1.7.30.jar (org.slf4j:slf4j-api:1.7.30) with InstrumentationAnalysisTransform
Transforming slf4j-api-1.7.30.jar (org.slf4j:slf4j-api:1.7.30) with MergeInstrumentationAnalysisTransform
Transforming jdom2-2.0.6.jar (org.jdom:jdom2:2.0.6) with InstrumentationAnalysisTransform
Transforming jdom2-2.0.6.jar (org.jdom:jdom2:2.0.6) with MergeInstrumentationAnalysisTransform
Transforming jsr305-3.0.2.jar (com.google.code.findbugs:jsr305:3.0.2) with InstrumentationAnalysisTransform
Transforming jsr305-3.0.2.jar (com.google.code.findbugs:jsr305:3.0.2) with MergeInstrumentationAnalysisTransform
Transforming j2objc-annotations-2.8.jar (com.google.j2objc:j2objc-annotations:2.8) with InstrumentationAnalysisTransform
Transforming j2objc-annotations-2.8.jar (com.google.j2objc:j2objc-annotations:2.8) with MergeInstrumentationAnalysisTransform
Transforming layoutlib-api-31.7.2.jar (com.android.tools.layoutlib:layoutlib-api:31.7.2) with ExternalDependencyInstrumentingArtifactTransform
Transforming annotations-4.1.1.4.jar (com.google.android:annotations:4.1.1.4) with InstrumentationAnalysisTransform
Transforming android-device-provider-ddmlib-proto-31.7.2.jar (com.android.tools.utp:android-device-provider-ddmlib-proto:31.7.2) with ExternalDependencyInstrumentingArtifactTransform
Transforming annotations-4.1.1.4.jar (com.google.android:annotations:4.1.1.4) with MergeInstrumentationAnalysisTransform
Transforming animal-sniffer-annotations-1.23.jar (org.codehaus.mojo:animal-sniffer-annotations:1.23) with InstrumentationAnalysisTransform
Transforming animal-sniffer-annotations-1.23.jar (org.codehaus.mojo:animal-sniffer-annotations:1.23) with MergeInstrumentationAnalysisTransform
Transforming perfmark-api-0.26.0.jar (io.perfmark:perfmark-api:0.26.0) with InstrumentationAnalysisTransform
Transforming perfmark-api-0.26.0.jar (io.perfmark:perfmark-api:0.26.0) with MergeInstrumentationAnalysisTransform
Transforming netty-codec-http2-4.1.93.Final.jar (io.netty:netty-codec-http2:4.1.93.Final) with InstrumentationAnalysisTransform
Transforming netty-codec-http2-4.1.93.Final.jar (io.netty:netty-codec-http2:4.1.93.Final) with MergeInstrumentationAnalysisTransform
Transforming netty-handler-proxy-4.1.93.Final.jar (io.netty:netty-handler-proxy:4.1.93.Final) with InstrumentationAnalysisTransform
Transforming netty-handler-proxy-4.1.93.Final.jar (io.netty:netty-handler-proxy:4.1.93.Final) with MergeInstrumentationAnalysisTransform
Transforming netty-codec-http-4.1.93.Final.jar (io.netty:netty-codec-http:4.1.93.Final) with InstrumentationAnalysisTransform
Transforming android-device-provider-profile-proto-31.7.2.jar (com.android.tools.utp:android-device-provider-profile-proto:31.7.2) with ExternalDependencyInstrumentingArtifactTransform
Transforming netty-codec-http-4.1.93.Final.jar (io.netty:netty-codec-http:4.1.93.Final) with MergeInstrumentationAnalysisTransform
Transforming netty-handler-4.1.93.Final.jar (io.netty:netty-handler:4.1.93.Final) with InstrumentationAnalysisTransform
Transforming netty-handler-4.1.93.Final.jar (io.netty:netty-handler:4.1.93.Final) with MergeInstrumentationAnalysisTransform
Transforming netty-transport-native-unix-common-4.1.93.Final.jar (io.netty:netty-transport-native-unix-common:4.1.93.Final) with InstrumentationAnalysisTransform
Transforming netty-transport-native-unix-common-4.1.93.Final.jar (io.netty:netty-transport-native-unix-common:4.1.93.Final) with MergeInstrumentationAnalysisTransform
Transforming checker-qual-3.33.0.jar (org.checkerframework:checker-qual:3.33.0) with InstrumentationAnalysisTransform
Transforming checker-qual-3.33.0.jar (org.checkerframework:checker-qual:3.33.0) with MergeInstrumentationAnalysisTransform
Transforming android-test-plugin-host-coverage-proto-31.7.2.jar (com.android.tools.utp:android-test-plugin-host-coverage-proto:31.7.2) with ExternalDependencyInstrumentingArtifactTransform
Transforming commons-codec-1.11.jar (commons-codec:commons-codec:1.11) with InstrumentationAnalysisTransform
Transforming commons-codec-1.11.jar (commons-codec:commons-codec:1.11) with MergeInstrumentationAnalysisTransform
Transforming apksig-8.7.2.jar (com.android.tools.build:apksig:8.7.2) with InstrumentationAnalysisTransform
Transforming apksig-8.7.2.jar (com.android.tools.build:apksig:8.7.2) with MergeInstrumentationAnalysisTransform
Transforming android-test-plugin-host-logcat-proto-31.7.2.jar (com.android.tools.utp:android-test-plugin-host-logcat-proto:31.7.2) with ExternalDependencyInstrumentingArtifactTransform
Transforming databinding-compiler-common-8.7.2.jar (androidx.databinding:databinding-compiler-common:8.7.2) with ExternalDependencyInstrumentingArtifactTransform
Transforming android-test-plugin-host-emulator-control-proto-31.7.2.jar (com.android.tools.utp:android-test-plugin-host-emulator-control-proto:31.7.2) with ExternalDependencyInstrumentingArtifactTransform
Transforming javawriter-2.5.0.jar (com.squareup:javawriter:2.5.0) with InstrumentationAnalysisTransform
Transforming javawriter-2.5.0.jar (com.squareup:javawriter:2.5.0) with MergeInstrumentationAnalysisTransform
Transforming failureaccess-1.0.1.jar (com.google.guava:failureaccess:1.0.1) with InstrumentationAnalysisTransform
Transforming failureaccess-1.0.1.jar (com.google.guava:failureaccess:1.0.1) with MergeInstrumentationAnalysisTransform
Transforming listenablefuture-9999.0-empty-to-avoid-conflict-with-guava.jar (com.google.guava:listenablefuture:9999.0-empty-to-avoid-conflict-with-guava) with InstrumentationAnalysisTransform
Transforming listenablefuture-9999.0-empty-to-avoid-conflict-with-guava.jar (com.google.guava:listenablefuture:9999.0-empty-to-avoid-conflict-with-guava) with MergeInstrumentationAnalysisTransform
Transforming android-device-provider-gradle-proto-31.7.2.jar (com.android.tools.utp:android-device-provider-gradle-proto:31.7.2) with ExternalDependencyInstrumentingArtifactTransform
Transforming commons-logging-1.2.jar (commons-logging:commons-logging:1.2) with InstrumentationAnalysisTransform
Transforming commons-logging-1.2.jar (commons-logging:commons-logging:1.2) with MergeInstrumentationAnalysisTransform
Transforming jna-5.6.0.jar (net.java.dev.jna:jna:5.6.0) with InstrumentationAnalysisTransform
Transforming jna-5.6.0.jar (net.java.dev.jna:jna:5.6.0) with MergeInstrumentationAnalysisTransform
Transforming netty-codec-socks-4.1.93.Final.jar (io.netty:netty-codec-socks:4.1.93.Final) with InstrumentationAnalysisTransform
Transforming netty-codec-socks-4.1.93.Final.jar (io.netty:netty-codec-socks:4.1.93.Final) with MergeInstrumentationAnalysisTransform
Transforming netty-codec-4.1.93.Final.jar (io.netty:netty-codec:4.1.93.Final) with InstrumentationAnalysisTransform
Transforming netty-codec-4.1.93.Final.jar (io.netty:netty-codec:4.1.93.Final) with MergeInstrumentationAnalysisTransform
Transforming netty-transport-4.1.93.Final.jar (io.netty:netty-transport:4.1.93.Final) with InstrumentationAnalysisTransform
Transforming netty-transport-4.1.93.Final.jar (io.netty:netty-transport:4.1.93.Final) with MergeInstrumentationAnalysisTransform
Transforming netty-buffer-4.1.93.Final.jar (io.netty:netty-buffer:4.1.93.Final) with InstrumentationAnalysisTransform
Transforming netty-buffer-4.1.93.Final.jar (io.netty:netty-buffer:4.1.93.Final) with MergeInstrumentationAnalysisTransform
Transforming netty-resolver-4.1.93.Final.jar (io.netty:netty-resolver:4.1.93.Final) with InstrumentationAnalysisTransform
Transforming netty-resolver-4.1.93.Final.jar (io.netty:netty-resolver:4.1.93.Final) with MergeInstrumentationAnalysisTransform
Transforming netty-common-4.1.93.Final.jar (io.netty:netty-common:4.1.93.Final) with InstrumentationAnalysisTransform
Transforming android-test-plugin-host-additional-test-output-proto-31.7.2.jar (com.android.tools.utp:android-test-plugin-host-additional-test-output-proto:31.7.2) with ExternalDependencyInstrumentingArtifactTransform
Transforming baseLibrary-8.7.2.jar (com.android.databinding:baseLibrary:8.7.2) with ExternalDependencyInstrumentingArtifactTransform
Transforming netty-common-4.1.93.Final.jar (io.netty:netty-common:4.1.93.Final) with MergeInstrumentationAnalysisTransform
Transforming databinding-common-8.7.2.jar (androidx.databinding:databinding-common:8.7.2) with ExternalDependencyInstrumentingArtifactTransform
Transforming android-test-plugin-host-apk-installer-proto-31.7.2.jar (com.android.tools.utp:android-test-plugin-host-apk-installer-proto:31.7.2) with ExternalDependencyInstrumentingArtifactTransform
Transforming android-test-plugin-result-listener-gradle-proto-31.7.2.jar (com.android.tools.utp:android-test-plugin-result-listener-gradle-proto:31.7.2) with ExternalDependencyInstrumentingArtifactTransform
Transforming android-test-plugin-host-retention-proto-31.7.2.jar (com.android.tools.utp:android-test-plugin-host-retention-proto:31.7.2) with ExternalDependencyInstrumentingArtifactTransform
Transforming common-31.7.2.jar (com.android.tools:common:31.7.2) with ExternalDependencyInstrumentingArtifactTransform
Transforming dvlib-31.7.2.jar (com.android.tools:dvlib:31.7.2) with ExternalDependencyInstrumentingArtifactTransform
Transforming jetifier-core-1.0.0-beta10.jar (com.android.tools.build.jetifier:jetifier-core:1.0.0-beta10) with ExternalDependencyInstrumentingArtifactTransform
Transforming builder-model-8.7.2.jar (com.android.tools.build:builder-model:8.7.2) with ExternalDependencyInstrumentingArtifactTransform
Transforming strict-version-matcher-plugin-1.2.4.jar (com.google.android.gms:strict-version-matcher-plugin:1.2.4) with ExternalDependencyInstrumentingArtifactTransform
Transforming jetifier-processor-1.0.0-beta10.jar (com.android.tools.build.jetifier:jetifier-processor:1.0.0-beta10) with ExternalDependencyInstrumentingArtifactTransform
Transforming kotlin-stdlib-1.9.20.jar (org.jetbrains.kotlin:kotlin-stdlib:1.9.20) with ExternalDependencyInstrumentingArtifactTransform
Transforming transform-api-2.0.0-deprecated-use-gradle-api.jar (com.android.tools.build:transform-api:2.0.0-deprecated-use-gradle-api) with ExternalDependencyInstrumentingArtifactTransform
Transforming kotlin-stdlib-jdk7-1.9.20.jar (org.jetbrains.kotlin:kotlin-stdlib-jdk7:1.9.20) with ExternalDependencyInstrumentingArtifactTransform
Transforming kotlin-reflect-1.9.20.jar (org.jetbrains.kotlin:kotlin-reflect:1.9.20) with ExternalDependencyInstrumentingArtifactTransform
Transforming commons-io-2.13.0.jar (commons-io:commons-io:2.13.0) with ExternalDependencyInstrumentingArtifactTransform
Transforming kotlin-stdlib-jdk8-1.9.20.jar (org.jetbrains.kotlin:kotlin-stdlib-jdk8:1.9.20) with ExternalDependencyInstrumentingArtifactTransform
Transforming httpmime-4.5.6.jar (org.apache.httpcomponents:httpmime:4.5.6) with ExternalDependencyInstrumentingArtifactTransform
Transforming asm-commons-9.6.jar (org.ow2.asm:asm-commons:9.6) with ExternalDependencyInstrumentingArtifactTransform
Transforming asm-analysis-9.6.jar (org.ow2.asm:asm-analysis:9.6) with ExternalDependencyInstrumentingArtifactTransform
Transforming asm-util-9.6.jar (org.ow2.asm:asm-util:9.6) with ExternalDependencyInstrumentingArtifactTransform
Transforming asm-tree-9.6.jar (org.ow2.asm:asm-tree:9.6) with ExternalDependencyInstrumentingArtifactTransform
Transforming asm-9.6.jar (org.ow2.asm:asm:9.6) with ExternalDependencyInstrumentingArtifactTransform
Transforming apkzlib-8.7.2.jar (com.android.tools.build:apkzlib:8.7.2) with ExternalDependencyInstrumentingArtifactTransform
Transforming bcpkix-jdk18on-1.77.jar (org.bouncycastle:bcpkix-jdk18on:1.77) with ExternalDependencyInstrumentingArtifactTransform
Transforming protos-31.7.2.jar (com.android.tools.analytics-library:protos:31.7.2) with ExternalDependencyInstrumentingArtifactTransform
Transforming tink-1.7.0.jar (com.google.crypto.tink:tink:1.7.0) with ExternalDependencyInstrumentingArtifactTransform
Transforming javapoet-1.10.0.jar (com.squareup:javapoet:1.10.0) with ExternalDependencyInstrumentingArtifactTransform
Transforming protobuf-java-util-3.22.3.jar (com.google.protobuf:protobuf-java-util:3.22.3) with ExternalDependencyInstrumentingArtifactTransform
Transforming grpc-protobuf-1.57.0.jar (io.grpc:grpc-protobuf:1.57.0) with ExternalDependencyInstrumentingArtifactTransform
Transforming jopt-simple-4.9.jar (net.sf.jopt-simple:jopt-simple:4.9) with ExternalDependencyInstrumentingArtifactTransform
Transforming jaxb-runtime-2.3.2.jar (org.glassfish.jaxb:jaxb-runtime:2.3.2) with ExternalDependencyInstrumentingArtifactTransform
Transforming protobuf-java-3.22.3.jar (com.google.protobuf:protobuf-java:3.22.3) with ExternalDependencyInstrumentingArtifactTransform
Transforming grpc-netty-1.57.0.jar (io.grpc:grpc-netty:1.57.0) with ExternalDependencyInstrumentingArtifactTransform
Transforming proto-google-common-protos-2.17.0.jar (com.google.api.grpc:proto-google-common-protos:2.17.0) with ExternalDependencyInstrumentingArtifactTransform
Transforming grpc-core-1.57.0.jar (io.grpc:grpc-core:1.57.0) with ExternalDependencyInstrumentingArtifactTransform
Transforming gson-2.10.1.jar (com.google.code.gson:gson:2.10.1) with ExternalDependencyInstrumentingArtifactTransform
Transforming flatbuffers-java-1.12.0.jar (com.google.flatbuffers:flatbuffers-java:1.12.0) with ExternalDependencyInstrumentingArtifactTransform
Transforming grpc-stub-1.57.0.jar (io.grpc:grpc-stub:1.57.0) with ExternalDependencyInstrumentingArtifactTransform
Transforming tensorflow-lite-metadata-0.1.0-rc2.jar (org.tensorflow:tensorflow-lite-metadata:0.1.0-rc2) with ExternalDependencyInstrumentingArtifactTransform
Transforming core-proto-0.0.9-alpha02.jar (com.google.testing.platform:core-proto:0.0.9-alpha02) with ExternalDependencyInstrumentingArtifactTransform
Transforming grpc-context-1.57.0.jar (io.grpc:grpc-context:1.57.0) with ExternalDependencyInstrumentingArtifactTransform
Transforming grpc-protobuf-lite-1.57.0.jar (io.grpc:grpc-protobuf-lite:1.57.0) with ExternalDependencyInstrumentingArtifactTransform
Transforming dagger-2.28.3.jar (com.google.dagger:dagger:2.28.3) with ExternalDependencyInstrumentingArtifactTransform
Transforming jimfs-1.1.jar (com.google.jimfs:jimfs:1.1) with ExternalDependencyInstrumentingArtifactTransform
Transforming guava-32.0.1-jre.jar (com.google.guava:guava:32.0.1-jre) with ExternalDependencyInstrumentingArtifactTransform
Transforming javax.inject-1.jar (javax.inject:javax.inject:1) with ExternalDependencyInstrumentingArtifactTransform
Transforming kxml2-2.3.0.jar (net.sf.kxml:kxml2:2.3.0) with ExternalDependencyInstrumentingArtifactTransform
Transforming grpc-api-1.57.0.jar (io.grpc:grpc-api:1.57.0) with ExternalDependencyInstrumentingArtifactTransform
Transforming bcutil-jdk18on-1.77.jar (org.bouncycastle:bcutil-jdk18on:1.77) with ExternalDependencyInstrumentingArtifactTransform
Transforming bcprov-jdk18on-1.77.jar (org.bouncycastle:bcprov-jdk18on:1.77) with ExternalDependencyInstrumentingArtifactTransform
Transforming commons-compress-1.21.jar (org.apache.commons:commons-compress:1.21) with ExternalDependencyInstrumentingArtifactTransform
Transforming httpclient-4.5.14.jar (org.apache.httpcomponents:httpclient:4.5.14) with ExternalDependencyInstrumentingArtifactTransform
Transforming httpcore-4.4.16.jar (org.apache.httpcomponents:httpcore:4.4.16) with ExternalDependencyInstrumentingArtifactTransform
Transforming trove4j-1.0.20200330.jar (org.jetbrains.intellij.deps:trove4j:1.0.20200330) with ExternalDependencyInstrumentingArtifactTransform
Transforming javax.activation-1.2.0.jar (com.sun.activation:javax.activation:1.2.0) with ExternalDependencyInstrumentingArtifactTransform
Transforming annotations-23.0.0.jar (org.jetbrains:annotations:23.0.0) with ExternalDependencyInstrumentingArtifactTransform
Transforming signflinger-8.7.2.jar (com.android:signflinger:8.7.2) with ExternalDependencyInstrumentingArtifactTransform
Transforming jna-platform-5.6.0.jar (net.java.dev.jna:jna-platform:5.6.0) with ExternalDependencyInstrumentingArtifactTransform
Transforming zipflinger-8.7.2.jar (com.android:zipflinger:8.7.2) with ExternalDependencyInstrumentingArtifactTransform
Transforming annotations-31.7.2.jar (com.android.tools:annotations:31.7.2) with ExternalDependencyInstrumentingArtifactTransform
Transforming javax.annotation-api-1.3.2.jar (javax.annotation:javax.annotation-api:1.3.2) with ExternalDependencyInstrumentingArtifactTransform
Transforming jakarta.xml.bind-api-2.3.2.jar (jakarta.xml.bind:jakarta.xml.bind-api:2.3.2) with ExternalDependencyInstrumentingArtifactTransform
Transforming stax-ex-1.8.1.jar (org.jvnet.staxex:stax-ex:1.8.1) with ExternalDependencyInstrumentingArtifactTransform
Transforming juniversalchardet-1.0.3.jar (com.googlecode.juniversalchardet:juniversalchardet:1.0.3) with ExternalDependencyInstrumentingArtifactTransform
Transforming istack-commons-runtime-3.0.8.jar (com.sun.istack:istack-commons-runtime:3.0.8) with ExternalDependencyInstrumentingArtifactTransform
Transforming txw2-2.3.2.jar (org.glassfish.jaxb:txw2:2.3.2) with ExternalDependencyInstrumentingArtifactTransform
Transforming FastInfoset-1.2.16.jar (com.sun.xml.fastinfoset:FastInfoset:1.2.16) with ExternalDependencyInstrumentingArtifactTransform
Transforming jakarta.activation-api-1.2.1.jar (jakarta.activation:jakarta.activation-api:1.2.1) with ExternalDependencyInstrumentingArtifactTransform
Transforming auto-value-annotations-1.6.2.jar (com.google.auto.value:auto-value-annotations:1.6.2) with ExternalDependencyInstrumentingArtifactTransform
Transforming error_prone_annotations-2.18.0.jar (com.google.errorprone:error_prone_annotations:2.18.0) with ExternalDependencyInstrumentingArtifactTransform
Transforming jose4j-0.9.5.jar (org.bitbucket.b_c:jose4j:0.9.5) with ExternalDependencyInstrumentingArtifactTransform
Transforming jdom2-2.0.6.jar (org.jdom:jdom2:2.0.6) with ExternalDependencyInstrumentingArtifactTransform
Transforming jsr305-3.0.2.jar (com.google.code.findbugs:jsr305:3.0.2) with ExternalDependencyInstrumentingArtifactTransform
Transforming annotations-4.1.1.4.jar (com.google.android:annotations:4.1.1.4) with ExternalDependencyInstrumentingArtifactTransform
Transforming slf4j-api-1.7.30.jar (org.slf4j:slf4j-api:1.7.30) with ExternalDependencyInstrumentingArtifactTransform
Transforming j2objc-annotations-2.8.jar (com.google.j2objc:j2objc-annotations:2.8) with ExternalDependencyInstrumentingArtifactTransform
Transforming perfmark-api-0.26.0.jar (io.perfmark:perfmark-api:0.26.0) with ExternalDependencyInstrumentingArtifactTransform
Transforming animal-sniffer-annotations-1.23.jar (org.codehaus.mojo:animal-sniffer-annotations:1.23) with ExternalDependencyInstrumentingArtifactTransform
Transforming netty-codec-http2-4.1.93.Final.jar (io.netty:netty-codec-http2:4.1.93.Final) with ExternalDependencyInstrumentingArtifactTransform
Transforming netty-handler-proxy-4.1.93.Final.jar (io.netty:netty-handler-proxy:4.1.93.Final) with ExternalDependencyInstrumentingArtifactTransform
Transforming netty-codec-http-4.1.93.Final.jar (io.netty:netty-codec-http:4.1.93.Final) with ExternalDependencyInstrumentingArtifactTransform
Transforming netty-transport-native-unix-common-4.1.93.Final.jar (io.netty:netty-transport-native-unix-common:4.1.93.Final) with ExternalDependencyInstrumentingArtifactTransform
Transforming checker-qual-3.33.0.jar (org.checkerframework:checker-qual:3.33.0) with ExternalDependencyInstrumentingArtifactTransform
Transforming netty-handler-4.1.93.Final.jar (io.netty:netty-handler:4.1.93.Final) with ExternalDependencyInstrumentingArtifactTransform
Transforming commons-codec-1.11.jar (commons-codec:commons-codec:1.11) with ExternalDependencyInstrumentingArtifactTransform
Transforming javawriter-2.5.0.jar (com.squareup:javawriter:2.5.0) with ExternalDependencyInstrumentingArtifactTransform
Transforming apksig-8.7.2.jar (com.android.tools.build:apksig:8.7.2) with ExternalDependencyInstrumentingArtifactTransform
Transforming failureaccess-1.0.1.jar (com.google.guava:failureaccess:1.0.1) with ExternalDependencyInstrumentingArtifactTransform
Transforming commons-logging-1.2.jar (commons-logging:commons-logging:1.2) with ExternalDependencyInstrumentingArtifactTransform
Transforming listenablefuture-9999.0-empty-to-avoid-conflict-with-guava.jar (com.google.guava:listenablefuture:9999.0-empty-to-avoid-conflict-with-guava) with ExternalDependencyInstrumentingArtifactTransform
Transforming netty-resolver-4.1.93.Final.jar (io.netty:netty-resolver:4.1.93.Final) with ExternalDependencyInstrumentingArtifactTransform
Transforming jna-5.6.0.jar (net.java.dev.jna:jna:5.6.0) with ExternalDependencyInstrumentingArtifactTransform
Transforming netty-codec-socks-4.1.93.Final.jar (io.netty:netty-codec-socks:4.1.93.Final) with ExternalDependencyInstrumentingArtifactTransform
Transforming netty-codec-4.1.93.Final.jar (io.netty:netty-codec:4.1.93.Final) with ExternalDependencyInstrumentingArtifactTransform
Transforming netty-transport-4.1.93.Final.jar (io.netty:netty-transport:4.1.93.Final) with ExternalDependencyInstrumentingArtifactTransform
Transforming netty-buffer-4.1.93.Final.jar (io.netty:netty-buffer:4.1.93.Final) with ExternalDependencyInstrumentingArtifactTransform
Transforming netty-common-4.1.93.Final.jar (io.netty:netty-common:4.1.93.Final) with ExternalDependencyInstrumentingArtifactTransform

> Configure project :app
Evaluating project ':app' using build file 'C:\Users\tienv\OneDrive\Desktop\MAIMAI_ANDROID\android\app\build.gradle'.
Using default execution profile
google-services.json not found, google-services plugin not applied. Push Notifications won't work
WARNING: Using flatDir should be avoided because it doesn't support any meta-data formats.

> Configure project :capacitor-android
Evaluating project ':capacitor-android' using build file 'C:\Users\tienv\OneDrive\Desktop\MAIMAI_ANDROID\node_modules\@capacitor\android\capacitor\build.gradle'.
Transforming gradle-8.7.2.jar (com.android.tools.build:gradle:8.7.2) with InstrumentationAnalysisTransform
Transforming gradle-settings-api-8.7.2.jar (com.android.tools.build:gradle-settings-api:8.7.2) with InstrumentationAnalysisTransform
Transforming lint-model-31.7.2.jar (com.android.tools.lint:lint-model:31.7.2) with InstrumentationAnalysisTransform
Transforming builder-8.7.2.jar (com.android.tools.build:builder:8.7.2) with InstrumentationAnalysisTransform
Transforming manifest-merger-31.7.2.jar (com.android.tools.build:manifest-merger:31.7.2) with InstrumentationAnalysisTransform
Transforming sdk-common-31.7.2.jar (com.android.tools:sdk-common:31.7.2) with InstrumentationAnalysisTransform
Transforming sdklib-31.7.2.jar (com.android.tools:sdklib:31.7.2) with InstrumentationAnalysisTransform
Transforming repository-31.7.2.jar (com.android.tools:repository:31.7.2) with InstrumentationAnalysisTransform
Transforming gradle-api-8.7.2.jar (com.android.tools.build:gradle-api:8.7.2) with InstrumentationAnalysisTransform
Transforming builder-test-api-8.7.2.jar (com.android.tools.build:builder-test-api:8.7.2) with InstrumentationAnalysisTransform
Transforming ddmlib-31.7.2.jar (com.android.tools.ddms:ddmlib:31.7.2) with InstrumentationAnalysisTransform
Transforming aaptcompiler-8.7.2.jar (com.android.tools.build:aaptcompiler:8.7.2) with InstrumentationAnalysisTransform
Transforming bundletool-1.17.1.jar (com.android.tools.build:bundletool:1.17.1) with InstrumentationAnalysisTransform
Transforming aapt2-proto-8.7.2-12006047.jar (com.android.tools.build:aapt2-proto:8.7.2-12006047) with InstrumentationAnalysisTransform
Transforming crash-31.7.2.jar (com.android.tools.analytics-library:crash:31.7.2) with InstrumentationAnalysisTransform
Transforming tracker-31.7.2.jar (com.android.tools.analytics-library:tracker:31.7.2) with InstrumentationAnalysisTransform
Transforming shared-31.7.2.jar (com.android.tools.analytics-library:shared:31.7.2) with InstrumentationAnalysisTransform
Transforming lint-typedef-remover-31.7.2.jar (com.android.tools.lint:lint-typedef-remover:31.7.2) with InstrumentationAnalysisTransform
Transforming databinding-compiler-common-8.7.2.jar (androidx.databinding:databinding-compiler-common:8.7.2) with InstrumentationAnalysisTransform
Transforming databinding-common-8.7.2.jar (androidx.databinding:databinding-common:8.7.2) with InstrumentationAnalysisTransform
Transforming baseLibrary-8.7.2.jar (com.android.databinding:baseLibrary:8.7.2) with InstrumentationAnalysisTransform
Transforming layoutlib-api-31.7.2.jar (com.android.tools.layoutlib:layoutlib-api:31.7.2) with InstrumentationAnalysisTransform
Transforming android-device-provider-ddmlib-proto-31.7.2.jar (com.android.tools.utp:android-device-provider-ddmlib-proto:31.7.2) with InstrumentationAnalysisTransform
Transforming android-device-provider-gradle-proto-31.7.2.jar (com.android.tools.utp:android-device-provider-gradle-proto:31.7.2) with InstrumentationAnalysisTransform
Transforming android-device-provider-profile-proto-31.7.2.jar (com.android.tools.utp:android-device-provider-profile-proto:31.7.2) with InstrumentationAnalysisTransform
Transforming android-test-plugin-host-additional-test-output-proto-31.7.2.jar (com.android.tools.utp:android-test-plugin-host-additional-test-output-proto:31.7.2) with InstrumentationAnalysisTransform
Transforming android-test-plugin-host-coverage-proto-31.7.2.jar (com.android.tools.utp:android-test-plugin-host-coverage-proto:31.7.2) with InstrumentationAnalysisTransform
Transforming android-test-plugin-host-emulator-control-proto-31.7.2.jar (com.android.tools.utp:android-test-plugin-host-emulator-control-proto:31.7.2) with InstrumentationAnalysisTransform
Transforming android-test-plugin-host-logcat-proto-31.7.2.jar (com.android.tools.utp:android-test-plugin-host-logcat-proto:31.7.2) with InstrumentationAnalysisTransform
Transforming android-test-plugin-host-apk-installer-proto-31.7.2.jar (com.android.tools.utp:android-test-plugin-host-apk-installer-proto:31.7.2) with InstrumentationAnalysisTransform
Transforming android-test-plugin-host-retention-proto-31.7.2.jar (com.android.tools.utp:android-test-plugin-host-retention-proto:31.7.2) with InstrumentationAnalysisTransform
Transforming android-test-plugin-result-listener-gradle-proto-31.7.2.jar (com.android.tools.utp:android-test-plugin-result-listener-gradle-proto:31.7.2) with InstrumentationAnalysisTransform
Transforming builder-model-8.7.2.jar (com.android.tools.build:builder-model:8.7.2) with InstrumentationAnalysisTransform
Transforming dvlib-31.7.2.jar (com.android.tools:dvlib:31.7.2) with InstrumentationAnalysisTransform
Transforming common-31.7.2.jar (com.android.tools:common:31.7.2) with InstrumentationAnalysisTransform
Transforming jetifier-processor-1.0.0-beta10.jar (com.android.tools.build.jetifier:jetifier-processor:1.0.0-beta10) with InstrumentationAnalysisTransform
Transforming jetifier-core-1.0.0-beta10.jar (com.android.tools.build.jetifier:jetifier-core:1.0.0-beta10) with InstrumentationAnalysisTransform
Transforming kotlin-reflect-1.9.20.jar (org.jetbrains.kotlin:kotlin-reflect:1.9.20) with InstrumentationAnalysisTransform
Transforming kotlin-stdlib-jdk7-1.9.20.jar (org.jetbrains.kotlin:kotlin-stdlib-jdk7:1.9.20) with InstrumentationAnalysisTransform
Transforming kotlin-stdlib-1.9.20.jar (org.jetbrains.kotlin:kotlin-stdlib:1.9.20) with InstrumentationAnalysisTransform
Transforming kotlin-stdlib-jdk8-1.9.20.jar (org.jetbrains.kotlin:kotlin-stdlib-jdk8:1.9.20) with InstrumentationAnalysisTransform
Transforming transform-api-2.0.0-deprecated-use-gradle-api.jar (com.android.tools.build:transform-api:2.0.0-deprecated-use-gradle-api) with InstrumentationAnalysisTransform
Transforming httpmime-4.5.6.jar (org.apache.httpcomponents:httpmime:4.5.6) with InstrumentationAnalysisTransform
Transforming commons-io-2.13.0.jar (commons-io:commons-io:2.13.0) with InstrumentationAnalysisTransform
Transforming asm-commons-9.6.jar (org.ow2.asm:asm-commons:9.6) with InstrumentationAnalysisTransform
Transforming asm-util-9.6.jar (org.ow2.asm:asm-util:9.6) with InstrumentationAnalysisTransform
Transforming asm-analysis-9.6.jar (org.ow2.asm:asm-analysis:9.6) with InstrumentationAnalysisTransform
Transforming asm-tree-9.6.jar (org.ow2.asm:asm-tree:9.6) with InstrumentationAnalysisTransform
Transforming asm-9.6.jar (org.ow2.asm:asm:9.6) with InstrumentationAnalysisTransform
Transforming apkzlib-8.7.2.jar (com.android.tools.build:apkzlib:8.7.2) with InstrumentationAnalysisTransform
Transforming bcpkix-jdk18on-1.77.jar (org.bouncycastle:bcpkix-jdk18on:1.77) with InstrumentationAnalysisTransform
Transforming jaxb-runtime-2.3.2.jar (org.glassfish.jaxb:jaxb-runtime:2.3.2) with InstrumentationAnalysisTransform
Transforming jopt-simple-4.9.jar (net.sf.jopt-simple:jopt-simple:4.9) with InstrumentationAnalysisTransform
Transforming javapoet-1.10.0.jar (com.squareup:javapoet:1.10.0) with InstrumentationAnalysisTransform
Transforming protobuf-java-util-3.22.3.jar (com.google.protobuf:protobuf-java-util:3.22.3) with InstrumentationAnalysisTransform
Transforming grpc-protobuf-1.57.0.jar (io.grpc:grpc-protobuf:1.57.0) with InstrumentationAnalysisTransform
Transforming tink-1.7.0.jar (com.google.crypto.tink:tink:1.7.0) with InstrumentationAnalysisTransform
Transforming protos-31.7.2.jar (com.android.tools.analytics-library:protos:31.7.2) with InstrumentationAnalysisTransform
Transforming proto-google-common-protos-2.17.0.jar (com.google.api.grpc:proto-google-common-protos:2.17.0) with InstrumentationAnalysisTransform
Transforming protobuf-java-3.22.3.jar (com.google.protobuf:protobuf-java:3.22.3) with InstrumentationAnalysisTransform
Transforming grpc-netty-1.57.0.jar (io.grpc:grpc-netty:1.57.0) with InstrumentationAnalysisTransform
Transforming grpc-core-1.57.0.jar (io.grpc:grpc-core:1.57.0) with InstrumentationAnalysisTransform
Transforming gson-2.10.1.jar (com.google.code.gson:gson:2.10.1) with InstrumentationAnalysisTransform
Transforming grpc-stub-1.57.0.jar (io.grpc:grpc-stub:1.57.0) with InstrumentationAnalysisTransform
Transforming core-proto-0.0.9-alpha02.jar (com.google.testing.platform:core-proto:0.0.9-alpha02) with InstrumentationAnalysisTransform
Transforming tensorflow-lite-metadata-0.1.0-rc2.jar (org.tensorflow:tensorflow-lite-metadata:0.1.0-rc2) with InstrumentationAnalysisTransform
Transforming flatbuffers-java-1.12.0.jar (com.google.flatbuffers:flatbuffers-java:1.12.0) with InstrumentationAnalysisTransform
Transforming jimfs-1.1.jar (com.google.jimfs:jimfs:1.1) with InstrumentationAnalysisTransform
Transforming grpc-context-1.57.0.jar (io.grpc:grpc-context:1.57.0) with InstrumentationAnalysisTransform
Transforming grpc-protobuf-lite-1.57.0.jar (io.grpc:grpc-protobuf-lite:1.57.0) with InstrumentationAnalysisTransform
Transforming grpc-api-1.57.0.jar (io.grpc:grpc-api:1.57.0) with InstrumentationAnalysisTransform
Transforming guava-32.0.1-jre.jar (com.google.guava:guava:32.0.1-jre) with InstrumentationAnalysisTransform
Transforming dagger-2.28.3.jar (com.google.dagger:dagger:2.28.3) with InstrumentationAnalysisTransform
Transforming javax.inject-1.jar (javax.inject:javax.inject:1) with InstrumentationAnalysisTransform
Transforming kxml2-2.3.0.jar (net.sf.kxml:kxml2:2.3.0) with InstrumentationAnalysisTransform
Transforming bcutil-jdk18on-1.77.jar (org.bouncycastle:bcutil-jdk18on:1.77) with InstrumentationAnalysisTransform
Transforming bcprov-jdk18on-1.77.jar (org.bouncycastle:bcprov-jdk18on:1.77) with InstrumentationAnalysisTransform
Transforming trove4j-1.0.20200330.jar (org.jetbrains.intellij.deps:trove4j:1.0.20200330) with InstrumentationAnalysisTransform
Transforming commons-compress-1.21.jar (org.apache.commons:commons-compress:1.21) with InstrumentationAnalysisTransform
Transforming httpclient-4.5.14.jar (org.apache.httpcomponents:httpclient:4.5.14) with InstrumentationAnalysisTransform
Transforming httpcore-4.4.16.jar (org.apache.httpcomponents:httpcore:4.4.16) with InstrumentationAnalysisTransform
Transforming javax.activation-1.2.0.jar (com.sun.activation:javax.activation:1.2.0) with InstrumentationAnalysisTransform
Transforming annotations-23.0.0.jar (org.jetbrains:annotations:23.0.0) with InstrumentationAnalysisTransform
Transforming signflinger-8.7.2.jar (com.android:signflinger:8.7.2) with InstrumentationAnalysisTransform
Transforming zipflinger-8.7.2.jar (com.android:zipflinger:8.7.2) with InstrumentationAnalysisTransform
Transforming annotations-31.7.2.jar (com.android.tools:annotations:31.7.2) with InstrumentationAnalysisTransform
Transforming jna-platform-5.6.0.jar (net.java.dev.jna:jna-platform:5.6.0) with InstrumentationAnalysisTransform
Transforming juniversalchardet-1.0.3.jar (com.googlecode.juniversalchardet:juniversalchardet:1.0.3) with InstrumentationAnalysisTransform
Transforming javax.annotation-api-1.3.2.jar (javax.annotation:javax.annotation-api:1.3.2) with InstrumentationAnalysisTransform
Transforming stax-ex-1.8.1.jar (org.jvnet.staxex:stax-ex:1.8.1) with InstrumentationAnalysisTransform
Transforming jakarta.xml.bind-api-2.3.2.jar (jakarta.xml.bind:jakarta.xml.bind-api:2.3.2) with InstrumentationAnalysisTransform
Transforming txw2-2.3.2.jar (org.glassfish.jaxb:txw2:2.3.2) with InstrumentationAnalysisTransform
Transforming istack-commons-runtime-3.0.8.jar (com.sun.istack:istack-commons-runtime:3.0.8) with InstrumentationAnalysisTransform
Transforming FastInfoset-1.2.16.jar (com.sun.xml.fastinfoset:FastInfoset:1.2.16) with InstrumentationAnalysisTransform
Transforming jakarta.activation-api-1.2.1.jar (jakarta.activation:jakarta.activation-api:1.2.1) with InstrumentationAnalysisTransform
Transforming auto-value-annotations-1.6.2.jar (com.google.auto.value:auto-value-annotations:1.6.2) with InstrumentationAnalysisTransform
Transforming error_prone_annotations-2.18.0.jar (com.google.errorprone:error_prone_annotations:2.18.0) with InstrumentationAnalysisTransform
Transforming jose4j-0.9.5.jar (org.bitbucket.b_c:jose4j:0.9.5) with InstrumentationAnalysisTransform
Transforming slf4j-api-1.7.30.jar (org.slf4j:slf4j-api:1.7.30) with InstrumentationAnalysisTransform
Transforming jdom2-2.0.6.jar (org.jdom:jdom2:2.0.6) with InstrumentationAnalysisTransform
Transforming jsr305-3.0.2.jar (com.google.code.findbugs:jsr305:3.0.2) with InstrumentationAnalysisTransform
Transforming j2objc-annotations-2.8.jar (com.google.j2objc:j2objc-annotations:2.8) with InstrumentationAnalysisTransform
Transforming annotations-4.1.1.4.jar (com.google.android:annotations:4.1.1.4) with InstrumentationAnalysisTransform
Transforming animal-sniffer-annotations-1.23.jar (org.codehaus.mojo:animal-sniffer-annotations:1.23) with InstrumentationAnalysisTransform
Transforming perfmark-api-0.26.0.jar (io.perfmark:perfmark-api:0.26.0) with InstrumentationAnalysisTransform
Transforming netty-codec-http2-4.1.93.Final.jar (io.netty:netty-codec-http2:4.1.93.Final) with InstrumentationAnalysisTransform
Transforming netty-handler-proxy-4.1.93.Final.jar (io.netty:netty-handler-proxy:4.1.93.Final) with InstrumentationAnalysisTransform
Transforming netty-codec-http-4.1.93.Final.jar (io.netty:netty-codec-http:4.1.93.Final) with InstrumentationAnalysisTransform
Transforming netty-handler-4.1.93.Final.jar (io.netty:netty-handler:4.1.93.Final) with InstrumentationAnalysisTransform
Transforming netty-transport-native-unix-common-4.1.93.Final.jar (io.netty:netty-transport-native-unix-common:4.1.93.Final) with InstrumentationAnalysisTransform
Transforming checker-qual-3.33.0.jar (org.checkerframework:checker-qual:3.33.0) with InstrumentationAnalysisTransform
Transforming commons-codec-1.11.jar (commons-codec:commons-codec:1.11) with InstrumentationAnalysisTransform
Transforming apksig-8.7.2.jar (com.android.tools.build:apksig:8.7.2) with InstrumentationAnalysisTransform
Transforming javawriter-2.5.0.jar (com.squareup:javawriter:2.5.0) with InstrumentationAnalysisTransform
Transforming failureaccess-1.0.1.jar (com.google.guava:failureaccess:1.0.1) with InstrumentationAnalysisTransform
Transforming listenablefuture-9999.0-empty-to-avoid-conflict-with-guava.jar (com.google.guava:listenablefuture:9999.0-empty-to-avoid-conflict-with-guava) with InstrumentationAnalysisTransform
Transforming commons-logging-1.2.jar (commons-logging:commons-logging:1.2) with InstrumentationAnalysisTransform
Transforming jna-5.6.0.jar (net.java.dev.jna:jna:5.6.0) with InstrumentationAnalysisTransform
Transforming netty-codec-socks-4.1.93.Final.jar (io.netty:netty-codec-socks:4.1.93.Final) with InstrumentationAnalysisTransform
Transforming netty-codec-4.1.93.Final.jar (io.netty:netty-codec:4.1.93.Final) with InstrumentationAnalysisTransform
Transforming netty-transport-4.1.93.Final.jar (io.netty:netty-transport:4.1.93.Final) with InstrumentationAnalysisTransform
Transforming netty-buffer-4.1.93.Final.jar (io.netty:netty-buffer:4.1.93.Final) with InstrumentationAnalysisTransform
Transforming netty-resolver-4.1.93.Final.jar (io.netty:netty-resolver:4.1.93.Final) with InstrumentationAnalysisTransform
Transforming netty-common-4.1.93.Final.jar (io.netty:netty-common:4.1.93.Final) with InstrumentationAnalysisTransform
Transforming gradle-8.7.2.jar (com.android.tools.build:gradle:8.7.2) with InstrumentationAnalysisTransform
Transforming gradle-8.7.2.jar (com.android.tools.build:gradle:8.7.2) with MergeInstrumentationAnalysisTransform
Transforming gradle-settings-api-8.7.2.jar (com.android.tools.build:gradle-settings-api:8.7.2) with InstrumentationAnalysisTransform
Transforming gradle-settings-api-8.7.2.jar (com.android.tools.build:gradle-settings-api:8.7.2) with MergeInstrumentationAnalysisTransform
Transforming lint-model-31.7.2.jar (com.android.tools.lint:lint-model:31.7.2) with InstrumentationAnalysisTransform
Transforming lint-model-31.7.2.jar (com.android.tools.lint:lint-model:31.7.2) with MergeInstrumentationAnalysisTransform
Transforming builder-8.7.2.jar (com.android.tools.build:builder:8.7.2) with InstrumentationAnalysisTransform
Transforming builder-8.7.2.jar (com.android.tools.build:builder:8.7.2) with MergeInstrumentationAnalysisTransform
Transforming manifest-merger-31.7.2.jar (com.android.tools.build:manifest-merger:31.7.2) with InstrumentationAnalysisTransform
Transforming manifest-merger-31.7.2.jar (com.android.tools.build:manifest-merger:31.7.2) with MergeInstrumentationAnalysisTransform
Transforming sdk-common-31.7.2.jar (com.android.tools:sdk-common:31.7.2) with InstrumentationAnalysisTransform
Transforming sdk-common-31.7.2.jar (com.android.tools:sdk-common:31.7.2) with MergeInstrumentationAnalysisTransform
Transforming sdklib-31.7.2.jar (com.android.tools:sdklib:31.7.2) with InstrumentationAnalysisTransform
Transforming sdklib-31.7.2.jar (com.android.tools:sdklib:31.7.2) with MergeInstrumentationAnalysisTransform
Transforming repository-31.7.2.jar (com.android.tools:repository:31.7.2) with InstrumentationAnalysisTransform
Transforming repository-31.7.2.jar (com.android.tools:repository:31.7.2) with MergeInstrumentationAnalysisTransform
Transforming gradle-api-8.7.2.jar (com.android.tools.build:gradle-api:8.7.2) with InstrumentationAnalysisTransform
Transforming gradle-api-8.7.2.jar (com.android.tools.build:gradle-api:8.7.2) with MergeInstrumentationAnalysisTransform
Transforming builder-test-api-8.7.2.jar (com.android.tools.build:builder-test-api:8.7.2) with InstrumentationAnalysisTransform
Transforming builder-test-api-8.7.2.jar (com.android.tools.build:builder-test-api:8.7.2) with MergeInstrumentationAnalysisTransform
Transforming ddmlib-31.7.2.jar (com.android.tools.ddms:ddmlib:31.7.2) with InstrumentationAnalysisTransform
Transforming ddmlib-31.7.2.jar (com.android.tools.ddms:ddmlib:31.7.2) with MergeInstrumentationAnalysisTransform
Transforming aaptcompiler-8.7.2.jar (com.android.tools.build:aaptcompiler:8.7.2) with InstrumentationAnalysisTransform
Transforming aaptcompiler-8.7.2.jar (com.android.tools.build:aaptcompiler:8.7.2) with MergeInstrumentationAnalysisTransform
Transforming bundletool-1.17.1.jar (com.android.tools.build:bundletool:1.17.1) with InstrumentationAnalysisTransform
Transforming bundletool-1.17.1.jar (com.android.tools.build:bundletool:1.17.1) with MergeInstrumentationAnalysisTransform
Transforming aapt2-proto-8.7.2-12006047.jar (com.android.tools.build:aapt2-proto:8.7.2-12006047) with InstrumentationAnalysisTransform
Transforming aapt2-proto-8.7.2-12006047.jar (com.android.tools.build:aapt2-proto:8.7.2-12006047) with MergeInstrumentationAnalysisTransform
Transforming crash-31.7.2.jar (com.android.tools.analytics-library:crash:31.7.2) with InstrumentationAnalysisTransform
Transforming crash-31.7.2.jar (com.android.tools.analytics-library:crash:31.7.2) with MergeInstrumentationAnalysisTransform
Transforming lint-model-31.7.2.jar (com.android.tools.lint:lint-model:31.7.2) with ExternalDependencyInstrumentingArtifactTransform
Transforming tracker-31.7.2.jar (com.android.tools.analytics-library:tracker:31.7.2) with InstrumentationAnalysisTransform
Transforming gradle-settings-api-8.7.2.jar (com.android.tools.build:gradle-settings-api:8.7.2) with ExternalDependencyInstrumentingArtifactTransform
Transforming tracker-31.7.2.jar (com.android.tools.analytics-library:tracker:31.7.2) with MergeInstrumentationAnalysisTransform
Transforming shared-31.7.2.jar (com.android.tools.analytics-library:shared:31.7.2) with InstrumentationAnalysisTransform
Transforming shared-31.7.2.jar (com.android.tools.analytics-library:shared:31.7.2) with MergeInstrumentationAnalysisTransform
Transforming lint-typedef-remover-31.7.2.jar (com.android.tools.lint:lint-typedef-remover:31.7.2) with InstrumentationAnalysisTransform
Transforming lint-typedef-remover-31.7.2.jar (com.android.tools.lint:lint-typedef-remover:31.7.2) with MergeInstrumentationAnalysisTransform
Transforming databinding-compiler-common-8.7.2.jar (androidx.databinding:databinding-compiler-common:8.7.2) with InstrumentationAnalysisTransform
Transforming databinding-compiler-common-8.7.2.jar (androidx.databinding:databinding-compiler-common:8.7.2) with MergeInstrumentationAnalysisTransform
Transforming databinding-common-8.7.2.jar (androidx.databinding:databinding-common:8.7.2) with InstrumentationAnalysisTransform
Transforming databinding-common-8.7.2.jar (androidx.databinding:databinding-common:8.7.2) with MergeInstrumentationAnalysisTransform
Transforming baseLibrary-8.7.2.jar (com.android.databinding:baseLibrary:8.7.2) with InstrumentationAnalysisTransform
Transforming baseLibrary-8.7.2.jar (com.android.databinding:baseLibrary:8.7.2) with MergeInstrumentationAnalysisTransform
Transforming layoutlib-api-31.7.2.jar (com.android.tools.layoutlib:layoutlib-api:31.7.2) with InstrumentationAnalysisTransform
Transforming layoutlib-api-31.7.2.jar (com.android.tools.layoutlib:layoutlib-api:31.7.2) with MergeInstrumentationAnalysisTransform
Transforming android-device-provider-ddmlib-proto-31.7.2.jar (com.android.tools.utp:android-device-provider-ddmlib-proto:31.7.2) with InstrumentationAnalysisTransform
Transforming android-device-provider-ddmlib-proto-31.7.2.jar (com.android.tools.utp:android-device-provider-ddmlib-proto:31.7.2) with MergeInstrumentationAnalysisTransform
Transforming android-device-provider-gradle-proto-31.7.2.jar (com.android.tools.utp:android-device-provider-gradle-proto:31.7.2) with InstrumentationAnalysisTransform
Transforming android-device-provider-gradle-proto-31.7.2.jar (com.android.tools.utp:android-device-provider-gradle-proto:31.7.2) with MergeInstrumentationAnalysisTransform
Transforming android-device-provider-profile-proto-31.7.2.jar (com.android.tools.utp:android-device-provider-profile-proto:31.7.2) with InstrumentationAnalysisTransform
Transforming android-device-provider-profile-proto-31.7.2.jar (com.android.tools.utp:android-device-provider-profile-proto:31.7.2) with MergeInstrumentationAnalysisTransform
Transforming android-test-plugin-host-additional-test-output-proto-31.7.2.jar (com.android.tools.utp:android-test-plugin-host-additional-test-output-proto:31.7.2) with InstrumentationAnalysisTransform
Transforming android-test-plugin-host-additional-test-output-proto-31.7.2.jar (com.android.tools.utp:android-test-plugin-host-additional-test-output-proto:31.7.2) with MergeInstrumentationAnalysisTransform
Transforming android-test-plugin-host-coverage-proto-31.7.2.jar (com.android.tools.utp:android-test-plugin-host-coverage-proto:31.7.2) with InstrumentationAnalysisTransform
Transforming android-test-plugin-host-coverage-proto-31.7.2.jar (com.android.tools.utp:android-test-plugin-host-coverage-proto:31.7.2) with MergeInstrumentationAnalysisTransform
Transforming android-test-plugin-host-emulator-control-proto-31.7.2.jar (com.android.tools.utp:android-test-plugin-host-emulator-control-proto:31.7.2) with InstrumentationAnalysisTransform
Transforming android-test-plugin-host-emulator-control-proto-31.7.2.jar (com.android.tools.utp:android-test-plugin-host-emulator-control-proto:31.7.2) with MergeInstrumentationAnalysisTransform
Transforming builder-test-api-8.7.2.jar (com.android.tools.build:builder-test-api:8.7.2) with ExternalDependencyInstrumentingArtifactTransform
Transforming android-test-plugin-host-logcat-proto-31.7.2.jar (com.android.tools.utp:android-test-plugin-host-logcat-proto:31.7.2) with InstrumentationAnalysisTransform
Transforming sdk-common-31.7.2.jar (com.android.tools:sdk-common:31.7.2) with ExternalDependencyInstrumentingArtifactTransform
Transforming gradle-8.7.2.jar (com.android.tools.build:gradle:8.7.2) with ExternalDependencyInstrumentingArtifactTransform
Transforming android-test-plugin-host-logcat-proto-31.7.2.jar (com.android.tools.utp:android-test-plugin-host-logcat-proto:31.7.2) with MergeInstrumentationAnalysisTransform
Transforming android-test-plugin-host-apk-installer-proto-31.7.2.jar (com.android.tools.utp:android-test-plugin-host-apk-installer-proto:31.7.2) with InstrumentationAnalysisTransform
Transforming android-test-plugin-host-apk-installer-proto-31.7.2.jar (com.android.tools.utp:android-test-plugin-host-apk-installer-proto:31.7.2) with MergeInstrumentationAnalysisTransform
Transforming android-test-plugin-host-retention-proto-31.7.2.jar (com.android.tools.utp:android-test-plugin-host-retention-proto:31.7.2) with InstrumentationAnalysisTransform
Transforming android-test-plugin-host-retention-proto-31.7.2.jar (com.android.tools.utp:android-test-plugin-host-retention-proto:31.7.2) with MergeInstrumentationAnalysisTransform
Transforming android-test-plugin-result-listener-gradle-proto-31.7.2.jar (com.android.tools.utp:android-test-plugin-result-listener-gradle-proto:31.7.2) with InstrumentationAnalysisTransform
Transforming android-test-plugin-result-listener-gradle-proto-31.7.2.jar (com.android.tools.utp:android-test-plugin-result-listener-gradle-proto:31.7.2) with MergeInstrumentationAnalysisTransform
Transforming builder-model-8.7.2.jar (com.android.tools.build:builder-model:8.7.2) with InstrumentationAnalysisTransform
Transforming builder-model-8.7.2.jar (com.android.tools.build:builder-model:8.7.2) with MergeInstrumentationAnalysisTransform
Transforming dvlib-31.7.2.jar (com.android.tools:dvlib:31.7.2) with InstrumentationAnalysisTransform
Transforming dvlib-31.7.2.jar (com.android.tools:dvlib:31.7.2) with MergeInstrumentationAnalysisTransform
Transforming repository-31.7.2.jar (com.android.tools:repository:31.7.2) with ExternalDependencyInstrumentingArtifactTransform
Transforming builder-8.7.2.jar (com.android.tools.build:builder:8.7.2) with ExternalDependencyInstrumentingArtifactTransform
Transforming common-31.7.2.jar (com.android.tools:common:31.7.2) with InstrumentationAnalysisTransform
Transforming common-31.7.2.jar (com.android.tools:common:31.7.2) with MergeInstrumentationAnalysisTransform
Transforming jetifier-processor-1.0.0-beta10.jar (com.android.tools.build.jetifier:jetifier-processor:1.0.0-beta10) with InstrumentationAnalysisTransform
Transforming jetifier-processor-1.0.0-beta10.jar (com.android.tools.build.jetifier:jetifier-processor:1.0.0-beta10) with MergeInstrumentationAnalysisTransform
Transforming jetifier-core-1.0.0-beta10.jar (com.android.tools.build.jetifier:jetifier-core:1.0.0-beta10) with InstrumentationAnalysisTransform
Transforming aaptcompiler-8.7.2.jar (com.android.tools.build:aaptcompiler:8.7.2) with ExternalDependencyInstrumentingArtifactTransform
Transforming jetifier-core-1.0.0-beta10.jar (com.android.tools.build.jetifier:jetifier-core:1.0.0-beta10) with MergeInstrumentationAnalysisTransform
Transforming kotlin-reflect-1.9.20.jar (org.jetbrains.kotlin:kotlin-reflect:1.9.20) with InstrumentationAnalysisTransform
Transforming kotlin-reflect-1.9.20.jar (org.jetbrains.kotlin:kotlin-reflect:1.9.20) with MergeInstrumentationAnalysisTransform
Transforming kotlin-stdlib-jdk7-1.9.20.jar (org.jetbrains.kotlin:kotlin-stdlib-jdk7:1.9.20) with InstrumentationAnalysisTransform
Transforming kotlin-stdlib-jdk7-1.9.20.jar (org.jetbrains.kotlin:kotlin-stdlib-jdk7:1.9.20) with MergeInstrumentationAnalysisTransform
Transforming kotlin-stdlib-1.9.20.jar (org.jetbrains.kotlin:kotlin-stdlib:1.9.20) with InstrumentationAnalysisTransform
Transforming kotlin-stdlib-1.9.20.jar (org.jetbrains.kotlin:kotlin-stdlib:1.9.20) with MergeInstrumentationAnalysisTransform
Transforming kotlin-stdlib-jdk8-1.9.20.jar (org.jetbrains.kotlin:kotlin-stdlib-jdk8:1.9.20) with InstrumentationAnalysisTransform
Transforming kotlin-stdlib-jdk8-1.9.20.jar (org.jetbrains.kotlin:kotlin-stdlib-jdk8:1.9.20) with MergeInstrumentationAnalysisTransform
Transforming transform-api-2.0.0-deprecated-use-gradle-api.jar (com.android.tools.build:transform-api:2.0.0-deprecated-use-gradle-api) with InstrumentationAnalysisTransform
Transforming transform-api-2.0.0-deprecated-use-gradle-api.jar (com.android.tools.build:transform-api:2.0.0-deprecated-use-gradle-api) with MergeInstrumentationAnalysisTransform
Transforming httpmime-4.5.6.jar (org.apache.httpcomponents:httpmime:4.5.6) with InstrumentationAnalysisTransform
Transforming httpmime-4.5.6.jar (org.apache.httpcomponents:httpmime:4.5.6) with MergeInstrumentationAnalysisTransform
Transforming commons-io-2.13.0.jar (commons-io:commons-io:2.13.0) with InstrumentationAnalysisTransform
Transforming commons-io-2.13.0.jar (commons-io:commons-io:2.13.0) with MergeInstrumentationAnalysisTransform
Transforming asm-commons-9.6.jar (org.ow2.asm:asm-commons:9.6) with InstrumentationAnalysisTransform
Transforming asm-commons-9.6.jar (org.ow2.asm:asm-commons:9.6) with MergeInstrumentationAnalysisTransform
Transforming asm-util-9.6.jar (org.ow2.asm:asm-util:9.6) with InstrumentationAnalysisTransform
Transforming asm-util-9.6.jar (org.ow2.asm:asm-util:9.6) with MergeInstrumentationAnalysisTransform
Transforming asm-analysis-9.6.jar (org.ow2.asm:asm-analysis:9.6) with InstrumentationAnalysisTransform
Transforming asm-analysis-9.6.jar (org.ow2.asm:asm-analysis:9.6) with MergeInstrumentationAnalysisTransform
Transforming bundletool-1.17.1.jar (com.android.tools.build:bundletool:1.17.1) with ExternalDependencyInstrumentingArtifactTransform
Transforming asm-tree-9.6.jar (org.ow2.asm:asm-tree:9.6) with InstrumentationAnalysisTransform
Transforming asm-tree-9.6.jar (org.ow2.asm:asm-tree:9.6) with MergeInstrumentationAnalysisTransform
Transforming asm-9.6.jar (org.ow2.asm:asm:9.6) with InstrumentationAnalysisTransform
Transforming sdklib-31.7.2.jar (com.android.tools:sdklib:31.7.2) with ExternalDependencyInstrumentingArtifactTransform
Transforming asm-9.6.jar (org.ow2.asm:asm:9.6) with MergeInstrumentationAnalysisTransform
Transforming apkzlib-8.7.2.jar (com.android.tools.build:apkzlib:8.7.2) with InstrumentationAnalysisTransform
Transforming manifest-merger-31.7.2.jar (com.android.tools.build:manifest-merger:31.7.2) with ExternalDependencyInstrumentingArtifactTransform
Transforming apkzlib-8.7.2.jar (com.android.tools.build:apkzlib:8.7.2) with MergeInstrumentationAnalysisTransform
Transforming bcpkix-jdk18on-1.77.jar (org.bouncycastle:bcpkix-jdk18on:1.77) with InstrumentationAnalysisTransform
Transforming aapt2-proto-8.7.2-12006047.jar (com.android.tools.build:aapt2-proto:8.7.2-12006047) with ExternalDependencyInstrumentingArtifactTransform
Transforming bcpkix-jdk18on-1.77.jar (org.bouncycastle:bcpkix-jdk18on:1.77) with MergeInstrumentationAnalysisTransform
Transforming jaxb-runtime-2.3.2.jar (org.glassfish.jaxb:jaxb-runtime:2.3.2) with InstrumentationAnalysisTransform
Transforming jaxb-runtime-2.3.2.jar (org.glassfish.jaxb:jaxb-runtime:2.3.2) with MergeInstrumentationAnalysisTransform
Transforming jopt-simple-4.9.jar (net.sf.jopt-simple:jopt-simple:4.9) with InstrumentationAnalysisTransform
Transforming jopt-simple-4.9.jar (net.sf.jopt-simple:jopt-simple:4.9) with MergeInstrumentationAnalysisTransform
Transforming javapoet-1.10.0.jar (com.squareup:javapoet:1.10.0) with InstrumentationAnalysisTransform
Transforming crash-31.7.2.jar (com.android.tools.analytics-library:crash:31.7.2) with ExternalDependencyInstrumentingArtifactTransform
Transforming javapoet-1.10.0.jar (com.squareup:javapoet:1.10.0) with MergeInstrumentationAnalysisTransform
Transforming protobuf-java-util-3.22.3.jar (com.google.protobuf:protobuf-java-util:3.22.3) with InstrumentationAnalysisTransform
Transforming protobuf-java-util-3.22.3.jar (com.google.protobuf:protobuf-java-util:3.22.3) with MergeInstrumentationAnalysisTransform
Transforming grpc-protobuf-1.57.0.jar (io.grpc:grpc-protobuf:1.57.0) with InstrumentationAnalysisTransform
Transforming grpc-protobuf-1.57.0.jar (io.grpc:grpc-protobuf:1.57.0) with MergeInstrumentationAnalysisTransform
Transforming tink-1.7.0.jar (com.google.crypto.tink:tink:1.7.0) with InstrumentationAnalysisTransform
Transforming tink-1.7.0.jar (com.google.crypto.tink:tink:1.7.0) with MergeInstrumentationAnalysisTransform
Transforming protos-31.7.2.jar (com.android.tools.analytics-library:protos:31.7.2) with InstrumentationAnalysisTransform
Transforming protos-31.7.2.jar (com.android.tools.analytics-library:protos:31.7.2) with MergeInstrumentationAnalysisTransform
Transforming proto-google-common-protos-2.17.0.jar (com.google.api.grpc:proto-google-common-protos:2.17.0) with InstrumentationAnalysisTransform
Transforming proto-google-common-protos-2.17.0.jar (com.google.api.grpc:proto-google-common-protos:2.17.0) with MergeInstrumentationAnalysisTransform
Transforming databinding-common-8.7.2.jar (androidx.databinding:databinding-common:8.7.2) with ExternalDependencyInstrumentingArtifactTransform
Transforming databinding-compiler-common-8.7.2.jar (androidx.databinding:databinding-compiler-common:8.7.2) with ExternalDependencyInstrumentingArtifactTransform
Transforming protobuf-java-3.22.3.jar (com.google.protobuf:protobuf-java:3.22.3) with InstrumentationAnalysisTransform
Transforming protobuf-java-3.22.3.jar (com.google.protobuf:protobuf-java:3.22.3) with MergeInstrumentationAnalysisTransform
Transforming grpc-netty-1.57.0.jar (io.grpc:grpc-netty:1.57.0) with InstrumentationAnalysisTransform
Transforming grpc-netty-1.57.0.jar (io.grpc:grpc-netty:1.57.0) with MergeInstrumentationAnalysisTransform
Transforming grpc-core-1.57.0.jar (io.grpc:grpc-core:1.57.0) with InstrumentationAnalysisTransform
Transforming grpc-core-1.57.0.jar (io.grpc:grpc-core:1.57.0) with MergeInstrumentationAnalysisTransform
Transforming gson-2.10.1.jar (com.google.code.gson:gson:2.10.1) with InstrumentationAnalysisTransform
Transforming gson-2.10.1.jar (com.google.code.gson:gson:2.10.1) with MergeInstrumentationAnalysisTransform
Transforming grpc-stub-1.57.0.jar (io.grpc:grpc-stub:1.57.0) with InstrumentationAnalysisTransform
Transforming grpc-stub-1.57.0.jar (io.grpc:grpc-stub:1.57.0) with MergeInstrumentationAnalysisTransform
Transforming core-proto-0.0.9-alpha02.jar (com.google.testing.platform:core-proto:0.0.9-alpha02) with InstrumentationAnalysisTransform
Transforming core-proto-0.0.9-alpha02.jar (com.google.testing.platform:core-proto:0.0.9-alpha02) with MergeInstrumentationAnalysisTransform
Transforming tensorflow-lite-metadata-0.1.0-rc2.jar (org.tensorflow:tensorflow-lite-metadata:0.1.0-rc2) with InstrumentationAnalysisTransform
Transforming tensorflow-lite-metadata-0.1.0-rc2.jar (org.tensorflow:tensorflow-lite-metadata:0.1.0-rc2) with MergeInstrumentationAnalysisTransform
Transforming tracker-31.7.2.jar (com.android.tools.analytics-library:tracker:31.7.2) with ExternalDependencyInstrumentingArtifactTransform
Transforming flatbuffers-java-1.12.0.jar (com.google.flatbuffers:flatbuffers-java:1.12.0) with InstrumentationAnalysisTransform
Transforming shared-31.7.2.jar (com.android.tools.analytics-library:shared:31.7.2) with ExternalDependencyInstrumentingArtifactTransform
Transforming flatbuffers-java-1.12.0.jar (com.google.flatbuffers:flatbuffers-java:1.12.0) with MergeInstrumentationAnalysisTransform
Transforming jimfs-1.1.jar (com.google.jimfs:jimfs:1.1) with InstrumentationAnalysisTransform
Transforming jimfs-1.1.jar (com.google.jimfs:jimfs:1.1) with MergeInstrumentationAnalysisTransform
Transforming grpc-context-1.57.0.jar (io.grpc:grpc-context:1.57.0) with InstrumentationAnalysisTransform
Transforming grpc-context-1.57.0.jar (io.grpc:grpc-context:1.57.0) with MergeInstrumentationAnalysisTransform
Transforming grpc-protobuf-lite-1.57.0.jar (io.grpc:grpc-protobuf-lite:1.57.0) with InstrumentationAnalysisTransform
Transforming grpc-protobuf-lite-1.57.0.jar (io.grpc:grpc-protobuf-lite:1.57.0) with MergeInstrumentationAnalysisTransform
Transforming grpc-api-1.57.0.jar (io.grpc:grpc-api:1.57.0) with InstrumentationAnalysisTransform
Transforming grpc-api-1.57.0.jar (io.grpc:grpc-api:1.57.0) with MergeInstrumentationAnalysisTransform
Transforming guava-32.0.1-jre.jar (com.google.guava:guava:32.0.1-jre) with InstrumentationAnalysisTransform
Transforming layoutlib-api-31.7.2.jar (com.android.tools.layoutlib:layoutlib-api:31.7.2) with ExternalDependencyInstrumentingArtifactTransform
Transforming guava-32.0.1-jre.jar (com.google.guava:guava:32.0.1-jre) with MergeInstrumentationAnalysisTransform
Transforming dagger-2.28.3.jar (com.google.dagger:dagger:2.28.3) with InstrumentationAnalysisTransform
Transforming dagger-2.28.3.jar (com.google.dagger:dagger:2.28.3) with MergeInstrumentationAnalysisTransform
Transforming javax.inject-1.jar (javax.inject:javax.inject:1) with InstrumentationAnalysisTransform
Transforming javax.inject-1.jar (javax.inject:javax.inject:1) with MergeInstrumentationAnalysisTransform
Transforming ddmlib-31.7.2.jar (com.android.tools.ddms:ddmlib:31.7.2) with ExternalDependencyInstrumentingArtifactTransform
Transforming android-device-provider-gradle-proto-31.7.2.jar (com.android.tools.utp:android-device-provider-gradle-proto:31.7.2) with ExternalDependencyInstrumentingArtifactTransform
Transforming lint-typedef-remover-31.7.2.jar (com.android.tools.lint:lint-typedef-remover:31.7.2) with ExternalDependencyInstrumentingArtifactTransform
Transforming kxml2-2.3.0.jar (net.sf.kxml:kxml2:2.3.0) with InstrumentationAnalysisTransform
Transforming baseLibrary-8.7.2.jar (com.android.databinding:baseLibrary:8.7.2) with ExternalDependencyInstrumentingArtifactTransform
Transforming kxml2-2.3.0.jar (net.sf.kxml:kxml2:2.3.0) with MergeInstrumentationAnalysisTransform
Transforming bcutil-jdk18on-1.77.jar (org.bouncycastle:bcutil-jdk18on:1.77) with InstrumentationAnalysisTransform
Transforming bcutil-jdk18on-1.77.jar (org.bouncycastle:bcutil-jdk18on:1.77) with MergeInstrumentationAnalysisTransform
Transforming bcprov-jdk18on-1.77.jar (org.bouncycastle:bcprov-jdk18on:1.77) with InstrumentationAnalysisTransform
Transforming bcprov-jdk18on-1.77.jar (org.bouncycastle:bcprov-jdk18on:1.77) with MergeInstrumentationAnalysisTransform
Transforming trove4j-1.0.20200330.jar (org.jetbrains.intellij.deps:trove4j:1.0.20200330) with InstrumentationAnalysisTransform
Transforming trove4j-1.0.20200330.jar (org.jetbrains.intellij.deps:trove4j:1.0.20200330) with MergeInstrumentationAnalysisTransform
Transforming commons-compress-1.21.jar (org.apache.commons:commons-compress:1.21) with InstrumentationAnalysisTransform
Transforming commons-compress-1.21.jar (org.apache.commons:commons-compress:1.21) with MergeInstrumentationAnalysisTransform
Transforming httpclient-4.5.14.jar (org.apache.httpcomponents:httpclient:4.5.14) with InstrumentationAnalysisTransform
Transforming httpclient-4.5.14.jar (org.apache.httpcomponents:httpclient:4.5.14) with MergeInstrumentationAnalysisTransform
Transforming httpcore-4.4.16.jar (org.apache.httpcomponents:httpcore:4.4.16) with InstrumentationAnalysisTransform
Transforming android-device-provider-profile-proto-31.7.2.jar (com.android.tools.utp:android-device-provider-profile-proto:31.7.2) with ExternalDependencyInstrumentingArtifactTransform
Transforming httpcore-4.4.16.jar (org.apache.httpcomponents:httpcore:4.4.16) with MergeInstrumentationAnalysisTransform
Transforming javax.activation-1.2.0.jar (com.sun.activation:javax.activation:1.2.0) with InstrumentationAnalysisTransform
Transforming android-device-provider-ddmlib-proto-31.7.2.jar (com.android.tools.utp:android-device-provider-ddmlib-proto:31.7.2) with ExternalDependencyInstrumentingArtifactTransform
Transforming android-test-plugin-host-coverage-proto-31.7.2.jar (com.android.tools.utp:android-test-plugin-host-coverage-proto:31.7.2) with ExternalDependencyInstrumentingArtifactTransform
Transforming javax.activation-1.2.0.jar (com.sun.activation:javax.activation:1.2.0) with MergeInstrumentationAnalysisTransform
Transforming annotations-23.0.0.jar (org.jetbrains:annotations:23.0.0) with InstrumentationAnalysisTransform
Transforming android-test-plugin-host-retention-proto-31.7.2.jar (com.android.tools.utp:android-test-plugin-host-retention-proto:31.7.2) with ExternalDependencyInstrumentingArtifactTransform
Transforming annotations-23.0.0.jar (org.jetbrains:annotations:23.0.0) with MergeInstrumentationAnalysisTransform
Transforming signflinger-8.7.2.jar (com.android:signflinger:8.7.2) with InstrumentationAnalysisTransform
Transforming signflinger-8.7.2.jar (com.android:signflinger:8.7.2) with MergeInstrumentationAnalysisTransform
Transforming zipflinger-8.7.2.jar (com.android:zipflinger:8.7.2) with InstrumentationAnalysisTransform
Transforming zipflinger-8.7.2.jar (com.android:zipflinger:8.7.2) with MergeInstrumentationAnalysisTransform
Transforming annotations-31.7.2.jar (com.android.tools:annotations:31.7.2) with InstrumentationAnalysisTransform
Transforming annotations-31.7.2.jar (com.android.tools:annotations:31.7.2) with MergeInstrumentationAnalysisTransform
Transforming jna-platform-5.6.0.jar (net.java.dev.jna:jna-platform:5.6.0) with InstrumentationAnalysisTransform
Transforming android-test-plugin-host-emulator-control-proto-31.7.2.jar (com.android.tools.utp:android-test-plugin-host-emulator-control-proto:31.7.2) with ExternalDependencyInstrumentingArtifactTransform
Transforming builder-model-8.7.2.jar (com.android.tools.build:builder-model:8.7.2) with ExternalDependencyInstrumentingArtifactTransform
Transforming jna-platform-5.6.0.jar (net.java.dev.jna:jna-platform:5.6.0) with MergeInstrumentationAnalysisTransform
Transforming juniversalchardet-1.0.3.jar (com.googlecode.juniversalchardet:juniversalchardet:1.0.3) with InstrumentationAnalysisTransform
Transforming juniversalchardet-1.0.3.jar (com.googlecode.juniversalchardet:juniversalchardet:1.0.3) with MergeInstrumentationAnalysisTransform
Transforming javax.annotation-api-1.3.2.jar (javax.annotation:javax.annotation-api:1.3.2) with InstrumentationAnalysisTransform
Transforming javax.annotation-api-1.3.2.jar (javax.annotation:javax.annotation-api:1.3.2) with MergeInstrumentationAnalysisTransform
Transforming stax-ex-1.8.1.jar (org.jvnet.staxex:stax-ex:1.8.1) with InstrumentationAnalysisTransform
Transforming stax-ex-1.8.1.jar (org.jvnet.staxex:stax-ex:1.8.1) with MergeInstrumentationAnalysisTransform
Transforming jakarta.xml.bind-api-2.3.2.jar (jakarta.xml.bind:jakarta.xml.bind-api:2.3.2) with InstrumentationAnalysisTransform
Transforming jakarta.xml.bind-api-2.3.2.jar (jakarta.xml.bind:jakarta.xml.bind-api:2.3.2) with MergeInstrumentationAnalysisTransform
Transforming txw2-2.3.2.jar (org.glassfish.jaxb:txw2:2.3.2) with InstrumentationAnalysisTransform
Transforming txw2-2.3.2.jar (org.glassfish.jaxb:txw2:2.3.2) with MergeInstrumentationAnalysisTransform
Transforming istack-commons-runtime-3.0.8.jar (com.sun.istack:istack-commons-runtime:3.0.8) with InstrumentationAnalysisTransform
Transforming istack-commons-runtime-3.0.8.jar (com.sun.istack:istack-commons-runtime:3.0.8) with MergeInstrumentationAnalysisTransform
Transforming FastInfoset-1.2.16.jar (com.sun.xml.fastinfoset:FastInfoset:1.2.16) with InstrumentationAnalysisTransform
Transforming FastInfoset-1.2.16.jar (com.sun.xml.fastinfoset:FastInfoset:1.2.16) with MergeInstrumentationAnalysisTransform
Transforming jakarta.activation-api-1.2.1.jar (jakarta.activation:jakarta.activation-api:1.2.1) with InstrumentationAnalysisTransform
Transforming jakarta.activation-api-1.2.1.jar (jakarta.activation:jakarta.activation-api:1.2.1) with MergeInstrumentationAnalysisTransform
Transforming auto-value-annotations-1.6.2.jar (com.google.auto.value:auto-value-annotations:1.6.2) with InstrumentationAnalysisTransform
Transforming auto-value-annotations-1.6.2.jar (com.google.auto.value:auto-value-annotations:1.6.2) with MergeInstrumentationAnalysisTransform
Transforming error_prone_annotations-2.18.0.jar (com.google.errorprone:error_prone_annotations:2.18.0) with InstrumentationAnalysisTransform
Transforming error_prone_annotations-2.18.0.jar (com.google.errorprone:error_prone_annotations:2.18.0) with MergeInstrumentationAnalysisTransform
Transforming jose4j-0.9.5.jar (org.bitbucket.b_c:jose4j:0.9.5) with InstrumentationAnalysisTransform
Transforming jose4j-0.9.5.jar (org.bitbucket.b_c:jose4j:0.9.5) with MergeInstrumentationAnalysisTransform
Transforming slf4j-api-1.7.30.jar (org.slf4j:slf4j-api:1.7.30) with InstrumentationAnalysisTransform
Transforming slf4j-api-1.7.30.jar (org.slf4j:slf4j-api:1.7.30) with MergeInstrumentationAnalysisTransform
Transforming jdom2-2.0.6.jar (org.jdom:jdom2:2.0.6) with InstrumentationAnalysisTransform
Transforming jdom2-2.0.6.jar (org.jdom:jdom2:2.0.6) with MergeInstrumentationAnalysisTransform
Transforming jsr305-3.0.2.jar (com.google.code.findbugs:jsr305:3.0.2) with InstrumentationAnalysisTransform
Transforming jsr305-3.0.2.jar (com.google.code.findbugs:jsr305:3.0.2) with MergeInstrumentationAnalysisTransform
Transforming j2objc-annotations-2.8.jar (com.google.j2objc:j2objc-annotations:2.8) with InstrumentationAnalysisTransform
Transforming j2objc-annotations-2.8.jar (com.google.j2objc:j2objc-annotations:2.8) with MergeInstrumentationAnalysisTransform
Transforming annotations-4.1.1.4.jar (com.google.android:annotations:4.1.1.4) with InstrumentationAnalysisTransform
Transforming annotations-4.1.1.4.jar (com.google.android:annotations:4.1.1.4) with MergeInstrumentationAnalysisTransform
Transforming animal-sniffer-annotations-1.23.jar (org.codehaus.mojo:animal-sniffer-annotations:1.23) with InstrumentationAnalysisTransform
Transforming android-test-plugin-result-listener-gradle-proto-31.7.2.jar (com.android.tools.utp:android-test-plugin-result-listener-gradle-proto:31.7.2) with ExternalDependencyInstrumentingArtifactTransform
Transforming animal-sniffer-annotations-1.23.jar (org.codehaus.mojo:animal-sniffer-annotations:1.23) with MergeInstrumentationAnalysisTransform
Transforming perfmark-api-0.26.0.jar (io.perfmark:perfmark-api:0.26.0) with InstrumentationAnalysisTransform
Transforming perfmark-api-0.26.0.jar (io.perfmark:perfmark-api:0.26.0) with MergeInstrumentationAnalysisTransform
Transforming netty-codec-http2-4.1.93.Final.jar (io.netty:netty-codec-http2:4.1.93.Final) with InstrumentationAnalysisTransform
Transforming netty-codec-http2-4.1.93.Final.jar (io.netty:netty-codec-http2:4.1.93.Final) with MergeInstrumentationAnalysisTransform
Transforming netty-handler-proxy-4.1.93.Final.jar (io.netty:netty-handler-proxy:4.1.93.Final) with InstrumentationAnalysisTransform
Transforming netty-handler-proxy-4.1.93.Final.jar (io.netty:netty-handler-proxy:4.1.93.Final) with MergeInstrumentationAnalysisTransform
Transforming netty-codec-http-4.1.93.Final.jar (io.netty:netty-codec-http:4.1.93.Final) with InstrumentationAnalysisTransform
Transforming netty-codec-http-4.1.93.Final.jar (io.netty:netty-codec-http:4.1.93.Final) with MergeInstrumentationAnalysisTransform
Transforming common-31.7.2.jar (com.android.tools:common:31.7.2) with ExternalDependencyInstrumentingArtifactTransform
Transforming netty-handler-4.1.93.Final.jar (io.netty:netty-handler:4.1.93.Final) with InstrumentationAnalysisTransform
Transforming netty-handler-4.1.93.Final.jar (io.netty:netty-handler:4.1.93.Final) with MergeInstrumentationAnalysisTransform
Transforming netty-transport-native-unix-common-4.1.93.Final.jar (io.netty:netty-transport-native-unix-common:4.1.93.Final) with InstrumentationAnalysisTransform
Transforming netty-transport-native-unix-common-4.1.93.Final.jar (io.netty:netty-transport-native-unix-common:4.1.93.Final) with MergeInstrumentationAnalysisTransform
Transforming checker-qual-3.33.0.jar (org.checkerframework:checker-qual:3.33.0) with InstrumentationAnalysisTransform
Transforming jetifier-processor-1.0.0-beta10.jar (com.android.tools.build.jetifier:jetifier-processor:1.0.0-beta10) with ExternalDependencyInstrumentingArtifactTransform
Transforming checker-qual-3.33.0.jar (org.checkerframework:checker-qual:3.33.0) with MergeInstrumentationAnalysisTransform
Transforming commons-codec-1.11.jar (commons-codec:commons-codec:1.11) with InstrumentationAnalysisTransform
Transforming commons-codec-1.11.jar (commons-codec:commons-codec:1.11) with MergeInstrumentationAnalysisTransform
Transforming apksig-8.7.2.jar (com.android.tools.build:apksig:8.7.2) with InstrumentationAnalysisTransform
Transforming android-test-plugin-host-additional-test-output-proto-31.7.2.jar (com.android.tools.utp:android-test-plugin-host-additional-test-output-proto:31.7.2) with ExternalDependencyInstrumentingArtifactTransform
Transforming apksig-8.7.2.jar (com.android.tools.build:apksig:8.7.2) with MergeInstrumentationAnalysisTransform
Transforming javawriter-2.5.0.jar (com.squareup:javawriter:2.5.0) with InstrumentationAnalysisTransform
Transforming javawriter-2.5.0.jar (com.squareup:javawriter:2.5.0) with MergeInstrumentationAnalysisTransform
Transforming failureaccess-1.0.1.jar (com.google.guava:failureaccess:1.0.1) with InstrumentationAnalysisTransform
Transforming failureaccess-1.0.1.jar (com.google.guava:failureaccess:1.0.1) with MergeInstrumentationAnalysisTransform
Transforming dvlib-31.7.2.jar (com.android.tools:dvlib:31.7.2) with ExternalDependencyInstrumentingArtifactTransform
Transforming gradle-api-8.7.2.jar (com.android.tools.build:gradle-api:8.7.2) with ExternalDependencyInstrumentingArtifactTransform
Transforming android-test-plugin-host-apk-installer-proto-31.7.2.jar (com.android.tools.utp:android-test-plugin-host-apk-installer-proto:31.7.2) with ExternalDependencyInstrumentingArtifactTransform
Transforming listenablefuture-9999.0-empty-to-avoid-conflict-with-guava.jar (com.google.guava:listenablefuture:9999.0-empty-to-avoid-conflict-with-guava) with InstrumentationAnalysisTransform
Transforming listenablefuture-9999.0-empty-to-avoid-conflict-with-guava.jar (com.google.guava:listenablefuture:9999.0-empty-to-avoid-conflict-with-guava) with MergeInstrumentationAnalysisTransform
Transforming commons-logging-1.2.jar (commons-logging:commons-logging:1.2) with InstrumentationAnalysisTransform
Transforming commons-logging-1.2.jar (commons-logging:commons-logging:1.2) with MergeInstrumentationAnalysisTransform
Transforming jna-5.6.0.jar (net.java.dev.jna:jna:5.6.0) with InstrumentationAnalysisTransform
Transforming jna-5.6.0.jar (net.java.dev.jna:jna:5.6.0) with MergeInstrumentationAnalysisTransform
Transforming netty-codec-socks-4.1.93.Final.jar (io.netty:netty-codec-socks:4.1.93.Final) with InstrumentationAnalysisTransform
Transforming netty-codec-socks-4.1.93.Final.jar (io.netty:netty-codec-socks:4.1.93.Final) with MergeInstrumentationAnalysisTransform
Transforming netty-codec-4.1.93.Final.jar (io.netty:netty-codec:4.1.93.Final) with InstrumentationAnalysisTransform
Transforming netty-codec-4.1.93.Final.jar (io.netty:netty-codec:4.1.93.Final) with MergeInstrumentationAnalysisTransform
Transforming netty-transport-4.1.93.Final.jar (io.netty:netty-transport:4.1.93.Final) with InstrumentationAnalysisTransform
Transforming netty-transport-4.1.93.Final.jar (io.netty:netty-transport:4.1.93.Final) with MergeInstrumentationAnalysisTransform
Transforming netty-buffer-4.1.93.Final.jar (io.netty:netty-buffer:4.1.93.Final) with InstrumentationAnalysisTransform
Transforming jetifier-core-1.0.0-beta10.jar (com.android.tools.build.jetifier:jetifier-core:1.0.0-beta10) with ExternalDependencyInstrumentingArtifactTransform
Transforming kotlin-stdlib-jdk7-1.9.20.jar (org.jetbrains.kotlin:kotlin-stdlib-jdk7:1.9.20) with ExternalDependencyInstrumentingArtifactTransform
Transforming netty-buffer-4.1.93.Final.jar (io.netty:netty-buffer:4.1.93.Final) with MergeInstrumentationAnalysisTransform
Transforming netty-resolver-4.1.93.Final.jar (io.netty:netty-resolver:4.1.93.Final) with InstrumentationAnalysisTransform
Transforming netty-resolver-4.1.93.Final.jar (io.netty:netty-resolver:4.1.93.Final) with MergeInstrumentationAnalysisTransform
Transforming netty-common-4.1.93.Final.jar (io.netty:netty-common:4.1.93.Final) with InstrumentationAnalysisTransform
Transforming netty-common-4.1.93.Final.jar (io.netty:netty-common:4.1.93.Final) with MergeInstrumentationAnalysisTransform
Transforming kotlin-reflect-1.9.20.jar (org.jetbrains.kotlin:kotlin-reflect:1.9.20) with ExternalDependencyInstrumentingArtifactTransform
Transforming kotlin-stdlib-jdk8-1.9.20.jar (org.jetbrains.kotlin:kotlin-stdlib-jdk8:1.9.20) with ExternalDependencyInstrumentingArtifactTransform
Transforming transform-api-2.0.0-deprecated-use-gradle-api.jar (com.android.tools.build:transform-api:2.0.0-deprecated-use-gradle-api) with ExternalDependencyInstrumentingArtifactTransform
Transforming asm-commons-9.6.jar (org.ow2.asm:asm-commons:9.6) with ExternalDependencyInstrumentingArtifactTransform
Transforming httpmime-4.5.6.jar (org.apache.httpcomponents:httpmime:4.5.6) with ExternalDependencyInstrumentingArtifactTransform
Transforming kotlin-stdlib-1.9.20.jar (org.jetbrains.kotlin:kotlin-stdlib:1.9.20) with ExternalDependencyInstrumentingArtifactTransform
Transforming android-test-plugin-host-logcat-proto-31.7.2.jar (com.android.tools.utp:android-test-plugin-host-logcat-proto:31.7.2) with ExternalDependencyInstrumentingArtifactTransform
Transforming asm-analysis-9.6.jar (org.ow2.asm:asm-analysis:9.6) with ExternalDependencyInstrumentingArtifactTransform
Transforming asm-tree-9.6.jar (org.ow2.asm:asm-tree:9.6) with ExternalDependencyInstrumentingArtifactTransform
Transforming jaxb-runtime-2.3.2.jar (org.glassfish.jaxb:jaxb-runtime:2.3.2) with ExternalDependencyInstrumentingArtifactTransform
Transforming bcpkix-jdk18on-1.77.jar (org.bouncycastle:bcpkix-jdk18on:1.77) with ExternalDependencyInstrumentingArtifactTransform
Transforming apkzlib-8.7.2.jar (com.android.tools.build:apkzlib:8.7.2) with ExternalDependencyInstrumentingArtifactTransform
Transforming commons-io-2.13.0.jar (commons-io:commons-io:2.13.0) with ExternalDependencyInstrumentingArtifactTransform
Transforming protobuf-java-util-3.22.3.jar (com.google.protobuf:protobuf-java-util:3.22.3) with ExternalDependencyInstrumentingArtifactTransform
Transforming jopt-simple-4.9.jar (net.sf.jopt-simple:jopt-simple:4.9) with ExternalDependencyInstrumentingArtifactTransform
Transforming javapoet-1.10.0.jar (com.squareup:javapoet:1.10.0) with ExternalDependencyInstrumentingArtifactTransform
Transforming proto-google-common-protos-2.17.0.jar (com.google.api.grpc:proto-google-common-protos:2.17.0) with ExternalDependencyInstrumentingArtifactTransform
Transforming protobuf-java-3.22.3.jar (com.google.protobuf:protobuf-java:3.22.3) with ExternalDependencyInstrumentingArtifactTransform
Transforming asm-9.6.jar (org.ow2.asm:asm:9.6) with ExternalDependencyInstrumentingArtifactTransform
Transforming grpc-netty-1.57.0.jar (io.grpc:grpc-netty:1.57.0) with ExternalDependencyInstrumentingArtifactTransform
Transforming asm-util-9.6.jar (org.ow2.asm:asm-util:9.6) with ExternalDependencyInstrumentingArtifactTransform
Transforming protos-31.7.2.jar (com.android.tools.analytics-library:protos:31.7.2) with ExternalDependencyInstrumentingArtifactTransform
Transforming tink-1.7.0.jar (com.google.crypto.tink:tink:1.7.0) with ExternalDependencyInstrumentingArtifactTransform
Transforming grpc-protobuf-1.57.0.jar (io.grpc:grpc-protobuf:1.57.0) with ExternalDependencyInstrumentingArtifactTransform
Transforming gson-2.10.1.jar (com.google.code.gson:gson:2.10.1) with ExternalDependencyInstrumentingArtifactTransform
Transforming grpc-stub-1.57.0.jar (io.grpc:grpc-stub:1.57.0) with ExternalDependencyInstrumentingArtifactTransform
Transforming core-proto-0.0.9-alpha02.jar (com.google.testing.platform:core-proto:0.0.9-alpha02) with ExternalDependencyInstrumentingArtifactTransform
Transforming tensorflow-lite-metadata-0.1.0-rc2.jar (org.tensorflow:tensorflow-lite-metadata:0.1.0-rc2) with ExternalDependencyInstrumentingArtifactTransform
Transforming flatbuffers-java-1.12.0.jar (com.google.flatbuffers:flatbuffers-java:1.12.0) with ExternalDependencyInstrumentingArtifactTransform
Transforming grpc-context-1.57.0.jar (io.grpc:grpc-context:1.57.0) with ExternalDependencyInstrumentingArtifactTransform
Transforming grpc-core-1.57.0.jar (io.grpc:grpc-core:1.57.0) with ExternalDependencyInstrumentingArtifactTransform
Transforming guava-32.0.1-jre.jar (com.google.guava:guava:32.0.1-jre) with ExternalDependencyInstrumentingArtifactTransform
Transforming jimfs-1.1.jar (com.google.jimfs:jimfs:1.1) with ExternalDependencyInstrumentingArtifactTransform
Transforming grpc-protobuf-lite-1.57.0.jar (io.grpc:grpc-protobuf-lite:1.57.0) with ExternalDependencyInstrumentingArtifactTransform
Transforming kxml2-2.3.0.jar (net.sf.kxml:kxml2:2.3.0) with ExternalDependencyInstrumentingArtifactTransform
Transforming bcutil-jdk18on-1.77.jar (org.bouncycastle:bcutil-jdk18on:1.77) with ExternalDependencyInstrumentingArtifactTransform
Transforming grpc-api-1.57.0.jar (io.grpc:grpc-api:1.57.0) with ExternalDependencyInstrumentingArtifactTransform
Transforming dagger-2.28.3.jar (com.google.dagger:dagger:2.28.3) with ExternalDependencyInstrumentingArtifactTransform
Transforming javax.inject-1.jar (javax.inject:javax.inject:1) with ExternalDependencyInstrumentingArtifactTransform
Transforming trove4j-1.0.20200330.jar (org.jetbrains.intellij.deps:trove4j:1.0.20200330) with ExternalDependencyInstrumentingArtifactTransform
Transforming annotations-23.0.0.jar (org.jetbrains:annotations:23.0.0) with ExternalDependencyInstrumentingArtifactTransform
Transforming commons-compress-1.21.jar (org.apache.commons:commons-compress:1.21) with ExternalDependencyInstrumentingArtifactTransform
Transforming httpclient-4.5.14.jar (org.apache.httpcomponents:httpclient:4.5.14) with ExternalDependencyInstrumentingArtifactTransform
Transforming javax.activation-1.2.0.jar (com.sun.activation:javax.activation:1.2.0) with ExternalDependencyInstrumentingArtifactTransform
Transforming bcprov-jdk18on-1.77.jar (org.bouncycastle:bcprov-jdk18on:1.77) with ExternalDependencyInstrumentingArtifactTransform
Transforming annotations-31.7.2.jar (com.android.tools:annotations:31.7.2) with ExternalDependencyInstrumentingArtifactTransform
Transforming signflinger-8.7.2.jar (com.android:signflinger:8.7.2) with ExternalDependencyInstrumentingArtifactTransform
Transforming httpcore-4.4.16.jar (org.apache.httpcomponents:httpcore:4.4.16) with ExternalDependencyInstrumentingArtifactTransform
Transforming zipflinger-8.7.2.jar (com.android:zipflinger:8.7.2) with ExternalDependencyInstrumentingArtifactTransform
Transforming juniversalchardet-1.0.3.jar (com.googlecode.juniversalchardet:juniversalchardet:1.0.3) with ExternalDependencyInstrumentingArtifactTransform
Transforming jakarta.xml.bind-api-2.3.2.jar (jakarta.xml.bind:jakarta.xml.bind-api:2.3.2) with ExternalDependencyInstrumentingArtifactTransform
Transforming javax.annotation-api-1.3.2.jar (javax.annotation:javax.annotation-api:1.3.2) with ExternalDependencyInstrumentingArtifactTransform
Transforming FastInfoset-1.2.16.jar (com.sun.xml.fastinfoset:FastInfoset:1.2.16) with ExternalDependencyInstrumentingArtifactTransform
Transforming txw2-2.3.2.jar (org.glassfish.jaxb:txw2:2.3.2) with ExternalDependencyInstrumentingArtifactTransform
Transforming stax-ex-1.8.1.jar (org.jvnet.staxex:stax-ex:1.8.1) with ExternalDependencyInstrumentingArtifactTransform
Transforming error_prone_annotations-2.18.0.jar (com.google.errorprone:error_prone_annotations:2.18.0) with ExternalDependencyInstrumentingArtifactTransform
Transforming jakarta.activation-api-1.2.1.jar (jakarta.activation:jakarta.activation-api:1.2.1) with ExternalDependencyInstrumentingArtifactTransform
Transforming auto-value-annotations-1.6.2.jar (com.google.auto.value:auto-value-annotations:1.6.2) with ExternalDependencyInstrumentingArtifactTransform
Transforming jna-platform-5.6.0.jar (net.java.dev.jna:jna-platform:5.6.0) with ExternalDependencyInstrumentingArtifactTransform
Transforming istack-commons-runtime-3.0.8.jar (com.sun.istack:istack-commons-runtime:3.0.8) with ExternalDependencyInstrumentingArtifactTransform
Transforming jose4j-0.9.5.jar (org.bitbucket.b_c:jose4j:0.9.5) with ExternalDependencyInstrumentingArtifactTransform
Transforming j2objc-annotations-2.8.jar (com.google.j2objc:j2objc-annotations:2.8) with ExternalDependencyInstrumentingArtifactTransform
Transforming animal-sniffer-annotations-1.23.jar (org.codehaus.mojo:animal-sniffer-annotations:1.23) with ExternalDependencyInstrumentingArtifactTransform
Transforming slf4j-api-1.7.30.jar (org.slf4j:slf4j-api:1.7.30) with ExternalDependencyInstrumentingArtifactTransform
Transforming netty-handler-proxy-4.1.93.Final.jar (io.netty:netty-handler-proxy:4.1.93.Final) with ExternalDependencyInstrumentingArtifactTransform
Transforming annotations-4.1.1.4.jar (com.google.android:annotations:4.1.1.4) with ExternalDependencyInstrumentingArtifactTransform
Transforming jdom2-2.0.6.jar (org.jdom:jdom2:2.0.6) with ExternalDependencyInstrumentingArtifactTransform
Transforming perfmark-api-0.26.0.jar (io.perfmark:perfmark-api:0.26.0) with ExternalDependencyInstrumentingArtifactTransform
Transforming netty-transport-native-unix-common-4.1.93.Final.jar (io.netty:netty-transport-native-unix-common:4.1.93.Final) with ExternalDependencyInstrumentingArtifactTransform
Transforming netty-codec-http-4.1.93.Final.jar (io.netty:netty-codec-http:4.1.93.Final) with ExternalDependencyInstrumentingArtifactTransform
Transforming jsr305-3.0.2.jar (com.google.code.findbugs:jsr305:3.0.2) with ExternalDependencyInstrumentingArtifactTransform
Transforming netty-codec-http2-4.1.93.Final.jar (io.netty:netty-codec-http2:4.1.93.Final) with ExternalDependencyInstrumentingArtifactTransform
Transforming commons-codec-1.11.jar (commons-codec:commons-codec:1.11) with ExternalDependencyInstrumentingArtifactTransform
Transforming checker-qual-3.33.0.jar (org.checkerframework:checker-qual:3.33.0) with ExternalDependencyInstrumentingArtifactTransform
Transforming netty-handler-4.1.93.Final.jar (io.netty:netty-handler:4.1.93.Final) with ExternalDependencyInstrumentingArtifactTransform
Transforming apksig-8.7.2.jar (com.android.tools.build:apksig:8.7.2) with ExternalDependencyInstrumentingArtifactTransform
Transforming listenablefuture-9999.0-empty-to-avoid-conflict-with-guava.jar (com.google.guava:listenablefuture:9999.0-empty-to-avoid-conflict-with-guava) with ExternalDependencyInstrumentingArtifactTransform
Transforming failureaccess-1.0.1.jar (com.google.guava:failureaccess:1.0.1) with ExternalDependencyInstrumentingArtifactTransform
Transforming javawriter-2.5.0.jar (com.squareup:javawriter:2.5.0) with ExternalDependencyInstrumentingArtifactTransform
Transforming jna-5.6.0.jar (net.java.dev.jna:jna:5.6.0) with ExternalDependencyInstrumentingArtifactTransform
Transforming netty-codec-4.1.93.Final.jar (io.netty:netty-codec:4.1.93.Final) with ExternalDependencyInstrumentingArtifactTransform
Transforming commons-logging-1.2.jar (commons-logging:commons-logging:1.2) with ExternalDependencyInstrumentingArtifactTransform
Transforming netty-codec-socks-4.1.93.Final.jar (io.netty:netty-codec-socks:4.1.93.Final) with ExternalDependencyInstrumentingArtifactTransform
Transforming netty-resolver-4.1.93.Final.jar (io.netty:netty-resolver:4.1.93.Final) with ExternalDependencyInstrumentingArtifactTransform
Transforming netty-transport-4.1.93.Final.jar (io.netty:netty-transport:4.1.93.Final) with ExternalDependencyInstrumentingArtifactTransform
Transforming netty-buffer-4.1.93.Final.jar (io.netty:netty-buffer:4.1.93.Final) with ExternalDependencyInstrumentingArtifactTransform
Transforming netty-common-4.1.93.Final.jar (io.netty:netty-common:4.1.93.Final) with ExternalDependencyInstrumentingArtifactTransform
Using default execution profile

> Configure project :capacitor-app
Evaluating project ':capacitor-app' using build file 'C:\Users\tienv\OneDrive\Desktop\MAIMAI_ANDROID\node_modules\@capacitor\app\android\build.gradle'.
Transforming gradle-8.7.2.jar (com.android.tools.build:gradle:8.7.2) with InstrumentationAnalysisTransform
Transforming gradle-settings-api-8.7.2.jar (com.android.tools.build:gradle-settings-api:8.7.2) with InstrumentationAnalysisTransform
Transforming lint-model-31.7.2.jar (com.android.tools.lint:lint-model:31.7.2) with InstrumentationAnalysisTransform
Transforming builder-8.7.2.jar (com.android.tools.build:builder:8.7.2) with InstrumentationAnalysisTransform
Transforming manifest-merger-31.7.2.jar (com.android.tools.build:manifest-merger:31.7.2) with InstrumentationAnalysisTransform
Transforming sdk-common-31.7.2.jar (com.android.tools:sdk-common:31.7.2) with InstrumentationAnalysisTransform
Transforming sdklib-31.7.2.jar (com.android.tools:sdklib:31.7.2) with InstrumentationAnalysisTransform
Transforming repository-31.7.2.jar (com.android.tools:repository:31.7.2) with InstrumentationAnalysisTransform
Transforming gradle-api-8.7.2.jar (com.android.tools.build:gradle-api:8.7.2) with InstrumentationAnalysisTransform
Transforming builder-test-api-8.7.2.jar (com.android.tools.build:builder-test-api:8.7.2) with InstrumentationAnalysisTransform
Transforming ddmlib-31.7.2.jar (com.android.tools.ddms:ddmlib:31.7.2) with InstrumentationAnalysisTransform
Transforming aaptcompiler-8.7.2.jar (com.android.tools.build:aaptcompiler:8.7.2) with InstrumentationAnalysisTransform
Transforming bundletool-1.17.1.jar (com.android.tools.build:bundletool:1.17.1) with InstrumentationAnalysisTransform
Transforming aapt2-proto-8.7.2-12006047.jar (com.android.tools.build:aapt2-proto:8.7.2-12006047) with InstrumentationAnalysisTransform
Transforming crash-31.7.2.jar (com.android.tools.analytics-library:crash:31.7.2) with InstrumentationAnalysisTransform
Transforming tracker-31.7.2.jar (com.android.tools.analytics-library:tracker:31.7.2) with InstrumentationAnalysisTransform
Transforming shared-31.7.2.jar (com.android.tools.analytics-library:shared:31.7.2) with InstrumentationAnalysisTransform
Transforming lint-typedef-remover-31.7.2.jar (com.android.tools.lint:lint-typedef-remover:31.7.2) with InstrumentationAnalysisTransform
Transforming databinding-compiler-common-8.7.2.jar (androidx.databinding:databinding-compiler-common:8.7.2) with InstrumentationAnalysisTransform
Transforming databinding-common-8.7.2.jar (androidx.databinding:databinding-common:8.7.2) with InstrumentationAnalysisTransform
Transforming baseLibrary-8.7.2.jar (com.android.databinding:baseLibrary:8.7.2) with InstrumentationAnalysisTransform
Transforming layoutlib-api-31.7.2.jar (com.android.tools.layoutlib:layoutlib-api:31.7.2) with InstrumentationAnalysisTransform
Transforming android-device-provider-ddmlib-proto-31.7.2.jar (com.android.tools.utp:android-device-provider-ddmlib-proto:31.7.2) with InstrumentationAnalysisTransform
Transforming android-device-provider-gradle-proto-31.7.2.jar (com.android.tools.utp:android-device-provider-gradle-proto:31.7.2) with InstrumentationAnalysisTransform
Transforming android-device-provider-profile-proto-31.7.2.jar (com.android.tools.utp:android-device-provider-profile-proto:31.7.2) with InstrumentationAnalysisTransform
Transforming android-test-plugin-host-additional-test-output-proto-31.7.2.jar (com.android.tools.utp:android-test-plugin-host-additional-test-output-proto:31.7.2) with InstrumentationAnalysisTransform
Transforming android-test-plugin-host-coverage-proto-31.7.2.jar (com.android.tools.utp:android-test-plugin-host-coverage-proto:31.7.2) with InstrumentationAnalysisTransform
Transforming android-test-plugin-host-emulator-control-proto-31.7.2.jar (com.android.tools.utp:android-test-plugin-host-emulator-control-proto:31.7.2) with InstrumentationAnalysisTransform
Transforming android-test-plugin-host-logcat-proto-31.7.2.jar (com.android.tools.utp:android-test-plugin-host-logcat-proto:31.7.2) with InstrumentationAnalysisTransform
Transforming android-test-plugin-host-apk-installer-proto-31.7.2.jar (com.android.tools.utp:android-test-plugin-host-apk-installer-proto:31.7.2) with InstrumentationAnalysisTransform
Transforming android-test-plugin-host-retention-proto-31.7.2.jar (com.android.tools.utp:android-test-plugin-host-retention-proto:31.7.2) with InstrumentationAnalysisTransform
Transforming android-test-plugin-result-listener-gradle-proto-31.7.2.jar (com.android.tools.utp:android-test-plugin-result-listener-gradle-proto:31.7.2) with InstrumentationAnalysisTransform
Transforming builder-model-8.7.2.jar (com.android.tools.build:builder-model:8.7.2) with InstrumentationAnalysisTransform
Transforming dvlib-31.7.2.jar (com.android.tools:dvlib:31.7.2) with InstrumentationAnalysisTransform
Transforming common-31.7.2.jar (com.android.tools:common:31.7.2) with InstrumentationAnalysisTransform
Transforming jetifier-processor-1.0.0-beta10.jar (com.android.tools.build.jetifier:jetifier-processor:1.0.0-beta10) with InstrumentationAnalysisTransform
Transforming jetifier-core-1.0.0-beta10.jar (com.android.tools.build.jetifier:jetifier-core:1.0.0-beta10) with InstrumentationAnalysisTransform
Transforming kotlin-reflect-1.9.20.jar (org.jetbrains.kotlin:kotlin-reflect:1.9.20) with InstrumentationAnalysisTransform
Transforming kotlin-stdlib-jdk7-1.9.20.jar (org.jetbrains.kotlin:kotlin-stdlib-jdk7:1.9.20) with InstrumentationAnalysisTransform
Transforming kotlin-stdlib-1.9.20.jar (org.jetbrains.kotlin:kotlin-stdlib:1.9.20) with InstrumentationAnalysisTransform
Transforming kotlin-stdlib-jdk8-1.9.20.jar (org.jetbrains.kotlin:kotlin-stdlib-jdk8:1.9.20) with InstrumentationAnalysisTransform
Transforming transform-api-2.0.0-deprecated-use-gradle-api.jar (com.android.tools.build:transform-api:2.0.0-deprecated-use-gradle-api) with InstrumentationAnalysisTransform
Transforming httpmime-4.5.6.jar (org.apache.httpcomponents:httpmime:4.5.6) with InstrumentationAnalysisTransform
Transforming commons-io-2.13.0.jar (commons-io:commons-io:2.13.0) with InstrumentationAnalysisTransform
Transforming asm-commons-9.6.jar (org.ow2.asm:asm-commons:9.6) with InstrumentationAnalysisTransform
Transforming asm-util-9.6.jar (org.ow2.asm:asm-util:9.6) with InstrumentationAnalysisTransform
Transforming asm-analysis-9.6.jar (org.ow2.asm:asm-analysis:9.6) with InstrumentationAnalysisTransform
Transforming asm-tree-9.6.jar (org.ow2.asm:asm-tree:9.6) with InstrumentationAnalysisTransform
Transforming asm-9.6.jar (org.ow2.asm:asm:9.6) with InstrumentationAnalysisTransform
Transforming apkzlib-8.7.2.jar (com.android.tools.build:apkzlib:8.7.2) with InstrumentationAnalysisTransform
Transforming bcpkix-jdk18on-1.77.jar (org.bouncycastle:bcpkix-jdk18on:1.77) with InstrumentationAnalysisTransform
Transforming jaxb-runtime-2.3.2.jar (org.glassfish.jaxb:jaxb-runtime:2.3.2) with InstrumentationAnalysisTransform
Transforming jopt-simple-4.9.jar (net.sf.jopt-simple:jopt-simple:4.9) with InstrumentationAnalysisTransform
Transforming javapoet-1.10.0.jar (com.squareup:javapoet:1.10.0) with InstrumentationAnalysisTransform
Transforming protobuf-java-util-3.22.3.jar (com.google.protobuf:protobuf-java-util:3.22.3) with InstrumentationAnalysisTransform
Transforming grpc-protobuf-1.57.0.jar (io.grpc:grpc-protobuf:1.57.0) with InstrumentationAnalysisTransform
Transforming tink-1.7.0.jar (com.google.crypto.tink:tink:1.7.0) with InstrumentationAnalysisTransform
Transforming protos-31.7.2.jar (com.android.tools.analytics-library:protos:31.7.2) with InstrumentationAnalysisTransform
Transforming proto-google-common-protos-2.17.0.jar (com.google.api.grpc:proto-google-common-protos:2.17.0) with InstrumentationAnalysisTransform
Transforming protobuf-java-3.22.3.jar (com.google.protobuf:protobuf-java:3.22.3) with InstrumentationAnalysisTransform
Transforming grpc-netty-1.57.0.jar (io.grpc:grpc-netty:1.57.0) with InstrumentationAnalysisTransform
Transforming grpc-core-1.57.0.jar (io.grpc:grpc-core:1.57.0) with InstrumentationAnalysisTransform
Transforming gson-2.10.1.jar (com.google.code.gson:gson:2.10.1) with InstrumentationAnalysisTransform
Transforming grpc-stub-1.57.0.jar (io.grpc:grpc-stub:1.57.0) with InstrumentationAnalysisTransform
Transforming core-proto-0.0.9-alpha02.jar (com.google.testing.platform:core-proto:0.0.9-alpha02) with InstrumentationAnalysisTransform
Transforming tensorflow-lite-metadata-0.1.0-rc2.jar (org.tensorflow:tensorflow-lite-metadata:0.1.0-rc2) with InstrumentationAnalysisTransform
Transforming flatbuffers-java-1.12.0.jar (com.google.flatbuffers:flatbuffers-java:1.12.0) with InstrumentationAnalysisTransform
Transforming jimfs-1.1.jar (com.google.jimfs:jimfs:1.1) with InstrumentationAnalysisTransform
Transforming grpc-context-1.57.0.jar (io.grpc:grpc-context:1.57.0) with InstrumentationAnalysisTransform
Transforming grpc-protobuf-lite-1.57.0.jar (io.grpc:grpc-protobuf-lite:1.57.0) with InstrumentationAnalysisTransform
Transforming grpc-api-1.57.0.jar (io.grpc:grpc-api:1.57.0) with InstrumentationAnalysisTransform
Transforming guava-32.0.1-jre.jar (com.google.guava:guava:32.0.1-jre) with InstrumentationAnalysisTransform
Transforming dagger-2.28.3.jar (com.google.dagger:dagger:2.28.3) with InstrumentationAnalysisTransform
Transforming javax.inject-1.jar (javax.inject:javax.inject:1) with InstrumentationAnalysisTransform
Transforming kxml2-2.3.0.jar (net.sf.kxml:kxml2:2.3.0) with InstrumentationAnalysisTransform
Transforming bcutil-jdk18on-1.77.jar (org.bouncycastle:bcutil-jdk18on:1.77) with InstrumentationAnalysisTransform
Transforming bcprov-jdk18on-1.77.jar (org.bouncycastle:bcprov-jdk18on:1.77) with InstrumentationAnalysisTransform
Transforming trove4j-1.0.20200330.jar (org.jetbrains.intellij.deps:trove4j:1.0.20200330) with InstrumentationAnalysisTransform
Transforming commons-compress-1.21.jar (org.apache.commons:commons-compress:1.21) with InstrumentationAnalysisTransform
Transforming httpclient-4.5.14.jar (org.apache.httpcomponents:httpclient:4.5.14) with InstrumentationAnalysisTransform
Transforming httpcore-4.4.16.jar (org.apache.httpcomponents:httpcore:4.4.16) with InstrumentationAnalysisTransform
Transforming javax.activation-1.2.0.jar (com.sun.activation:javax.activation:1.2.0) with InstrumentationAnalysisTransform
Transforming annotations-23.0.0.jar (org.jetbrains:annotations:23.0.0) with InstrumentationAnalysisTransform
Transforming signflinger-8.7.2.jar (com.android:signflinger:8.7.2) with InstrumentationAnalysisTransform
Transforming zipflinger-8.7.2.jar (com.android:zipflinger:8.7.2) with InstrumentationAnalysisTransform
Transforming annotations-31.7.2.jar (com.android.tools:annotations:31.7.2) with InstrumentationAnalysisTransform
Transforming jna-platform-5.6.0.jar (net.java.dev.jna:jna-platform:5.6.0) with InstrumentationAnalysisTransform
Transforming juniversalchardet-1.0.3.jar (com.googlecode.juniversalchardet:juniversalchardet:1.0.3) with InstrumentationAnalysisTransform
Transforming javax.annotation-api-1.3.2.jar (javax.annotation:javax.annotation-api:1.3.2) with InstrumentationAnalysisTransform
Transforming stax-ex-1.8.1.jar (org.jvnet.staxex:stax-ex:1.8.1) with InstrumentationAnalysisTransform
Transforming jakarta.xml.bind-api-2.3.2.jar (jakarta.xml.bind:jakarta.xml.bind-api:2.3.2) with InstrumentationAnalysisTransform
Transforming txw2-2.3.2.jar (org.glassfish.jaxb:txw2:2.3.2) with InstrumentationAnalysisTransform
Transforming istack-commons-runtime-3.0.8.jar (com.sun.istack:istack-commons-runtime:3.0.8) with InstrumentationAnalysisTransform
Transforming FastInfoset-1.2.16.jar (com.sun.xml.fastinfoset:FastInfoset:1.2.16) with InstrumentationAnalysisTransform
Transforming jakarta.activation-api-1.2.1.jar (jakarta.activation:jakarta.activation-api:1.2.1) with InstrumentationAnalysisTransform
Transforming auto-value-annotations-1.6.2.jar (com.google.auto.value:auto-value-annotations:1.6.2) with InstrumentationAnalysisTransform
Transforming error_prone_annotations-2.18.0.jar (com.google.errorprone:error_prone_annotations:2.18.0) with InstrumentationAnalysisTransform
Transforming jose4j-0.9.5.jar (org.bitbucket.b_c:jose4j:0.9.5) with InstrumentationAnalysisTransform
Transforming slf4j-api-1.7.30.jar (org.slf4j:slf4j-api:1.7.30) with InstrumentationAnalysisTransform
Transforming jdom2-2.0.6.jar (org.jdom:jdom2:2.0.6) with InstrumentationAnalysisTransform
Transforming jsr305-3.0.2.jar (com.google.code.findbugs:jsr305:3.0.2) with InstrumentationAnalysisTransform
Transforming j2objc-annotations-2.8.jar (com.google.j2objc:j2objc-annotations:2.8) with InstrumentationAnalysisTransform
Transforming annotations-4.1.1.4.jar (com.google.android:annotations:4.1.1.4) with InstrumentationAnalysisTransform
Transforming animal-sniffer-annotations-1.23.jar (org.codehaus.mojo:animal-sniffer-annotations:1.23) with InstrumentationAnalysisTransform
Transforming perfmark-api-0.26.0.jar (io.perfmark:perfmark-api:0.26.0) with InstrumentationAnalysisTransform
Transforming netty-codec-http2-4.1.93.Final.jar (io.netty:netty-codec-http2:4.1.93.Final) with InstrumentationAnalysisTransform
Transforming netty-handler-proxy-4.1.93.Final.jar (io.netty:netty-handler-proxy:4.1.93.Final) with InstrumentationAnalysisTransform
Transforming netty-codec-http-4.1.93.Final.jar (io.netty:netty-codec-http:4.1.93.Final) with InstrumentationAnalysisTransform
Transforming netty-handler-4.1.93.Final.jar (io.netty:netty-handler:4.1.93.Final) with InstrumentationAnalysisTransform
Transforming netty-transport-native-unix-common-4.1.93.Final.jar (io.netty:netty-transport-native-unix-common:4.1.93.Final) with InstrumentationAnalysisTransform
Transforming checker-qual-3.33.0.jar (org.checkerframework:checker-qual:3.33.0) with InstrumentationAnalysisTransform
Transforming commons-codec-1.11.jar (commons-codec:commons-codec:1.11) with InstrumentationAnalysisTransform
Transforming apksig-8.7.2.jar (com.android.tools.build:apksig:8.7.2) with InstrumentationAnalysisTransform
Transforming javawriter-2.5.0.jar (com.squareup:javawriter:2.5.0) with InstrumentationAnalysisTransform
Transforming failureaccess-1.0.1.jar (com.google.guava:failureaccess:1.0.1) with InstrumentationAnalysisTransform
Transforming listenablefuture-9999.0-empty-to-avoid-conflict-with-guava.jar (com.google.guava:listenablefuture:9999.0-empty-to-avoid-conflict-with-guava) with InstrumentationAnalysisTransform
Transforming commons-logging-1.2.jar (commons-logging:commons-logging:1.2) with InstrumentationAnalysisTransform
Transforming jna-5.6.0.jar (net.java.dev.jna:jna:5.6.0) with InstrumentationAnalysisTransform
Transforming netty-codec-socks-4.1.93.Final.jar (io.netty:netty-codec-socks:4.1.93.Final) with InstrumentationAnalysisTransform
Transforming netty-codec-4.1.93.Final.jar (io.netty:netty-codec:4.1.93.Final) with InstrumentationAnalysisTransform
Transforming netty-transport-4.1.93.Final.jar (io.netty:netty-transport:4.1.93.Final) with InstrumentationAnalysisTransform
Transforming netty-buffer-4.1.93.Final.jar (io.netty:netty-buffer:4.1.93.Final) with InstrumentationAnalysisTransform
Transforming netty-resolver-4.1.93.Final.jar (io.netty:netty-resolver:4.1.93.Final) with InstrumentationAnalysisTransform
Transforming netty-common-4.1.93.Final.jar (io.netty:netty-common:4.1.93.Final) with InstrumentationAnalysisTransform
Transforming gradle-8.7.2.jar (com.android.tools.build:gradle:8.7.2) with InstrumentationAnalysisTransform
Transforming gradle-8.7.2.jar (com.android.tools.build:gradle:8.7.2) with MergeInstrumentationAnalysisTransform
Transforming gradle-settings-api-8.7.2.jar (com.android.tools.build:gradle-settings-api:8.7.2) with InstrumentationAnalysisTransform
Transforming gradle-settings-api-8.7.2.jar (com.android.tools.build:gradle-settings-api:8.7.2) with MergeInstrumentationAnalysisTransform
Transforming gradle-8.7.2.jar (com.android.tools.build:gradle:8.7.2) with ExternalDependencyInstrumentingArtifactTransform
Transforming lint-model-31.7.2.jar (com.android.tools.lint:lint-model:31.7.2) with InstrumentationAnalysisTransform
Transforming lint-model-31.7.2.jar (com.android.tools.lint:lint-model:31.7.2) with MergeInstrumentationAnalysisTransform
Transforming gradle-settings-api-8.7.2.jar (com.android.tools.build:gradle-settings-api:8.7.2) with ExternalDependencyInstrumentingArtifactTransform
Transforming builder-8.7.2.jar (com.android.tools.build:builder:8.7.2) with InstrumentationAnalysisTransform
Transforming builder-8.7.2.jar (com.android.tools.build:builder:8.7.2) with MergeInstrumentationAnalysisTransform
Transforming lint-model-31.7.2.jar (com.android.tools.lint:lint-model:31.7.2) with ExternalDependencyInstrumentingArtifactTransform
Transforming manifest-merger-31.7.2.jar (com.android.tools.build:manifest-merger:31.7.2) with InstrumentationAnalysisTransform
Transforming manifest-merger-31.7.2.jar (com.android.tools.build:manifest-merger:31.7.2) with MergeInstrumentationAnalysisTransform
Transforming builder-8.7.2.jar (com.android.tools.build:builder:8.7.2) with ExternalDependencyInstrumentingArtifactTransform
Transforming sdk-common-31.7.2.jar (com.android.tools:sdk-common:31.7.2) with InstrumentationAnalysisTransform
Transforming sdk-common-31.7.2.jar (com.android.tools:sdk-common:31.7.2) with MergeInstrumentationAnalysisTransform
Transforming manifest-merger-31.7.2.jar (com.android.tools.build:manifest-merger:31.7.2) with ExternalDependencyInstrumentingArtifactTransform
Transforming sdklib-31.7.2.jar (com.android.tools:sdklib:31.7.2) with InstrumentationAnalysisTransform
Transforming sdklib-31.7.2.jar (com.android.tools:sdklib:31.7.2) with MergeInstrumentationAnalysisTransform
Transforming sdk-common-31.7.2.jar (com.android.tools:sdk-common:31.7.2) with ExternalDependencyInstrumentingArtifactTransform
Transforming repository-31.7.2.jar (com.android.tools:repository:31.7.2) with InstrumentationAnalysisTransform
Transforming repository-31.7.2.jar (com.android.tools:repository:31.7.2) with MergeInstrumentationAnalysisTransform
Transforming sdklib-31.7.2.jar (com.android.tools:sdklib:31.7.2) with ExternalDependencyInstrumentingArtifactTransform
Transforming gradle-api-8.7.2.jar (com.android.tools.build:gradle-api:8.7.2) with InstrumentationAnalysisTransform
Transforming gradle-api-8.7.2.jar (com.android.tools.build:gradle-api:8.7.2) with MergeInstrumentationAnalysisTransform
Transforming repository-31.7.2.jar (com.android.tools:repository:31.7.2) with ExternalDependencyInstrumentingArtifactTransform
Transforming builder-test-api-8.7.2.jar (com.android.tools.build:builder-test-api:8.7.2) with InstrumentationAnalysisTransform
Transforming builder-test-api-8.7.2.jar (com.android.tools.build:builder-test-api:8.7.2) with MergeInstrumentationAnalysisTransform
Transforming gradle-api-8.7.2.jar (com.android.tools.build:gradle-api:8.7.2) with ExternalDependencyInstrumentingArtifactTransform
Transforming ddmlib-31.7.2.jar (com.android.tools.ddms:ddmlib:31.7.2) with InstrumentationAnalysisTransform
Transforming builder-test-api-8.7.2.jar (com.android.tools.build:builder-test-api:8.7.2) with ExternalDependencyInstrumentingArtifactTransform
Transforming ddmlib-31.7.2.jar (com.android.tools.ddms:ddmlib:31.7.2) with MergeInstrumentationAnalysisTransform
Transforming aaptcompiler-8.7.2.jar (com.android.tools.build:aaptcompiler:8.7.2) with InstrumentationAnalysisTransform
Transforming ddmlib-31.7.2.jar (com.android.tools.ddms:ddmlib:31.7.2) with ExternalDependencyInstrumentingArtifactTransform
Transforming aaptcompiler-8.7.2.jar (com.android.tools.build:aaptcompiler:8.7.2) with MergeInstrumentationAnalysisTransform
Transforming bundletool-1.17.1.jar (com.android.tools.build:bundletool:1.17.1) with InstrumentationAnalysisTransform
Transforming bundletool-1.17.1.jar (com.android.tools.build:bundletool:1.17.1) with MergeInstrumentationAnalysisTransform
Transforming aapt2-proto-8.7.2-12006047.jar (com.android.tools.build:aapt2-proto:8.7.2-12006047) with InstrumentationAnalysisTransform
Transforming aaptcompiler-8.7.2.jar (com.android.tools.build:aaptcompiler:8.7.2) with ExternalDependencyInstrumentingArtifactTransform
Transforming aapt2-proto-8.7.2-12006047.jar (com.android.tools.build:aapt2-proto:8.7.2-12006047) with MergeInstrumentationAnalysisTransform
Transforming crash-31.7.2.jar (com.android.tools.analytics-library:crash:31.7.2) with InstrumentationAnalysisTransform
Transforming bundletool-1.17.1.jar (com.android.tools.build:bundletool:1.17.1) with ExternalDependencyInstrumentingArtifactTransform
Transforming aapt2-proto-8.7.2-12006047.jar (com.android.tools.build:aapt2-proto:8.7.2-12006047) with ExternalDependencyInstrumentingArtifactTransform
Transforming crash-31.7.2.jar (com.android.tools.analytics-library:crash:31.7.2) with MergeInstrumentationAnalysisTransform
Transforming tracker-31.7.2.jar (com.android.tools.analytics-library:tracker:31.7.2) with InstrumentationAnalysisTransform
Transforming crash-31.7.2.jar (com.android.tools.analytics-library:crash:31.7.2) with ExternalDependencyInstrumentingArtifactTransform
Transforming tracker-31.7.2.jar (com.android.tools.analytics-library:tracker:31.7.2) with MergeInstrumentationAnalysisTransform
Transforming shared-31.7.2.jar (com.android.tools.analytics-library:shared:31.7.2) with InstrumentationAnalysisTransform
Transforming shared-31.7.2.jar (com.android.tools.analytics-library:shared:31.7.2) with MergeInstrumentationAnalysisTransform
Transforming tracker-31.7.2.jar (com.android.tools.analytics-library:tracker:31.7.2) with ExternalDependencyInstrumentingArtifactTransform
Transforming lint-typedef-remover-31.7.2.jar (com.android.tools.lint:lint-typedef-remover:31.7.2) with InstrumentationAnalysisTransform
Transforming lint-typedef-remover-31.7.2.jar (com.android.tools.lint:lint-typedef-remover:31.7.2) with MergeInstrumentationAnalysisTransform
Transforming databinding-compiler-common-8.7.2.jar (androidx.databinding:databinding-compiler-common:8.7.2) with InstrumentationAnalysisTransform
Transforming shared-31.7.2.jar (com.android.tools.analytics-library:shared:31.7.2) with ExternalDependencyInstrumentingArtifactTransform
Transforming databinding-compiler-common-8.7.2.jar (androidx.databinding:databinding-compiler-common:8.7.2) with MergeInstrumentationAnalysisTransform
Transforming lint-typedef-remover-31.7.2.jar (com.android.tools.lint:lint-typedef-remover:31.7.2) with ExternalDependencyInstrumentingArtifactTransform
Transforming databinding-common-8.7.2.jar (androidx.databinding:databinding-common:8.7.2) with InstrumentationAnalysisTransform
Transforming databinding-compiler-common-8.7.2.jar (androidx.databinding:databinding-compiler-common:8.7.2) with ExternalDependencyInstrumentingArtifactTransform
Transforming databinding-common-8.7.2.jar (androidx.databinding:databinding-common:8.7.2) with MergeInstrumentationAnalysisTransform
Transforming baseLibrary-8.7.2.jar (com.android.databinding:baseLibrary:8.7.2) with InstrumentationAnalysisTransform
Transforming databinding-common-8.7.2.jar (androidx.databinding:databinding-common:8.7.2) with ExternalDependencyInstrumentingArtifactTransform
Transforming baseLibrary-8.7.2.jar (com.android.databinding:baseLibrary:8.7.2) with MergeInstrumentationAnalysisTransform
Transforming layoutlib-api-31.7.2.jar (com.android.tools.layoutlib:layoutlib-api:31.7.2) with InstrumentationAnalysisTransform
Transforming layoutlib-api-31.7.2.jar (com.android.tools.layoutlib:layoutlib-api:31.7.2) with MergeInstrumentationAnalysisTransform
Transforming android-device-provider-ddmlib-proto-31.7.2.jar (com.android.tools.utp:android-device-provider-ddmlib-proto:31.7.2) with InstrumentationAnalysisTransform
Transforming baseLibrary-8.7.2.jar (com.android.databinding:baseLibrary:8.7.2) with ExternalDependencyInstrumentingArtifactTransform
Transforming android-device-provider-ddmlib-proto-31.7.2.jar (com.android.tools.utp:android-device-provider-ddmlib-proto:31.7.2) with MergeInstrumentationAnalysisTransform
Transforming android-device-provider-gradle-proto-31.7.2.jar (com.android.tools.utp:android-device-provider-gradle-proto:31.7.2) with InstrumentationAnalysisTransform
Transforming layoutlib-api-31.7.2.jar (com.android.tools.layoutlib:layoutlib-api:31.7.2) with ExternalDependencyInstrumentingArtifactTransform
Transforming android-device-provider-gradle-proto-31.7.2.jar (com.android.tools.utp:android-device-provider-gradle-proto:31.7.2) with MergeInstrumentationAnalysisTransform
Transforming android-device-provider-profile-proto-31.7.2.jar (com.android.tools.utp:android-device-provider-profile-proto:31.7.2) with InstrumentationAnalysisTransform
Transforming android-device-provider-ddmlib-proto-31.7.2.jar (com.android.tools.utp:android-device-provider-ddmlib-proto:31.7.2) with ExternalDependencyInstrumentingArtifactTransform
Transforming android-device-provider-profile-proto-31.7.2.jar (com.android.tools.utp:android-device-provider-profile-proto:31.7.2) with MergeInstrumentationAnalysisTransform
Transforming android-device-provider-gradle-proto-31.7.2.jar (com.android.tools.utp:android-device-provider-gradle-proto:31.7.2) with ExternalDependencyInstrumentingArtifactTransform
Transforming android-test-plugin-host-additional-test-output-proto-31.7.2.jar (com.android.tools.utp:android-test-plugin-host-additional-test-output-proto:31.7.2) with InstrumentationAnalysisTransform
Transforming android-test-plugin-host-additional-test-output-proto-31.7.2.jar (com.android.tools.utp:android-test-plugin-host-additional-test-output-proto:31.7.2) with MergeInstrumentationAnalysisTransform
Transforming android-device-provider-profile-proto-31.7.2.jar (com.android.tools.utp:android-device-provider-profile-proto:31.7.2) with ExternalDependencyInstrumentingArtifactTransform
Transforming android-test-plugin-host-coverage-proto-31.7.2.jar (com.android.tools.utp:android-test-plugin-host-coverage-proto:31.7.2) with InstrumentationAnalysisTransform
Transforming android-test-plugin-host-coverage-proto-31.7.2.jar (com.android.tools.utp:android-test-plugin-host-coverage-proto:31.7.2) with MergeInstrumentationAnalysisTransform
Transforming android-test-plugin-host-emulator-control-proto-31.7.2.jar (com.android.tools.utp:android-test-plugin-host-emulator-control-proto:31.7.2) with InstrumentationAnalysisTransform
Transforming android-test-plugin-host-additional-test-output-proto-31.7.2.jar (com.android.tools.utp:android-test-plugin-host-additional-test-output-proto:31.7.2) with ExternalDependencyInstrumentingArtifactTransform
Transforming android-test-plugin-host-emulator-control-proto-31.7.2.jar (com.android.tools.utp:android-test-plugin-host-emulator-control-proto:31.7.2) with MergeInstrumentationAnalysisTransform
Transforming android-test-plugin-host-coverage-proto-31.7.2.jar (com.android.tools.utp:android-test-plugin-host-coverage-proto:31.7.2) with ExternalDependencyInstrumentingArtifactTransform
Transforming android-test-plugin-host-logcat-proto-31.7.2.jar (com.android.tools.utp:android-test-plugin-host-logcat-proto:31.7.2) with InstrumentationAnalysisTransform
Transforming android-test-plugin-host-logcat-proto-31.7.2.jar (com.android.tools.utp:android-test-plugin-host-logcat-proto:31.7.2) with MergeInstrumentationAnalysisTransform
Transforming android-test-plugin-host-apk-installer-proto-31.7.2.jar (com.android.tools.utp:android-test-plugin-host-apk-installer-proto:31.7.2) with InstrumentationAnalysisTransform
Transforming android-test-plugin-host-emulator-control-proto-31.7.2.jar (com.android.tools.utp:android-test-plugin-host-emulator-control-proto:31.7.2) with ExternalDependencyInstrumentingArtifactTransform
Transforming android-test-plugin-host-apk-installer-proto-31.7.2.jar (com.android.tools.utp:android-test-plugin-host-apk-installer-proto:31.7.2) with MergeInstrumentationAnalysisTransform
Transforming android-test-plugin-host-logcat-proto-31.7.2.jar (com.android.tools.utp:android-test-plugin-host-logcat-proto:31.7.2) with ExternalDependencyInstrumentingArtifactTransform
Transforming android-test-plugin-host-retention-proto-31.7.2.jar (com.android.tools.utp:android-test-plugin-host-retention-proto:31.7.2) with InstrumentationAnalysisTransform
Transforming android-test-plugin-host-retention-proto-31.7.2.jar (com.android.tools.utp:android-test-plugin-host-retention-proto:31.7.2) with MergeInstrumentationAnalysisTransform
Transforming android-test-plugin-host-apk-installer-proto-31.7.2.jar (com.android.tools.utp:android-test-plugin-host-apk-installer-proto:31.7.2) with ExternalDependencyInstrumentingArtifactTransform
Transforming android-test-plugin-result-listener-gradle-proto-31.7.2.jar (com.android.tools.utp:android-test-plugin-result-listener-gradle-proto:31.7.2) with InstrumentationAnalysisTransform
Transforming android-test-plugin-result-listener-gradle-proto-31.7.2.jar (com.android.tools.utp:android-test-plugin-result-listener-gradle-proto:31.7.2) with MergeInstrumentationAnalysisTransform
Transforming builder-model-8.7.2.jar (com.android.tools.build:builder-model:8.7.2) with InstrumentationAnalysisTransform
Transforming android-test-plugin-host-retention-proto-31.7.2.jar (com.android.tools.utp:android-test-plugin-host-retention-proto:31.7.2) with ExternalDependencyInstrumentingArtifactTransform
Transforming builder-model-8.7.2.jar (com.android.tools.build:builder-model:8.7.2) with MergeInstrumentationAnalysisTransform
Transforming dvlib-31.7.2.jar (com.android.tools:dvlib:31.7.2) with InstrumentationAnalysisTransform
Transforming dvlib-31.7.2.jar (com.android.tools:dvlib:31.7.2) with MergeInstrumentationAnalysisTransform
Transforming common-31.7.2.jar (com.android.tools:common:31.7.2) with InstrumentationAnalysisTransform
Transforming android-test-plugin-result-listener-gradle-proto-31.7.2.jar (com.android.tools.utp:android-test-plugin-result-listener-gradle-proto:31.7.2) with ExternalDependencyInstrumentingArtifactTransform
Transforming common-31.7.2.jar (com.android.tools:common:31.7.2) with MergeInstrumentationAnalysisTransform
Transforming builder-model-8.7.2.jar (com.android.tools.build:builder-model:8.7.2) with ExternalDependencyInstrumentingArtifactTransform
Transforming dvlib-31.7.2.jar (com.android.tools:dvlib:31.7.2) with ExternalDependencyInstrumentingArtifactTransform
Transforming jetifier-processor-1.0.0-beta10.jar (com.android.tools.build.jetifier:jetifier-processor:1.0.0-beta10) with InstrumentationAnalysisTransform
Transforming common-31.7.2.jar (com.android.tools:common:31.7.2) with ExternalDependencyInstrumentingArtifactTransform
Transforming jetifier-processor-1.0.0-beta10.jar (com.android.tools.build.jetifier:jetifier-processor:1.0.0-beta10) with MergeInstrumentationAnalysisTransform
Transforming jetifier-core-1.0.0-beta10.jar (com.android.tools.build.jetifier:jetifier-core:1.0.0-beta10) with InstrumentationAnalysisTransform
Transforming jetifier-core-1.0.0-beta10.jar (com.android.tools.build.jetifier:jetifier-core:1.0.0-beta10) with MergeInstrumentationAnalysisTransform
Transforming kotlin-reflect-1.9.20.jar (org.jetbrains.kotlin:kotlin-reflect:1.9.20) with InstrumentationAnalysisTransform
Transforming kotlin-reflect-1.9.20.jar (org.jetbrains.kotlin:kotlin-reflect:1.9.20) with MergeInstrumentationAnalysisTransform
Transforming kotlin-stdlib-jdk7-1.9.20.jar (org.jetbrains.kotlin:kotlin-stdlib-jdk7:1.9.20) with InstrumentationAnalysisTransform
Transforming jetifier-processor-1.0.0-beta10.jar (com.android.tools.build.jetifier:jetifier-processor:1.0.0-beta10) with ExternalDependencyInstrumentingArtifactTransform
Transforming kotlin-stdlib-jdk7-1.9.20.jar (org.jetbrains.kotlin:kotlin-stdlib-jdk7:1.9.20) with MergeInstrumentationAnalysisTransform
Transforming kotlin-reflect-1.9.20.jar (org.jetbrains.kotlin:kotlin-reflect:1.9.20) with ExternalDependencyInstrumentingArtifactTransform
Transforming kotlin-stdlib-1.9.20.jar (org.jetbrains.kotlin:kotlin-stdlib:1.9.20) with InstrumentationAnalysisTransform
Transforming jetifier-core-1.0.0-beta10.jar (com.android.tools.build.jetifier:jetifier-core:1.0.0-beta10) with ExternalDependencyInstrumentingArtifactTransform
Transforming kotlin-stdlib-1.9.20.jar (org.jetbrains.kotlin:kotlin-stdlib:1.9.20) with MergeInstrumentationAnalysisTransform
Transforming kotlin-stdlib-jdk7-1.9.20.jar (org.jetbrains.kotlin:kotlin-stdlib-jdk7:1.9.20) with ExternalDependencyInstrumentingArtifactTransform
Transforming kotlin-stdlib-jdk8-1.9.20.jar (org.jetbrains.kotlin:kotlin-stdlib-jdk8:1.9.20) with InstrumentationAnalysisTransform
Transforming kotlin-stdlib-jdk8-1.9.20.jar (org.jetbrains.kotlin:kotlin-stdlib-jdk8:1.9.20) with MergeInstrumentationAnalysisTransform
Transforming kotlin-stdlib-1.9.20.jar (org.jetbrains.kotlin:kotlin-stdlib:1.9.20) with ExternalDependencyInstrumentingArtifactTransform
Transforming transform-api-2.0.0-deprecated-use-gradle-api.jar (com.android.tools.build:transform-api:2.0.0-deprecated-use-gradle-api) with InstrumentationAnalysisTransform
Transforming transform-api-2.0.0-deprecated-use-gradle-api.jar (com.android.tools.build:transform-api:2.0.0-deprecated-use-gradle-api) with MergeInstrumentationAnalysisTransform
Transforming httpmime-4.5.6.jar (org.apache.httpcomponents:httpmime:4.5.6) with InstrumentationAnalysisTransform
Transforming kotlin-stdlib-jdk8-1.9.20.jar (org.jetbrains.kotlin:kotlin-stdlib-jdk8:1.9.20) with ExternalDependencyInstrumentingArtifactTransform
Transforming httpmime-4.5.6.jar (org.apache.httpcomponents:httpmime:4.5.6) with MergeInstrumentationAnalysisTransform
Transforming transform-api-2.0.0-deprecated-use-gradle-api.jar (com.android.tools.build:transform-api:2.0.0-deprecated-use-gradle-api) with ExternalDependencyInstrumentingArtifactTransform
Transforming commons-io-2.13.0.jar (commons-io:commons-io:2.13.0) with InstrumentationAnalysisTransform
Transforming commons-io-2.13.0.jar (commons-io:commons-io:2.13.0) with MergeInstrumentationAnalysisTransform
Transforming asm-commons-9.6.jar (org.ow2.asm:asm-commons:9.6) with InstrumentationAnalysisTransform
Transforming httpmime-4.5.6.jar (org.apache.httpcomponents:httpmime:4.5.6) with ExternalDependencyInstrumentingArtifactTransform
Transforming asm-commons-9.6.jar (org.ow2.asm:asm-commons:9.6) with MergeInstrumentationAnalysisTransform
Transforming asm-util-9.6.jar (org.ow2.asm:asm-util:9.6) with InstrumentationAnalysisTransform
Transforming commons-io-2.13.0.jar (commons-io:commons-io:2.13.0) with ExternalDependencyInstrumentingArtifactTransform
Transforming asm-util-9.6.jar (org.ow2.asm:asm-util:9.6) with MergeInstrumentationAnalysisTransform
Transforming asm-analysis-9.6.jar (org.ow2.asm:asm-analysis:9.6) with InstrumentationAnalysisTransform
Transforming asm-commons-9.6.jar (org.ow2.asm:asm-commons:9.6) with ExternalDependencyInstrumentingArtifactTransform
Transforming asm-analysis-9.6.jar (org.ow2.asm:asm-analysis:9.6) with MergeInstrumentationAnalysisTransform
Transforming asm-tree-9.6.jar (org.ow2.asm:asm-tree:9.6) with InstrumentationAnalysisTransform
Transforming asm-util-9.6.jar (org.ow2.asm:asm-util:9.6) with ExternalDependencyInstrumentingArtifactTransform
Transforming asm-tree-9.6.jar (org.ow2.asm:asm-tree:9.6) with MergeInstrumentationAnalysisTransform
Transforming asm-9.6.jar (org.ow2.asm:asm:9.6) with InstrumentationAnalysisTransform
Transforming asm-analysis-9.6.jar (org.ow2.asm:asm-analysis:9.6) with ExternalDependencyInstrumentingArtifactTransform
Transforming asm-9.6.jar (org.ow2.asm:asm:9.6) with MergeInstrumentationAnalysisTransform
Transforming asm-tree-9.6.jar (org.ow2.asm:asm-tree:9.6) with ExternalDependencyInstrumentingArtifactTransform
Transforming apkzlib-8.7.2.jar (com.android.tools.build:apkzlib:8.7.2) with InstrumentationAnalysisTransform
Transforming apkzlib-8.7.2.jar (com.android.tools.build:apkzlib:8.7.2) with MergeInstrumentationAnalysisTransform
Transforming bcpkix-jdk18on-1.77.jar (org.bouncycastle:bcpkix-jdk18on:1.77) with InstrumentationAnalysisTransform
Transforming asm-9.6.jar (org.ow2.asm:asm:9.6) with ExternalDependencyInstrumentingArtifactTransform
Transforming bcpkix-jdk18on-1.77.jar (org.bouncycastle:bcpkix-jdk18on:1.77) with MergeInstrumentationAnalysisTransform
Transforming apkzlib-8.7.2.jar (com.android.tools.build:apkzlib:8.7.2) with ExternalDependencyInstrumentingArtifactTransform
Transforming jaxb-runtime-2.3.2.jar (org.glassfish.jaxb:jaxb-runtime:2.3.2) with InstrumentationAnalysisTransform
Transforming jaxb-runtime-2.3.2.jar (org.glassfish.jaxb:jaxb-runtime:2.3.2) with MergeInstrumentationAnalysisTransform
Transforming bcpkix-jdk18on-1.77.jar (org.bouncycastle:bcpkix-jdk18on:1.77) with ExternalDependencyInstrumentingArtifactTransform
Transforming jopt-simple-4.9.jar (net.sf.jopt-simple:jopt-simple:4.9) with InstrumentationAnalysisTransform
Transforming jopt-simple-4.9.jar (net.sf.jopt-simple:jopt-simple:4.9) with MergeInstrumentationAnalysisTransform
Transforming jaxb-runtime-2.3.2.jar (org.glassfish.jaxb:jaxb-runtime:2.3.2) with ExternalDependencyInstrumentingArtifactTransform
Transforming javapoet-1.10.0.jar (com.squareup:javapoet:1.10.0) with InstrumentationAnalysisTransform
Transforming javapoet-1.10.0.jar (com.squareup:javapoet:1.10.0) with MergeInstrumentationAnalysisTransform
Transforming jopt-simple-4.9.jar (net.sf.jopt-simple:jopt-simple:4.9) with ExternalDependencyInstrumentingArtifactTransform
Transforming protobuf-java-util-3.22.3.jar (com.google.protobuf:protobuf-java-util:3.22.3) with InstrumentationAnalysisTransform
Transforming protobuf-java-util-3.22.3.jar (com.google.protobuf:protobuf-java-util:3.22.3) with MergeInstrumentationAnalysisTransform
Transforming javapoet-1.10.0.jar (com.squareup:javapoet:1.10.0) with ExternalDependencyInstrumentingArtifactTransform
Transforming grpc-protobuf-1.57.0.jar (io.grpc:grpc-protobuf:1.57.0) with InstrumentationAnalysisTransform
Transforming grpc-protobuf-1.57.0.jar (io.grpc:grpc-protobuf:1.57.0) with MergeInstrumentationAnalysisTransform
Transforming protobuf-java-util-3.22.3.jar (com.google.protobuf:protobuf-java-util:3.22.3) with ExternalDependencyInstrumentingArtifactTransform
Transforming tink-1.7.0.jar (com.google.crypto.tink:tink:1.7.0) with InstrumentationAnalysisTransform
Transforming tink-1.7.0.jar (com.google.crypto.tink:tink:1.7.0) with MergeInstrumentationAnalysisTransform
Transforming grpc-protobuf-1.57.0.jar (io.grpc:grpc-protobuf:1.57.0) with ExternalDependencyInstrumentingArtifactTransform
Transforming protos-31.7.2.jar (com.android.tools.analytics-library:protos:31.7.2) with InstrumentationAnalysisTransform
Transforming protos-31.7.2.jar (com.android.tools.analytics-library:protos:31.7.2) with MergeInstrumentationAnalysisTransform
Transforming tink-1.7.0.jar (com.google.crypto.tink:tink:1.7.0) with ExternalDependencyInstrumentingArtifactTransform
Transforming proto-google-common-protos-2.17.0.jar (com.google.api.grpc:proto-google-common-protos:2.17.0) with InstrumentationAnalysisTransform
Transforming protos-31.7.2.jar (com.android.tools.analytics-library:protos:31.7.2) with ExternalDependencyInstrumentingArtifactTransform
Transforming proto-google-common-protos-2.17.0.jar (com.google.api.grpc:proto-google-common-protos:2.17.0) with MergeInstrumentationAnalysisTransform
Transforming protobuf-java-3.22.3.jar (com.google.protobuf:protobuf-java:3.22.3) with InstrumentationAnalysisTransform
Transforming protobuf-java-3.22.3.jar (com.google.protobuf:protobuf-java:3.22.3) with MergeInstrumentationAnalysisTransform
Transforming proto-google-common-protos-2.17.0.jar (com.google.api.grpc:proto-google-common-protos:2.17.0) with ExternalDependencyInstrumentingArtifactTransform
Transforming grpc-netty-1.57.0.jar (io.grpc:grpc-netty:1.57.0) with InstrumentationAnalysisTransform
Transforming grpc-netty-1.57.0.jar (io.grpc:grpc-netty:1.57.0) with MergeInstrumentationAnalysisTransform
Transforming protobuf-java-3.22.3.jar (com.google.protobuf:protobuf-java:3.22.3) with ExternalDependencyInstrumentingArtifactTransform
Transforming grpc-core-1.57.0.jar (io.grpc:grpc-core:1.57.0) with InstrumentationAnalysisTransform
Transforming grpc-core-1.57.0.jar (io.grpc:grpc-core:1.57.0) with MergeInstrumentationAnalysisTransform
Transforming grpc-netty-1.57.0.jar (io.grpc:grpc-netty:1.57.0) with ExternalDependencyInstrumentingArtifactTransform
Transforming gson-2.10.1.jar (com.google.code.gson:gson:2.10.1) with InstrumentationAnalysisTransform
Transforming gson-2.10.1.jar (com.google.code.gson:gson:2.10.1) with MergeInstrumentationAnalysisTransform
Transforming grpc-core-1.57.0.jar (io.grpc:grpc-core:1.57.0) with ExternalDependencyInstrumentingArtifactTransform
Transforming grpc-stub-1.57.0.jar (io.grpc:grpc-stub:1.57.0) with InstrumentationAnalysisTransform
Transforming grpc-stub-1.57.0.jar (io.grpc:grpc-stub:1.57.0) with MergeInstrumentationAnalysisTransform
Transforming gson-2.10.1.jar (com.google.code.gson:gson:2.10.1) with ExternalDependencyInstrumentingArtifactTransform
Transforming core-proto-0.0.9-alpha02.jar (com.google.testing.platform:core-proto:0.0.9-alpha02) with InstrumentationAnalysisTransform
Transforming core-proto-0.0.9-alpha02.jar (com.google.testing.platform:core-proto:0.0.9-alpha02) with MergeInstrumentationAnalysisTransform
Transforming grpc-stub-1.57.0.jar (io.grpc:grpc-stub:1.57.0) with ExternalDependencyInstrumentingArtifactTransform
Transforming tensorflow-lite-metadata-0.1.0-rc2.jar (org.tensorflow:tensorflow-lite-metadata:0.1.0-rc2) with InstrumentationAnalysisTransform
Transforming core-proto-0.0.9-alpha02.jar (com.google.testing.platform:core-proto:0.0.9-alpha02) with ExternalDependencyInstrumentingArtifactTransform
Transforming tensorflow-lite-metadata-0.1.0-rc2.jar (org.tensorflow:tensorflow-lite-metadata:0.1.0-rc2) with MergeInstrumentationAnalysisTransform
Transforming flatbuffers-java-1.12.0.jar (com.google.flatbuffers:flatbuffers-java:1.12.0) with InstrumentationAnalysisTransform
Transforming flatbuffers-java-1.12.0.jar (com.google.flatbuffers:flatbuffers-java:1.12.0) with MergeInstrumentationAnalysisTransform
Transforming tensorflow-lite-metadata-0.1.0-rc2.jar (org.tensorflow:tensorflow-lite-metadata:0.1.0-rc2) with ExternalDependencyInstrumentingArtifactTransform
Transforming jimfs-1.1.jar (com.google.jimfs:jimfs:1.1) with InstrumentationAnalysisTransform
Transforming jimfs-1.1.jar (com.google.jimfs:jimfs:1.1) with MergeInstrumentationAnalysisTransform
Transforming flatbuffers-java-1.12.0.jar (com.google.flatbuffers:flatbuffers-java:1.12.0) with ExternalDependencyInstrumentingArtifactTransform
Transforming grpc-context-1.57.0.jar (io.grpc:grpc-context:1.57.0) with InstrumentationAnalysisTransform
Transforming grpc-context-1.57.0.jar (io.grpc:grpc-context:1.57.0) with MergeInstrumentationAnalysisTransform
Transforming jimfs-1.1.jar (com.google.jimfs:jimfs:1.1) with ExternalDependencyInstrumentingArtifactTransform
Transforming grpc-protobuf-lite-1.57.0.jar (io.grpc:grpc-protobuf-lite:1.57.0) with InstrumentationAnalysisTransform
Transforming grpc-protobuf-lite-1.57.0.jar (io.grpc:grpc-protobuf-lite:1.57.0) with MergeInstrumentationAnalysisTransform
Transforming grpc-context-1.57.0.jar (io.grpc:grpc-context:1.57.0) with ExternalDependencyInstrumentingArtifactTransform
Transforming grpc-api-1.57.0.jar (io.grpc:grpc-api:1.57.0) with InstrumentationAnalysisTransform
Transforming grpc-api-1.57.0.jar (io.grpc:grpc-api:1.57.0) with MergeInstrumentationAnalysisTransform
Transforming grpc-protobuf-lite-1.57.0.jar (io.grpc:grpc-protobuf-lite:1.57.0) with ExternalDependencyInstrumentingArtifactTransform
Transforming guava-32.0.1-jre.jar (com.google.guava:guava:32.0.1-jre) with InstrumentationAnalysisTransform
Transforming grpc-api-1.57.0.jar (io.grpc:grpc-api:1.57.0) with ExternalDependencyInstrumentingArtifactTransform
Transforming guava-32.0.1-jre.jar (com.google.guava:guava:32.0.1-jre) with MergeInstrumentationAnalysisTransform
Transforming dagger-2.28.3.jar (com.google.dagger:dagger:2.28.3) with InstrumentationAnalysisTransform
Transforming dagger-2.28.3.jar (com.google.dagger:dagger:2.28.3) with MergeInstrumentationAnalysisTransform
Transforming javax.inject-1.jar (javax.inject:javax.inject:1) with InstrumentationAnalysisTransform
Transforming guava-32.0.1-jre.jar (com.google.guava:guava:32.0.1-jre) with ExternalDependencyInstrumentingArtifactTransform
Transforming javax.inject-1.jar (javax.inject:javax.inject:1) with MergeInstrumentationAnalysisTransform
Transforming dagger-2.28.3.jar (com.google.dagger:dagger:2.28.3) with ExternalDependencyInstrumentingArtifactTransform
Transforming kxml2-2.3.0.jar (net.sf.kxml:kxml2:2.3.0) with InstrumentationAnalysisTransform
Transforming kxml2-2.3.0.jar (net.sf.kxml:kxml2:2.3.0) with MergeInstrumentationAnalysisTransform
Transforming javax.inject-1.jar (javax.inject:javax.inject:1) with ExternalDependencyInstrumentingArtifactTransform
Transforming bcutil-jdk18on-1.77.jar (org.bouncycastle:bcutil-jdk18on:1.77) with InstrumentationAnalysisTransform
Transforming bcutil-jdk18on-1.77.jar (org.bouncycastle:bcutil-jdk18on:1.77) with MergeInstrumentationAnalysisTransform
Transforming kxml2-2.3.0.jar (net.sf.kxml:kxml2:2.3.0) with ExternalDependencyInstrumentingArtifactTransform
Transforming bcprov-jdk18on-1.77.jar (org.bouncycastle:bcprov-jdk18on:1.77) with InstrumentationAnalysisTransform
Transforming bcprov-jdk18on-1.77.jar (org.bouncycastle:bcprov-jdk18on:1.77) with MergeInstrumentationAnalysisTransform
Transforming bcutil-jdk18on-1.77.jar (org.bouncycastle:bcutil-jdk18on:1.77) with ExternalDependencyInstrumentingArtifactTransform
Transforming trove4j-1.0.20200330.jar (org.jetbrains.intellij.deps:trove4j:1.0.20200330) with InstrumentationAnalysisTransform
Transforming trove4j-1.0.20200330.jar (org.jetbrains.intellij.deps:trove4j:1.0.20200330) with MergeInstrumentationAnalysisTransform
Transforming bcprov-jdk18on-1.77.jar (org.bouncycastle:bcprov-jdk18on:1.77) with ExternalDependencyInstrumentingArtifactTransform
Transforming commons-compress-1.21.jar (org.apache.commons:commons-compress:1.21) with InstrumentationAnalysisTransform
Transforming commons-compress-1.21.jar (org.apache.commons:commons-compress:1.21) with MergeInstrumentationAnalysisTransform
Transforming trove4j-1.0.20200330.jar (org.jetbrains.intellij.deps:trove4j:1.0.20200330) with ExternalDependencyInstrumentingArtifactTransform
Transforming httpclient-4.5.14.jar (org.apache.httpcomponents:httpclient:4.5.14) with InstrumentationAnalysisTransform
Transforming httpclient-4.5.14.jar (org.apache.httpcomponents:httpclient:4.5.14) with MergeInstrumentationAnalysisTransform
Transforming commons-compress-1.21.jar (org.apache.commons:commons-compress:1.21) with ExternalDependencyInstrumentingArtifactTransform
Transforming httpcore-4.4.16.jar (org.apache.httpcomponents:httpcore:4.4.16) with InstrumentationAnalysisTransform
Transforming httpcore-4.4.16.jar (org.apache.httpcomponents:httpcore:4.4.16) with MergeInstrumentationAnalysisTransform
Transforming httpclient-4.5.14.jar (org.apache.httpcomponents:httpclient:4.5.14) with ExternalDependencyInstrumentingArtifactTransform
Transforming javax.activation-1.2.0.jar (com.sun.activation:javax.activation:1.2.0) with InstrumentationAnalysisTransform
Transforming javax.activation-1.2.0.jar (com.sun.activation:javax.activation:1.2.0) with MergeInstrumentationAnalysisTransform
Transforming httpcore-4.4.16.jar (org.apache.httpcomponents:httpcore:4.4.16) with ExternalDependencyInstrumentingArtifactTransform
Transforming annotations-23.0.0.jar (org.jetbrains:annotations:23.0.0) with InstrumentationAnalysisTransform
Transforming annotations-23.0.0.jar (org.jetbrains:annotations:23.0.0) with MergeInstrumentationAnalysisTransform
Transforming signflinger-8.7.2.jar (com.android:signflinger:8.7.2) with InstrumentationAnalysisTransform
Transforming javax.activation-1.2.0.jar (com.sun.activation:javax.activation:1.2.0) with ExternalDependencyInstrumentingArtifactTransform
Transforming signflinger-8.7.2.jar (com.android:signflinger:8.7.2) with MergeInstrumentationAnalysisTransform
Transforming zipflinger-8.7.2.jar (com.android:zipflinger:8.7.2) with InstrumentationAnalysisTransform
Transforming annotations-23.0.0.jar (org.jetbrains:annotations:23.0.0) with ExternalDependencyInstrumentingArtifactTransform
Transforming zipflinger-8.7.2.jar (com.android:zipflinger:8.7.2) with MergeInstrumentationAnalysisTransform
Transforming annotations-31.7.2.jar (com.android.tools:annotations:31.7.2) with InstrumentationAnalysisTransform
Transforming signflinger-8.7.2.jar (com.android:signflinger:8.7.2) with ExternalDependencyInstrumentingArtifactTransform
Transforming annotations-31.7.2.jar (com.android.tools:annotations:31.7.2) with MergeInstrumentationAnalysisTransform
Transforming jna-platform-5.6.0.jar (net.java.dev.jna:jna-platform:5.6.0) with InstrumentationAnalysisTransform
Transforming zipflinger-8.7.2.jar (com.android:zipflinger:8.7.2) with ExternalDependencyInstrumentingArtifactTransform
Transforming jna-platform-5.6.0.jar (net.java.dev.jna:jna-platform:5.6.0) with MergeInstrumentationAnalysisTransform
Transforming annotations-31.7.2.jar (com.android.tools:annotations:31.7.2) with ExternalDependencyInstrumentingArtifactTransform
Transforming juniversalchardet-1.0.3.jar (com.googlecode.juniversalchardet:juniversalchardet:1.0.3) with InstrumentationAnalysisTransform
Transforming juniversalchardet-1.0.3.jar (com.googlecode.juniversalchardet:juniversalchardet:1.0.3) with MergeInstrumentationAnalysisTransform
Transforming javax.annotation-api-1.3.2.jar (javax.annotation:javax.annotation-api:1.3.2) with InstrumentationAnalysisTransform
Transforming jna-platform-5.6.0.jar (net.java.dev.jna:jna-platform:5.6.0) with ExternalDependencyInstrumentingArtifactTransform
Transforming javax.annotation-api-1.3.2.jar (javax.annotation:javax.annotation-api:1.3.2) with MergeInstrumentationAnalysisTransform
Transforming stax-ex-1.8.1.jar (org.jvnet.staxex:stax-ex:1.8.1) with InstrumentationAnalysisTransform
Transforming juniversalchardet-1.0.3.jar (com.googlecode.juniversalchardet:juniversalchardet:1.0.3) with ExternalDependencyInstrumentingArtifactTransform
Transforming stax-ex-1.8.1.jar (org.jvnet.staxex:stax-ex:1.8.1) with MergeInstrumentationAnalysisTransform
Transforming jakarta.xml.bind-api-2.3.2.jar (jakarta.xml.bind:jakarta.xml.bind-api:2.3.2) with InstrumentationAnalysisTransform
Transforming javax.annotation-api-1.3.2.jar (javax.annotation:javax.annotation-api:1.3.2) with ExternalDependencyInstrumentingArtifactTransform
Transforming jakarta.xml.bind-api-2.3.2.jar (jakarta.xml.bind:jakarta.xml.bind-api:2.3.2) with MergeInstrumentationAnalysisTransform
Transforming stax-ex-1.8.1.jar (org.jvnet.staxex:stax-ex:1.8.1) with ExternalDependencyInstrumentingArtifactTransform
Transforming txw2-2.3.2.jar (org.glassfish.jaxb:txw2:2.3.2) with InstrumentationAnalysisTransform
Transforming txw2-2.3.2.jar (org.glassfish.jaxb:txw2:2.3.2) with MergeInstrumentationAnalysisTransform
Transforming jakarta.xml.bind-api-2.3.2.jar (jakarta.xml.bind:jakarta.xml.bind-api:2.3.2) with ExternalDependencyInstrumentingArtifactTransform
Transforming istack-commons-runtime-3.0.8.jar (com.sun.istack:istack-commons-runtime:3.0.8) with InstrumentationAnalysisTransform
Transforming istack-commons-runtime-3.0.8.jar (com.sun.istack:istack-commons-runtime:3.0.8) with MergeInstrumentationAnalysisTransform
Transforming txw2-2.3.2.jar (org.glassfish.jaxb:txw2:2.3.2) with ExternalDependencyInstrumentingArtifactTransform
Transforming FastInfoset-1.2.16.jar (com.sun.xml.fastinfoset:FastInfoset:1.2.16) with InstrumentationAnalysisTransform
Transforming FastInfoset-1.2.16.jar (com.sun.xml.fastinfoset:FastInfoset:1.2.16) with MergeInstrumentationAnalysisTransform
Transforming istack-commons-runtime-3.0.8.jar (com.sun.istack:istack-commons-runtime:3.0.8) with ExternalDependencyInstrumentingArtifactTransform
Transforming jakarta.activation-api-1.2.1.jar (jakarta.activation:jakarta.activation-api:1.2.1) with InstrumentationAnalysisTransform
Transforming jakarta.activation-api-1.2.1.jar (jakarta.activation:jakarta.activation-api:1.2.1) with MergeInstrumentationAnalysisTransform
Transforming FastInfoset-1.2.16.jar (com.sun.xml.fastinfoset:FastInfoset:1.2.16) with ExternalDependencyInstrumentingArtifactTransform
Transforming auto-value-annotations-1.6.2.jar (com.google.auto.value:auto-value-annotations:1.6.2) with InstrumentationAnalysisTransform
Transforming auto-value-annotations-1.6.2.jar (com.google.auto.value:auto-value-annotations:1.6.2) with MergeInstrumentationAnalysisTransform
Transforming jakarta.activation-api-1.2.1.jar (jakarta.activation:jakarta.activation-api:1.2.1) with ExternalDependencyInstrumentingArtifactTransform
Transforming error_prone_annotations-2.18.0.jar (com.google.errorprone:error_prone_annotations:2.18.0) with InstrumentationAnalysisTransform
Transforming error_prone_annotations-2.18.0.jar (com.google.errorprone:error_prone_annotations:2.18.0) with MergeInstrumentationAnalysisTransform
Transforming jose4j-0.9.5.jar (org.bitbucket.b_c:jose4j:0.9.5) with InstrumentationAnalysisTransform
Transforming auto-value-annotations-1.6.2.jar (com.google.auto.value:auto-value-annotations:1.6.2) with ExternalDependencyInstrumentingArtifactTransform
Transforming jose4j-0.9.5.jar (org.bitbucket.b_c:jose4j:0.9.5) with MergeInstrumentationAnalysisTransform
Transforming error_prone_annotations-2.18.0.jar (com.google.errorprone:error_prone_annotations:2.18.0) with ExternalDependencyInstrumentingArtifactTransform
Transforming slf4j-api-1.7.30.jar (org.slf4j:slf4j-api:1.7.30) with InstrumentationAnalysisTransform
Transforming jose4j-0.9.5.jar (org.bitbucket.b_c:jose4j:0.9.5) with ExternalDependencyInstrumentingArtifactTransform
Transforming slf4j-api-1.7.30.jar (org.slf4j:slf4j-api:1.7.30) with MergeInstrumentationAnalysisTransform
Transforming jdom2-2.0.6.jar (org.jdom:jdom2:2.0.6) with InstrumentationAnalysisTransform
Transforming jdom2-2.0.6.jar (org.jdom:jdom2:2.0.6) with MergeInstrumentationAnalysisTransform
Transforming jsr305-3.0.2.jar (com.google.code.findbugs:jsr305:3.0.2) with InstrumentationAnalysisTransform
Transforming slf4j-api-1.7.30.jar (org.slf4j:slf4j-api:1.7.30) with ExternalDependencyInstrumentingArtifactTransform
Transforming jsr305-3.0.2.jar (com.google.code.findbugs:jsr305:3.0.2) with MergeInstrumentationAnalysisTransform
Transforming jdom2-2.0.6.jar (org.jdom:jdom2:2.0.6) with ExternalDependencyInstrumentingArtifactTransform
Transforming j2objc-annotations-2.8.jar (com.google.j2objc:j2objc-annotations:2.8) with InstrumentationAnalysisTransform
Transforming j2objc-annotations-2.8.jar (com.google.j2objc:j2objc-annotations:2.8) with MergeInstrumentationAnalysisTransform
Transforming jsr305-3.0.2.jar (com.google.code.findbugs:jsr305:3.0.2) with ExternalDependencyInstrumentingArtifactTransform
Transforming annotations-4.1.1.4.jar (com.google.android:annotations:4.1.1.4) with InstrumentationAnalysisTransform
Transforming j2objc-annotations-2.8.jar (com.google.j2objc:j2objc-annotations:2.8) with ExternalDependencyInstrumentingArtifactTransform
Transforming annotations-4.1.1.4.jar (com.google.android:annotations:4.1.1.4) with MergeInstrumentationAnalysisTransform
Transforming animal-sniffer-annotations-1.23.jar (org.codehaus.mojo:animal-sniffer-annotations:1.23) with InstrumentationAnalysisTransform
Transforming animal-sniffer-annotations-1.23.jar (org.codehaus.mojo:animal-sniffer-annotations:1.23) with MergeInstrumentationAnalysisTransform
Transforming annotations-4.1.1.4.jar (com.google.android:annotations:4.1.1.4) with ExternalDependencyInstrumentingArtifactTransform
Transforming perfmark-api-0.26.0.jar (io.perfmark:perfmark-api:0.26.0) with InstrumentationAnalysisTransform
Transforming perfmark-api-0.26.0.jar (io.perfmark:perfmark-api:0.26.0) with MergeInstrumentationAnalysisTransform
Transforming animal-sniffer-annotations-1.23.jar (org.codehaus.mojo:animal-sniffer-annotations:1.23) with ExternalDependencyInstrumentingArtifactTransform
Transforming netty-codec-http2-4.1.93.Final.jar (io.netty:netty-codec-http2:4.1.93.Final) with InstrumentationAnalysisTransform
Transforming netty-codec-http2-4.1.93.Final.jar (io.netty:netty-codec-http2:4.1.93.Final) with MergeInstrumentationAnalysisTransform
Transforming perfmark-api-0.26.0.jar (io.perfmark:perfmark-api:0.26.0) with ExternalDependencyInstrumentingArtifactTransform
Transforming netty-handler-proxy-4.1.93.Final.jar (io.netty:netty-handler-proxy:4.1.93.Final) with InstrumentationAnalysisTransform
Transforming netty-handler-proxy-4.1.93.Final.jar (io.netty:netty-handler-proxy:4.1.93.Final) with MergeInstrumentationAnalysisTransform
Transforming netty-codec-http2-4.1.93.Final.jar (io.netty:netty-codec-http2:4.1.93.Final) with ExternalDependencyInstrumentingArtifactTransform
Transforming netty-codec-http-4.1.93.Final.jar (io.netty:netty-codec-http:4.1.93.Final) with InstrumentationAnalysisTransform
Transforming netty-codec-http-4.1.93.Final.jar (io.netty:netty-codec-http:4.1.93.Final) with MergeInstrumentationAnalysisTransform
Transforming netty-handler-proxy-4.1.93.Final.jar (io.netty:netty-handler-proxy:4.1.93.Final) with ExternalDependencyInstrumentingArtifactTransform
Transforming netty-handler-4.1.93.Final.jar (io.netty:netty-handler:4.1.93.Final) with InstrumentationAnalysisTransform
Transforming netty-handler-4.1.93.Final.jar (io.netty:netty-handler:4.1.93.Final) with MergeInstrumentationAnalysisTransform
Transforming netty-codec-http-4.1.93.Final.jar (io.netty:netty-codec-http:4.1.93.Final) with ExternalDependencyInstrumentingArtifactTransform
Transforming netty-transport-native-unix-common-4.1.93.Final.jar (io.netty:netty-transport-native-unix-common:4.1.93.Final) with InstrumentationAnalysisTransform
Transforming netty-handler-4.1.93.Final.jar (io.netty:netty-handler:4.1.93.Final) with ExternalDependencyInstrumentingArtifactTransform
Transforming netty-transport-native-unix-common-4.1.93.Final.jar (io.netty:netty-transport-native-unix-common:4.1.93.Final) with MergeInstrumentationAnalysisTransform
Transforming checker-qual-3.33.0.jar (org.checkerframework:checker-qual:3.33.0) with InstrumentationAnalysisTransform
Transforming netty-transport-native-unix-common-4.1.93.Final.jar (io.netty:netty-transport-native-unix-common:4.1.93.Final) with ExternalDependencyInstrumentingArtifactTransform
Transforming checker-qual-3.33.0.jar (org.checkerframework:checker-qual:3.33.0) with MergeInstrumentationAnalysisTransform
Transforming commons-codec-1.11.jar (commons-codec:commons-codec:1.11) with InstrumentationAnalysisTransform
Transforming commons-codec-1.11.jar (commons-codec:commons-codec:1.11) with MergeInstrumentationAnalysisTransform
Transforming apksig-8.7.2.jar (com.android.tools.build:apksig:8.7.2) with InstrumentationAnalysisTransform
Transforming checker-qual-3.33.0.jar (org.checkerframework:checker-qual:3.33.0) with ExternalDependencyInstrumentingArtifactTransform
Transforming apksig-8.7.2.jar (com.android.tools.build:apksig:8.7.2) with MergeInstrumentationAnalysisTransform
Transforming commons-codec-1.11.jar (commons-codec:commons-codec:1.11) with ExternalDependencyInstrumentingArtifactTransform
Transforming javawriter-2.5.0.jar (com.squareup:javawriter:2.5.0) with InstrumentationAnalysisTransform
Transforming javawriter-2.5.0.jar (com.squareup:javawriter:2.5.0) with MergeInstrumentationAnalysisTransform
Transforming apksig-8.7.2.jar (com.android.tools.build:apksig:8.7.2) with ExternalDependencyInstrumentingArtifactTransform
Transforming failureaccess-1.0.1.jar (com.google.guava:failureaccess:1.0.1) with InstrumentationAnalysisTransform
Transforming failureaccess-1.0.1.jar (com.google.guava:failureaccess:1.0.1) with MergeInstrumentationAnalysisTransform
Transforming listenablefuture-9999.0-empty-to-avoid-conflict-with-guava.jar (com.google.guava:listenablefuture:9999.0-empty-to-avoid-conflict-with-guava) with InstrumentationAnalysisTransform
Transforming listenablefuture-9999.0-empty-to-avoid-conflict-with-guava.jar (com.google.guava:listenablefuture:9999.0-empty-to-avoid-conflict-with-guava) with MergeInstrumentationAnalysisTransform
Transforming commons-logging-1.2.jar (commons-logging:commons-logging:1.2) with InstrumentationAnalysisTransform
Transforming failureaccess-1.0.1.jar (com.google.guava:failureaccess:1.0.1) with ExternalDependencyInstrumentingArtifactTransform
Transforming commons-logging-1.2.jar (commons-logging:commons-logging:1.2) with MergeInstrumentationAnalysisTransform
Transforming listenablefuture-9999.0-empty-to-avoid-conflict-with-guava.jar (com.google.guava:listenablefuture:9999.0-empty-to-avoid-conflict-with-guava) with ExternalDependencyInstrumentingArtifactTransform
Transforming javawriter-2.5.0.jar (com.squareup:javawriter:2.5.0) with ExternalDependencyInstrumentingArtifactTransform
Transforming jna-5.6.0.jar (net.java.dev.jna:jna:5.6.0) with InstrumentationAnalysisTransform
Transforming jna-5.6.0.jar (net.java.dev.jna:jna:5.6.0) with MergeInstrumentationAnalysisTransform
Transforming commons-logging-1.2.jar (commons-logging:commons-logging:1.2) with ExternalDependencyInstrumentingArtifactTransform
Transforming netty-codec-socks-4.1.93.Final.jar (io.netty:netty-codec-socks:4.1.93.Final) with InstrumentationAnalysisTransform
Transforming netty-codec-socks-4.1.93.Final.jar (io.netty:netty-codec-socks:4.1.93.Final) with MergeInstrumentationAnalysisTransform
Transforming jna-5.6.0.jar (net.java.dev.jna:jna:5.6.0) with ExternalDependencyInstrumentingArtifactTransform
Transforming netty-codec-4.1.93.Final.jar (io.netty:netty-codec:4.1.93.Final) with InstrumentationAnalysisTransform
Transforming netty-codec-4.1.93.Final.jar (io.netty:netty-codec:4.1.93.Final) with MergeInstrumentationAnalysisTransform
Transforming netty-codec-socks-4.1.93.Final.jar (io.netty:netty-codec-socks:4.1.93.Final) with ExternalDependencyInstrumentingArtifactTransform
Transforming netty-transport-4.1.93.Final.jar (io.netty:netty-transport:4.1.93.Final) with InstrumentationAnalysisTransform
Transforming netty-transport-4.1.93.Final.jar (io.netty:netty-transport:4.1.93.Final) with MergeInstrumentationAnalysisTransform
Transforming netty-codec-4.1.93.Final.jar (io.netty:netty-codec:4.1.93.Final) with ExternalDependencyInstrumentingArtifactTransform
Transforming netty-buffer-4.1.93.Final.jar (io.netty:netty-buffer:4.1.93.Final) with InstrumentationAnalysisTransform
Transforming netty-buffer-4.1.93.Final.jar (io.netty:netty-buffer:4.1.93.Final) with MergeInstrumentationAnalysisTransform
Transforming netty-transport-4.1.93.Final.jar (io.netty:netty-transport:4.1.93.Final) with ExternalDependencyInstrumentingArtifactTransform
Transforming netty-resolver-4.1.93.Final.jar (io.netty:netty-resolver:4.1.93.Final) with InstrumentationAnalysisTransform
Transforming netty-resolver-4.1.93.Final.jar (io.netty:netty-resolver:4.1.93.Final) with MergeInstrumentationAnalysisTransform
Transforming netty-common-4.1.93.Final.jar (io.netty:netty-common:4.1.93.Final) with InstrumentationAnalysisTransform
Transforming netty-buffer-4.1.93.Final.jar (io.netty:netty-buffer:4.1.93.Final) with ExternalDependencyInstrumentingArtifactTransform
Transforming netty-common-4.1.93.Final.jar (io.netty:netty-common:4.1.93.Final) with MergeInstrumentationAnalysisTransform
Transforming netty-resolver-4.1.93.Final.jar (io.netty:netty-resolver:4.1.93.Final) with ExternalDependencyInstrumentingArtifactTransform
Transforming netty-common-4.1.93.Final.jar (io.netty:netty-common:4.1.93.Final) with ExternalDependencyInstrumentingArtifactTransform
Using default execution profile

> Configure project :capacitor-community-admob
Evaluating project ':capacitor-community-admob' using build file 'C:\Users\tienv\OneDrive\Desktop\MAIMAI_ANDROID\node_modules\@capacitor-community\admob\android\build.gradle'.
Transforming gradle-8.7.2.jar (com.android.tools.build:gradle:8.7.2) with InstrumentationAnalysisTransform
Transforming kotlin-gradle-plugin-model-2.1.20.jar (org.jetbrains.kotlin:kotlin-gradle-plugin-model:2.1.20) with InstrumentationAnalysisTransform
Transforming fus-statistics-gradle-plugin-2.1.20-gradle85.jar (org.jetbrains.kotlin:fus-statistics-gradle-plugin:2.1.20) with InstrumentationAnalysisTransform
Transforming kotlin-gradle-plugin-api-2.1.20.jar (org.jetbrains.kotlin:kotlin-gradle-plugin-api:2.1.20) with InstrumentationAnalysisTransform
Transforming kotlin-gradle-plugin-api-2.1.20-gradle85.jar (org.jetbrains.kotlin:kotlin-gradle-plugin-api:2.1.20) with InstrumentationAnalysisTransform
Transforming kotlin-gradle-plugin-2.1.20-gradle85.jar (org.jetbrains.kotlin:kotlin-gradle-plugin:2.1.20) with InstrumentationAnalysisTransform
Transforming gradle-settings-api-8.7.2.jar (com.android.tools.build:gradle-settings-api:8.7.2) with InstrumentationAnalysisTransform
Transforming lint-model-31.7.2.jar (com.android.tools.lint:lint-model:31.7.2) with InstrumentationAnalysisTransform
Transforming builder-8.7.2.jar (com.android.tools.build:builder:8.7.2) with InstrumentationAnalysisTransform
Transforming manifest-merger-31.7.2.jar (com.android.tools.build:manifest-merger:31.7.2) with InstrumentationAnalysisTransform
Transforming sdk-common-31.7.2.jar (com.android.tools:sdk-common:31.7.2) with InstrumentationAnalysisTransform
Transforming sdklib-31.7.2.jar (com.android.tools:sdklib:31.7.2) with InstrumentationAnalysisTransform
Transforming repository-31.7.2.jar (com.android.tools:repository:31.7.2) with InstrumentationAnalysisTransform
Transforming gradle-api-8.7.2.jar (com.android.tools.build:gradle-api:8.7.2) with InstrumentationAnalysisTransform
Transforming builder-test-api-8.7.2.jar (com.android.tools.build:builder-test-api:8.7.2) with InstrumentationAnalysisTransform
Transforming ddmlib-31.7.2.jar (com.android.tools.ddms:ddmlib:31.7.2) with InstrumentationAnalysisTransform
Transforming aaptcompiler-8.7.2.jar (com.android.tools.build:aaptcompiler:8.7.2) with InstrumentationAnalysisTransform
Transforming bundletool-1.17.1.jar (com.android.tools.build:bundletool:1.17.1) with InstrumentationAnalysisTransform
Transforming aapt2-proto-8.7.2-12006047.jar (com.android.tools.build:aapt2-proto:8.7.2-12006047) with InstrumentationAnalysisTransform
Transforming crash-31.7.2.jar (com.android.tools.analytics-library:crash:31.7.2) with InstrumentationAnalysisTransform
Transforming tracker-31.7.2.jar (com.android.tools.analytics-library:tracker:31.7.2) with InstrumentationAnalysisTransform
Transforming shared-31.7.2.jar (com.android.tools.analytics-library:shared:31.7.2) with InstrumentationAnalysisTransform
Transforming lint-typedef-remover-31.7.2.jar (com.android.tools.lint:lint-typedef-remover:31.7.2) with InstrumentationAnalysisTransform
Transforming databinding-compiler-common-8.7.2.jar (androidx.databinding:databinding-compiler-common:8.7.2) with InstrumentationAnalysisTransform
Transforming databinding-common-8.7.2.jar (androidx.databinding:databinding-common:8.7.2) with InstrumentationAnalysisTransform
Transforming baseLibrary-8.7.2.jar (com.android.databinding:baseLibrary:8.7.2) with InstrumentationAnalysisTransform
Transforming layoutlib-api-31.7.2.jar (com.android.tools.layoutlib:layoutlib-api:31.7.2) with InstrumentationAnalysisTransform
Transforming android-device-provider-ddmlib-proto-31.7.2.jar (com.android.tools.utp:android-device-provider-ddmlib-proto:31.7.2) with InstrumentationAnalysisTransform
Transforming android-device-provider-gradle-proto-31.7.2.jar (com.android.tools.utp:android-device-provider-gradle-proto:31.7.2) with InstrumentationAnalysisTransform
Transforming android-device-provider-profile-proto-31.7.2.jar (com.android.tools.utp:android-device-provider-profile-proto:31.7.2) with InstrumentationAnalysisTransform
Transforming android-test-plugin-host-additional-test-output-proto-31.7.2.jar (com.android.tools.utp:android-test-plugin-host-additional-test-output-proto:31.7.2) with InstrumentationAnalysisTransform
Transforming android-test-plugin-host-coverage-proto-31.7.2.jar (com.android.tools.utp:android-test-plugin-host-coverage-proto:31.7.2) with InstrumentationAnalysisTransform
Transforming android-test-plugin-host-emulator-control-proto-31.7.2.jar (com.android.tools.utp:android-test-plugin-host-emulator-control-proto:31.7.2) with InstrumentationAnalysisTransform
Transforming android-test-plugin-host-logcat-proto-31.7.2.jar (com.android.tools.utp:android-test-plugin-host-logcat-proto:31.7.2) with InstrumentationAnalysisTransform
Transforming android-test-plugin-host-apk-installer-proto-31.7.2.jar (com.android.tools.utp:android-test-plugin-host-apk-installer-proto:31.7.2) with InstrumentationAnalysisTransform
Transforming android-test-plugin-host-retention-proto-31.7.2.jar (com.android.tools.utp:android-test-plugin-host-retention-proto:31.7.2) with InstrumentationAnalysisTransform
Transforming android-test-plugin-result-listener-gradle-proto-31.7.2.jar (com.android.tools.utp:android-test-plugin-result-listener-gradle-proto:31.7.2) with InstrumentationAnalysisTransform
Transforming builder-model-8.7.2.jar (com.android.tools.build:builder-model:8.7.2) with InstrumentationAnalysisTransform
Transforming dvlib-31.7.2.jar (com.android.tools:dvlib:31.7.2) with InstrumentationAnalysisTransform
Transforming common-31.7.2.jar (com.android.tools:common:31.7.2) with InstrumentationAnalysisTransform
Transforming jetifier-processor-1.0.0-beta10.jar (com.android.tools.build.jetifier:jetifier-processor:1.0.0-beta10) with InstrumentationAnalysisTransform
Transforming jetifier-core-1.0.0-beta10.jar (com.android.tools.build.jetifier:jetifier-core:1.0.0-beta10) with InstrumentationAnalysisTransform
Transforming kotlin-reflect-1.9.20.jar (org.jetbrains.kotlin:kotlin-reflect:1.9.20) with InstrumentationAnalysisTransform
Transforming kotlin-stdlib-jdk7-1.9.20.jar (org.jetbrains.kotlin:kotlin-stdlib-jdk7:1.9.20) with InstrumentationAnalysisTransform
Transforming kotlin-stdlib-1.9.20.jar (org.jetbrains.kotlin:kotlin-stdlib:1.9.20) with InstrumentationAnalysisTransform
Transforming kotlin-stdlib-jdk8-1.9.20.jar (org.jetbrains.kotlin:kotlin-stdlib-jdk8:1.9.20) with InstrumentationAnalysisTransform
Transforming transform-api-2.0.0-deprecated-use-gradle-api.jar (com.android.tools.build:transform-api:2.0.0-deprecated-use-gradle-api) with InstrumentationAnalysisTransform
Transforming httpmime-4.5.6.jar (org.apache.httpcomponents:httpmime:4.5.6) with InstrumentationAnalysisTransform
Transforming commons-io-2.13.0.jar (commons-io:commons-io:2.13.0) with InstrumentationAnalysisTransform
Transforming asm-commons-9.6.jar (org.ow2.asm:asm-commons:9.6) with InstrumentationAnalysisTransform
Transforming asm-util-9.6.jar (org.ow2.asm:asm-util:9.6) with InstrumentationAnalysisTransform
Transforming asm-analysis-9.6.jar (org.ow2.asm:asm-analysis:9.6) with InstrumentationAnalysisTransform
Transforming asm-tree-9.6.jar (org.ow2.asm:asm-tree:9.6) with InstrumentationAnalysisTransform
Transforming asm-9.6.jar (org.ow2.asm:asm:9.6) with InstrumentationAnalysisTransform
Transforming apkzlib-8.7.2.jar (com.android.tools.build:apkzlib:8.7.2) with InstrumentationAnalysisTransform
Transforming bcpkix-jdk18on-1.77.jar (org.bouncycastle:bcpkix-jdk18on:1.77) with InstrumentationAnalysisTransform
Transforming jaxb-runtime-2.3.2.jar (org.glassfish.jaxb:jaxb-runtime:2.3.2) with InstrumentationAnalysisTransform
Transforming jopt-simple-4.9.jar (net.sf.jopt-simple:jopt-simple:4.9) with InstrumentationAnalysisTransform
Transforming javapoet-1.10.0.jar (com.squareup:javapoet:1.10.0) with InstrumentationAnalysisTransform
Transforming protobuf-java-util-3.22.3.jar (com.google.protobuf:protobuf-java-util:3.22.3) with InstrumentationAnalysisTransform
Transforming grpc-protobuf-1.57.0.jar (io.grpc:grpc-protobuf:1.57.0) with InstrumentationAnalysisTransform
Transforming tink-1.7.0.jar (com.google.crypto.tink:tink:1.7.0) with InstrumentationAnalysisTransform
Transforming protos-31.7.2.jar (com.android.tools.analytics-library:protos:31.7.2) with InstrumentationAnalysisTransform
Transforming proto-google-common-protos-2.17.0.jar (com.google.api.grpc:proto-google-common-protos:2.17.0) with InstrumentationAnalysisTransform
Transforming protobuf-java-3.22.3.jar (com.google.protobuf:protobuf-java:3.22.3) with InstrumentationAnalysisTransform
Transforming grpc-netty-1.57.0.jar (io.grpc:grpc-netty:1.57.0) with InstrumentationAnalysisTransform
Transforming grpc-core-1.57.0.jar (io.grpc:grpc-core:1.57.0) with InstrumentationAnalysisTransform
Transforming kotlin-build-statistics-2.1.20.jar (org.jetbrains.kotlin:kotlin-build-statistics:2.1.20) with InstrumentationAnalysisTransform
Transforming gson-2.11.0.jar (com.google.code.gson:gson:2.11.0) with InstrumentationAnalysisTransform
Transforming grpc-stub-1.57.0.jar (io.grpc:grpc-stub:1.57.0) with InstrumentationAnalysisTransform
Transforming core-proto-0.0.9-alpha02.jar (com.google.testing.platform:core-proto:0.0.9-alpha02) with InstrumentationAnalysisTransform
Transforming tensorflow-lite-metadata-0.1.0-rc2.jar (org.tensorflow:tensorflow-lite-metadata:0.1.0-rc2) with InstrumentationAnalysisTransform
Transforming flatbuffers-java-1.12.0.jar (com.google.flatbuffers:flatbuffers-java:1.12.0) with InstrumentationAnalysisTransform
Transforming kotlin-gradle-plugin-idea-proto-2.1.20.jar (org.jetbrains.kotlin:kotlin-gradle-plugin-idea-proto:2.1.20) with InstrumentationAnalysisTransform
Transforming kotlin-gradle-plugin-idea-2.1.20.jar (org.jetbrains.kotlin:kotlin-gradle-plugin-idea:2.1.20) with InstrumentationAnalysisTransform
Transforming kotlin-klib-commonizer-api-2.1.20.jar (org.jetbrains.kotlin:kotlin-klib-commonizer-api:2.1.20) with InstrumentationAnalysisTransform
Transforming kotlin-util-klib-metadata-2.1.20.jar (org.jetbrains.kotlin:kotlin-util-klib-metadata:2.1.20) with InstrumentationAnalysisTransform
Transforming kotlin-compiler-runner-2.1.20.jar (org.jetbrains.kotlin:kotlin-compiler-runner:2.1.20) with InstrumentationAnalysisTransform
Transforming jimfs-1.1.jar (com.google.jimfs:jimfs:1.1) with InstrumentationAnalysisTransform
Transforming grpc-context-1.57.0.jar (io.grpc:grpc-context:1.57.0) with InstrumentationAnalysisTransform
Transforming grpc-protobuf-lite-1.57.0.jar (io.grpc:grpc-protobuf-lite:1.57.0) with InstrumentationAnalysisTransform
Transforming grpc-api-1.57.0.jar (io.grpc:grpc-api:1.57.0) with InstrumentationAnalysisTransform
Transforming guava-32.0.1-jre.jar (com.google.guava:guava:32.0.1-jre) with InstrumentationAnalysisTransform
Transforming dagger-2.28.3.jar (com.google.dagger:dagger:2.28.3) with InstrumentationAnalysisTransform
Transforming javax.inject-1.jar (javax.inject:javax.inject:1) with InstrumentationAnalysisTransform
Transforming kxml2-2.3.0.jar (net.sf.kxml:kxml2:2.3.0) with InstrumentationAnalysisTransform
Transforming bcutil-jdk18on-1.77.jar (org.bouncycastle:bcutil-jdk18on:1.77) with InstrumentationAnalysisTransform
Transforming bcprov-jdk18on-1.77.jar (org.bouncycastle:bcprov-jdk18on:1.77) with InstrumentationAnalysisTransform
Transforming trove4j-1.0.20200330.jar (org.jetbrains.intellij.deps:trove4j:1.0.20200330) with InstrumentationAnalysisTransform
Transforming commons-compress-1.21.jar (org.apache.commons:commons-compress:1.21) with InstrumentationAnalysisTransform
Transforming httpclient-4.5.14.jar (org.apache.httpcomponents:httpclient:4.5.14) with InstrumentationAnalysisTransform
Transforming httpcore-4.4.16.jar (org.apache.httpcomponents:httpcore:4.4.16) with InstrumentationAnalysisTransform
Transforming javax.activation-1.2.0.jar (com.sun.activation:javax.activation:1.2.0) with InstrumentationAnalysisTransform
Transforming annotations-23.0.0.jar (org.jetbrains:annotations:23.0.0) with InstrumentationAnalysisTransform
Transforming signflinger-8.7.2.jar (com.android:signflinger:8.7.2) with InstrumentationAnalysisTransform
Transforming zipflinger-8.7.2.jar (com.android:zipflinger:8.7.2) with InstrumentationAnalysisTransform
Transforming annotations-31.7.2.jar (com.android.tools:annotations:31.7.2) with InstrumentationAnalysisTransform
Transforming jna-platform-5.6.0.jar (net.java.dev.jna:jna-platform:5.6.0) with InstrumentationAnalysisTransform
Transforming juniversalchardet-1.0.3.jar (com.googlecode.juniversalchardet:juniversalchardet:1.0.3) with InstrumentationAnalysisTransform
Transforming javax.annotation-api-1.3.2.jar (javax.annotation:javax.annotation-api:1.3.2) with InstrumentationAnalysisTransform
Transforming stax-ex-1.8.1.jar (org.jvnet.staxex:stax-ex:1.8.1) with InstrumentationAnalysisTransform
Transforming jakarta.xml.bind-api-2.3.2.jar (jakarta.xml.bind:jakarta.xml.bind-api:2.3.2) with InstrumentationAnalysisTransform
Transforming txw2-2.3.2.jar (org.glassfish.jaxb:txw2:2.3.2) with InstrumentationAnalysisTransform
Transforming istack-commons-runtime-3.0.8.jar (com.sun.istack:istack-commons-runtime:3.0.8) with InstrumentationAnalysisTransform
Transforming FastInfoset-1.2.16.jar (com.sun.xml.fastinfoset:FastInfoset:1.2.16) with InstrumentationAnalysisTransform
Transforming jakarta.activation-api-1.2.1.jar (jakarta.activation:jakarta.activation-api:1.2.1) with InstrumentationAnalysisTransform
Transforming auto-value-annotations-1.6.2.jar (com.google.auto.value:auto-value-annotations:1.6.2) with InstrumentationAnalysisTransform
Transforming error_prone_annotations-2.27.0.jar (com.google.errorprone:error_prone_annotations:2.27.0) with InstrumentationAnalysisTransform
Transforming jose4j-0.9.5.jar (org.bitbucket.b_c:jose4j:0.9.5) with InstrumentationAnalysisTransform
Transforming slf4j-api-1.7.30.jar (org.slf4j:slf4j-api:1.7.30) with InstrumentationAnalysisTransform
Transforming jdom2-2.0.6.jar (org.jdom:jdom2:2.0.6) with InstrumentationAnalysisTransform
Transforming jsr305-3.0.2.jar (com.google.code.findbugs:jsr305:3.0.2) with InstrumentationAnalysisTransform
Transforming j2objc-annotations-2.8.jar (com.google.j2objc:j2objc-annotations:2.8) with InstrumentationAnalysisTransform
Transforming annotations-4.1.1.4.jar (com.google.android:annotations:4.1.1.4) with InstrumentationAnalysisTransform
Transforming animal-sniffer-annotations-1.23.jar (org.codehaus.mojo:animal-sniffer-annotations:1.23) with InstrumentationAnalysisTransform
Transforming perfmark-api-0.26.0.jar (io.perfmark:perfmark-api:0.26.0) with InstrumentationAnalysisTransform
Transforming netty-codec-http2-4.1.93.Final.jar (io.netty:netty-codec-http2:4.1.93.Final) with InstrumentationAnalysisTransform
Transforming netty-handler-proxy-4.1.93.Final.jar (io.netty:netty-handler-proxy:4.1.93.Final) with InstrumentationAnalysisTransform
Transforming netty-codec-http-4.1.93.Final.jar (io.netty:netty-codec-http:4.1.93.Final) with InstrumentationAnalysisTransform
Transforming netty-handler-4.1.93.Final.jar (io.netty:netty-handler:4.1.93.Final) with InstrumentationAnalysisTransform
Transforming netty-transport-native-unix-common-4.1.93.Final.jar (io.netty:netty-transport-native-unix-common:4.1.93.Final) with InstrumentationAnalysisTransform
Transforming checker-qual-3.33.0.jar (org.checkerframework:checker-qual:3.33.0) with InstrumentationAnalysisTransform
Transforming commons-codec-1.11.jar (commons-codec:commons-codec:1.11) with InstrumentationAnalysisTransform
Transforming apksig-8.7.2.jar (com.android.tools.build:apksig:8.7.2) with InstrumentationAnalysisTransform
Transforming javawriter-2.5.0.jar (com.squareup:javawriter:2.5.0) with InstrumentationAnalysisTransform
Transforming kotlin-gradle-plugin-annotations-2.1.20.jar (org.jetbrains.kotlin:kotlin-gradle-plugin-annotations:2.1.20) with InstrumentationAnalysisTransform
Transforming kotlin-native-utils-2.1.20.jar (org.jetbrains.kotlin:kotlin-native-utils:2.1.20) with InstrumentationAnalysisTransform
Transforming kotlin-tooling-core-2.1.20.jar (org.jetbrains.kotlin:kotlin-tooling-core:2.1.20) with InstrumentationAnalysisTransform
Transforming kotlin-build-tools-api-2.1.20.jar (org.jetbrains.kotlin:kotlin-build-tools-api:2.1.20) with InstrumentationAnalysisTransform
Transforming kotlin-util-klib-2.1.20.jar (org.jetbrains.kotlin:kotlin-util-klib:2.1.20) with InstrumentationAnalysisTransform
Transforming kotlin-util-io-2.1.20.jar (org.jetbrains.kotlin:kotlin-util-io:2.1.20) with InstrumentationAnalysisTransform
Transforming kotlin-daemon-client-2.1.20.jar (org.jetbrains.kotlin:kotlin-daemon-client:2.1.20) with InstrumentationAnalysisTransform
Transforming kotlinx-coroutines-core-jvm-1.8.0.jar (org.jetbrains.kotlinx:kotlinx-coroutines-core-jvm:1.8.0) with InstrumentationAnalysisTransform
Transforming failureaccess-1.0.1.jar (com.google.guava:failureaccess:1.0.1) with InstrumentationAnalysisTransform
Transforming listenablefuture-9999.0-empty-to-avoid-conflict-with-guava.jar (com.google.guava:listenablefuture:9999.0-empty-to-avoid-conflict-with-guava) with InstrumentationAnalysisTransform
Transforming commons-logging-1.2.jar (commons-logging:commons-logging:1.2) with InstrumentationAnalysisTransform
Transforming jna-5.6.0.jar (net.java.dev.jna:jna:5.6.0) with InstrumentationAnalysisTransform
Transforming netty-codec-socks-4.1.93.Final.jar (io.netty:netty-codec-socks:4.1.93.Final) with InstrumentationAnalysisTransform
Transforming netty-codec-4.1.93.Final.jar (io.netty:netty-codec:4.1.93.Final) with InstrumentationAnalysisTransform
Transforming netty-transport-4.1.93.Final.jar (io.netty:netty-transport:4.1.93.Final) with InstrumentationAnalysisTransform
Transforming netty-buffer-4.1.93.Final.jar (io.netty:netty-buffer:4.1.93.Final) with InstrumentationAnalysisTransform
Transforming netty-resolver-4.1.93.Final.jar (io.netty:netty-resolver:4.1.93.Final) with InstrumentationAnalysisTransform
Transforming netty-common-4.1.93.Final.jar (io.netty:netty-common:4.1.93.Final) with InstrumentationAnalysisTransform
Transforming gradle-8.7.2.jar (com.android.tools.build:gradle:8.7.2) with InstrumentationAnalysisTransform
Transforming gradle-8.7.2.jar (com.android.tools.build:gradle:8.7.2) with MergeInstrumentationAnalysisTransform
Transforming kotlin-gradle-plugin-model-2.1.20.jar (org.jetbrains.kotlin:kotlin-gradle-plugin-model:2.1.20) with InstrumentationAnalysisTransform
Transforming kotlin-gradle-plugin-model-2.1.20.jar (org.jetbrains.kotlin:kotlin-gradle-plugin-model:2.1.20) with MergeInstrumentationAnalysisTransform
Transforming fus-statistics-gradle-plugin-2.1.20-gradle85.jar (org.jetbrains.kotlin:fus-statistics-gradle-plugin:2.1.20) with InstrumentationAnalysisTransform
Transforming fus-statistics-gradle-plugin-2.1.20-gradle85.jar (org.jetbrains.kotlin:fus-statistics-gradle-plugin:2.1.20) with MergeInstrumentationAnalysisTransform
Transforming kotlin-gradle-plugin-api-2.1.20.jar (org.jetbrains.kotlin:kotlin-gradle-plugin-api:2.1.20) with InstrumentationAnalysisTransform
Transforming kotlin-gradle-plugin-api-2.1.20.jar (org.jetbrains.kotlin:kotlin-gradle-plugin-api:2.1.20) with MergeInstrumentationAnalysisTransform
Transforming kotlin-gradle-plugin-api-2.1.20-gradle85.jar (org.jetbrains.kotlin:kotlin-gradle-plugin-api:2.1.20) with InstrumentationAnalysisTransform
Transforming kotlin-gradle-plugin-api-2.1.20-gradle85.jar (org.jetbrains.kotlin:kotlin-gradle-plugin-api:2.1.20) with MergeInstrumentationAnalysisTransform
Transforming kotlin-gradle-plugin-2.1.20-gradle85.jar (org.jetbrains.kotlin:kotlin-gradle-plugin:2.1.20) with InstrumentationAnalysisTransform
Transforming kotlin-gradle-plugin-2.1.20-gradle85.jar (org.jetbrains.kotlin:kotlin-gradle-plugin:2.1.20) with MergeInstrumentationAnalysisTransform
Transforming gradle-settings-api-8.7.2.jar (com.android.tools.build:gradle-settings-api:8.7.2) with InstrumentationAnalysisTransform
Transforming gradle-settings-api-8.7.2.jar (com.android.tools.build:gradle-settings-api:8.7.2) with MergeInstrumentationAnalysisTransform
Transforming lint-model-31.7.2.jar (com.android.tools.lint:lint-model:31.7.2) with InstrumentationAnalysisTransform
Transforming lint-model-31.7.2.jar (com.android.tools.lint:lint-model:31.7.2) with MergeInstrumentationAnalysisTransform
Transforming builder-8.7.2.jar (com.android.tools.build:builder:8.7.2) with InstrumentationAnalysisTransform
Transforming builder-8.7.2.jar (com.android.tools.build:builder:8.7.2) with MergeInstrumentationAnalysisTransform
Transforming manifest-merger-31.7.2.jar (com.android.tools.build:manifest-merger:31.7.2) with InstrumentationAnalysisTransform
Transforming manifest-merger-31.7.2.jar (com.android.tools.build:manifest-merger:31.7.2) with MergeInstrumentationAnalysisTransform
Transforming sdk-common-31.7.2.jar (com.android.tools:sdk-common:31.7.2) with InstrumentationAnalysisTransform
Transforming sdk-common-31.7.2.jar (com.android.tools:sdk-common:31.7.2) with MergeInstrumentationAnalysisTransform
Transforming sdklib-31.7.2.jar (com.android.tools:sdklib:31.7.2) with InstrumentationAnalysisTransform
Transforming sdklib-31.7.2.jar (com.android.tools:sdklib:31.7.2) with MergeInstrumentationAnalysisTransform
Transforming repository-31.7.2.jar (com.android.tools:repository:31.7.2) with InstrumentationAnalysisTransform
Transforming repository-31.7.2.jar (com.android.tools:repository:31.7.2) with MergeInstrumentationAnalysisTransform
Transforming gradle-api-8.7.2.jar (com.android.tools.build:gradle-api:8.7.2) with InstrumentationAnalysisTransform
Transforming gradle-api-8.7.2.jar (com.android.tools.build:gradle-api:8.7.2) with MergeInstrumentationAnalysisTransform
Transforming builder-test-api-8.7.2.jar (com.android.tools.build:builder-test-api:8.7.2) with InstrumentationAnalysisTransform
Transforming builder-test-api-8.7.2.jar (com.android.tools.build:builder-test-api:8.7.2) with MergeInstrumentationAnalysisTransform
Transforming ddmlib-31.7.2.jar (com.android.tools.ddms:ddmlib:31.7.2) with InstrumentationAnalysisTransform
Transforming ddmlib-31.7.2.jar (com.android.tools.ddms:ddmlib:31.7.2) with MergeInstrumentationAnalysisTransform
Transforming aaptcompiler-8.7.2.jar (com.android.tools.build:aaptcompiler:8.7.2) with InstrumentationAnalysisTransform
Transforming aaptcompiler-8.7.2.jar (com.android.tools.build:aaptcompiler:8.7.2) with MergeInstrumentationAnalysisTransform
Transforming kotlin-gradle-plugin-2.1.20-gradle85.jar (org.jetbrains.kotlin:kotlin-gradle-plugin:2.1.20) with ExternalDependencyInstrumentingArtifactTransform
Transforming kotlin-gradle-plugin-model-2.1.20.jar (org.jetbrains.kotlin:kotlin-gradle-plugin-model:2.1.20) with ExternalDependencyInstrumentingArtifactTransform
Transforming gradle-8.7.2.jar (com.android.tools.build:gradle:8.7.2) with ExternalDependencyInstrumentingArtifactTransform
Transforming bundletool-1.17.1.jar (com.android.tools.build:bundletool:1.17.1) with InstrumentationAnalysisTransform
Transforming bundletool-1.17.1.jar (com.android.tools.build:bundletool:1.17.1) with MergeInstrumentationAnalysisTransform
Transforming aapt2-proto-8.7.2-12006047.jar (com.android.tools.build:aapt2-proto:8.7.2-12006047) with InstrumentationAnalysisTransform
Transforming aapt2-proto-8.7.2-12006047.jar (com.android.tools.build:aapt2-proto:8.7.2-12006047) with MergeInstrumentationAnalysisTransform
Transforming crash-31.7.2.jar (com.android.tools.analytics-library:crash:31.7.2) with InstrumentationAnalysisTransform
Transforming crash-31.7.2.jar (com.android.tools.analytics-library:crash:31.7.2) with MergeInstrumentationAnalysisTransform
Transforming tracker-31.7.2.jar (com.android.tools.analytics-library:tracker:31.7.2) with InstrumentationAnalysisTransform
Transforming tracker-31.7.2.jar (com.android.tools.analytics-library:tracker:31.7.2) with MergeInstrumentationAnalysisTransform
Transforming shared-31.7.2.jar (com.android.tools.analytics-library:shared:31.7.2) with InstrumentationAnalysisTransform
Transforming shared-31.7.2.jar (com.android.tools.analytics-library:shared:31.7.2) with MergeInstrumentationAnalysisTransform
Transforming lint-typedef-remover-31.7.2.jar (com.android.tools.lint:lint-typedef-remover:31.7.2) with InstrumentationAnalysisTransform
Transforming lint-typedef-remover-31.7.2.jar (com.android.tools.lint:lint-typedef-remover:31.7.2) with MergeInstrumentationAnalysisTransform
Transforming databinding-compiler-common-8.7.2.jar (androidx.databinding:databinding-compiler-common:8.7.2) with InstrumentationAnalysisTransform
Transforming kotlin-gradle-plugin-api-2.1.20-gradle85.jar (org.jetbrains.kotlin:kotlin-gradle-plugin-api:2.1.20) with ExternalDependencyInstrumentingArtifactTransform
Transforming databinding-compiler-common-8.7.2.jar (androidx.databinding:databinding-compiler-common:8.7.2) with MergeInstrumentationAnalysisTransform
Transforming databinding-common-8.7.2.jar (androidx.databinding:databinding-common:8.7.2) with InstrumentationAnalysisTransform
Transforming databinding-common-8.7.2.jar (androidx.databinding:databinding-common:8.7.2) with MergeInstrumentationAnalysisTransform
Transforming baseLibrary-8.7.2.jar (com.android.databinding:baseLibrary:8.7.2) with InstrumentationAnalysisTransform
Transforming baseLibrary-8.7.2.jar (com.android.databinding:baseLibrary:8.7.2) with MergeInstrumentationAnalysisTransform
Transforming layoutlib-api-31.7.2.jar (com.android.tools.layoutlib:layoutlib-api:31.7.2) with InstrumentationAnalysisTransform
Transforming manifest-merger-31.7.2.jar (com.android.tools.build:manifest-merger:31.7.2) with ExternalDependencyInstrumentingArtifactTransform
Transforming layoutlib-api-31.7.2.jar (com.android.tools.layoutlib:layoutlib-api:31.7.2) with MergeInstrumentationAnalysisTransform
Transforming android-device-provider-ddmlib-proto-31.7.2.jar (com.android.tools.utp:android-device-provider-ddmlib-proto:31.7.2) with InstrumentationAnalysisTransform
Transforming android-device-provider-ddmlib-proto-31.7.2.jar (com.android.tools.utp:android-device-provider-ddmlib-proto:31.7.2) with MergeInstrumentationAnalysisTransform
Transforming android-device-provider-gradle-proto-31.7.2.jar (com.android.tools.utp:android-device-provider-gradle-proto:31.7.2) with InstrumentationAnalysisTransform
Transforming lint-model-31.7.2.jar (com.android.tools.lint:lint-model:31.7.2) with ExternalDependencyInstrumentingArtifactTransform
Transforming android-device-provider-gradle-proto-31.7.2.jar (com.android.tools.utp:android-device-provider-gradle-proto:31.7.2) with MergeInstrumentationAnalysisTransform
Transforming android-device-provider-profile-proto-31.7.2.jar (com.android.tools.utp:android-device-provider-profile-proto:31.7.2) with InstrumentationAnalysisTransform
Transforming android-device-provider-profile-proto-31.7.2.jar (com.android.tools.utp:android-device-provider-profile-proto:31.7.2) with MergeInstrumentationAnalysisTransform
Transforming android-test-plugin-host-additional-test-output-proto-31.7.2.jar (com.android.tools.utp:android-test-plugin-host-additional-test-output-proto:31.7.2) with InstrumentationAnalysisTransform
Transforming android-test-plugin-host-additional-test-output-proto-31.7.2.jar (com.android.tools.utp:android-test-plugin-host-additional-test-output-proto:31.7.2) with MergeInstrumentationAnalysisTransform
Transforming android-test-plugin-host-coverage-proto-31.7.2.jar (com.android.tools.utp:android-test-plugin-host-coverage-proto:31.7.2) with InstrumentationAnalysisTransform
Transforming android-test-plugin-host-coverage-proto-31.7.2.jar (com.android.tools.utp:android-test-plugin-host-coverage-proto:31.7.2) with MergeInstrumentationAnalysisTransform
Transforming android-test-plugin-host-emulator-control-proto-31.7.2.jar (com.android.tools.utp:android-test-plugin-host-emulator-control-proto:31.7.2) with InstrumentationAnalysisTransform
Transforming android-test-plugin-host-emulator-control-proto-31.7.2.jar (com.android.tools.utp:android-test-plugin-host-emulator-control-proto:31.7.2) with MergeInstrumentationAnalysisTransform
Transforming android-test-plugin-host-logcat-proto-31.7.2.jar (com.android.tools.utp:android-test-plugin-host-logcat-proto:31.7.2) with InstrumentationAnalysisTransform
Transforming android-test-plugin-host-logcat-proto-31.7.2.jar (com.android.tools.utp:android-test-plugin-host-logcat-proto:31.7.2) with MergeInstrumentationAnalysisTransform
Transforming android-test-plugin-host-apk-installer-proto-31.7.2.jar (com.android.tools.utp:android-test-plugin-host-apk-installer-proto:31.7.2) with InstrumentationAnalysisTransform
Transforming gradle-settings-api-8.7.2.jar (com.android.tools.build:gradle-settings-api:8.7.2) with ExternalDependencyInstrumentingArtifactTransform
Transforming android-test-plugin-host-apk-installer-proto-31.7.2.jar (com.android.tools.utp:android-test-plugin-host-apk-installer-proto:31.7.2) with MergeInstrumentationAnalysisTransform
Transforming android-test-plugin-host-retention-proto-31.7.2.jar (com.android.tools.utp:android-test-plugin-host-retention-proto:31.7.2) with InstrumentationAnalysisTransform
Transforming android-test-plugin-host-retention-proto-31.7.2.jar (com.android.tools.utp:android-test-plugin-host-retention-proto:31.7.2) with MergeInstrumentationAnalysisTransform
Transforming android-test-plugin-result-listener-gradle-proto-31.7.2.jar (com.android.tools.utp:android-test-plugin-result-listener-gradle-proto:31.7.2) with InstrumentationAnalysisTransform
Transforming android-test-plugin-result-listener-gradle-proto-31.7.2.jar (com.android.tools.utp:android-test-plugin-result-listener-gradle-proto:31.7.2) with MergeInstrumentationAnalysisTransform
Transforming builder-model-8.7.2.jar (com.android.tools.build:builder-model:8.7.2) with InstrumentationAnalysisTransform
Transforming builder-model-8.7.2.jar (com.android.tools.build:builder-model:8.7.2) with MergeInstrumentationAnalysisTransform
Transforming dvlib-31.7.2.jar (com.android.tools:dvlib:31.7.2) with InstrumentationAnalysisTransform
Transforming dvlib-31.7.2.jar (com.android.tools:dvlib:31.7.2) with MergeInstrumentationAnalysisTransform
Transforming common-31.7.2.jar (com.android.tools:common:31.7.2) with InstrumentationAnalysisTransform
Transforming common-31.7.2.jar (com.android.tools:common:31.7.2) with MergeInstrumentationAnalysisTransform
Transforming jetifier-processor-1.0.0-beta10.jar (com.android.tools.build.jetifier:jetifier-processor:1.0.0-beta10) with InstrumentationAnalysisTransform
Transforming jetifier-processor-1.0.0-beta10.jar (com.android.tools.build.jetifier:jetifier-processor:1.0.0-beta10) with MergeInstrumentationAnalysisTransform
Transforming jetifier-core-1.0.0-beta10.jar (com.android.tools.build.jetifier:jetifier-core:1.0.0-beta10) with InstrumentationAnalysisTransform
Transforming jetifier-core-1.0.0-beta10.jar (com.android.tools.build.jetifier:jetifier-core:1.0.0-beta10) with MergeInstrumentationAnalysisTransform
Transforming kotlin-reflect-1.9.20.jar (org.jetbrains.kotlin:kotlin-reflect:1.9.20) with InstrumentationAnalysisTransform
Transforming kotlin-reflect-1.9.20.jar (org.jetbrains.kotlin:kotlin-reflect:1.9.20) with MergeInstrumentationAnalysisTransform
Transforming kotlin-stdlib-jdk7-1.9.20.jar (org.jetbrains.kotlin:kotlin-stdlib-jdk7:1.9.20) with InstrumentationAnalysisTransform
Transforming kotlin-stdlib-jdk7-1.9.20.jar (org.jetbrains.kotlin:kotlin-stdlib-jdk7:1.9.20) with MergeInstrumentationAnalysisTransform
Transforming kotlin-stdlib-1.9.20.jar (org.jetbrains.kotlin:kotlin-stdlib:1.9.20) with InstrumentationAnalysisTransform
Transforming kotlin-stdlib-1.9.20.jar (org.jetbrains.kotlin:kotlin-stdlib:1.9.20) with MergeInstrumentationAnalysisTransform
Transforming kotlin-gradle-plugin-api-2.1.20.jar (org.jetbrains.kotlin:kotlin-gradle-plugin-api:2.1.20) with ExternalDependencyInstrumentingArtifactTransform
Transforming kotlin-stdlib-jdk8-1.9.20.jar (org.jetbrains.kotlin:kotlin-stdlib-jdk8:1.9.20) with InstrumentationAnalysisTransform
Transforming fus-statistics-gradle-plugin-2.1.20-gradle85.jar (org.jetbrains.kotlin:fus-statistics-gradle-plugin:2.1.20) with ExternalDependencyInstrumentingArtifactTransform
Transforming kotlin-stdlib-jdk8-1.9.20.jar (org.jetbrains.kotlin:kotlin-stdlib-jdk8:1.9.20) with MergeInstrumentationAnalysisTransform
Transforming transform-api-2.0.0-deprecated-use-gradle-api.jar (com.android.tools.build:transform-api:2.0.0-deprecated-use-gradle-api) with InstrumentationAnalysisTransform
Transforming transform-api-2.0.0-deprecated-use-gradle-api.jar (com.android.tools.build:transform-api:2.0.0-deprecated-use-gradle-api) with MergeInstrumentationAnalysisTransform
Transforming httpmime-4.5.6.jar (org.apache.httpcomponents:httpmime:4.5.6) with InstrumentationAnalysisTransform
Transforming httpmime-4.5.6.jar (org.apache.httpcomponents:httpmime:4.5.6) with MergeInstrumentationAnalysisTransform
Transforming sdklib-31.7.2.jar (com.android.tools:sdklib:31.7.2) with ExternalDependencyInstrumentingArtifactTransform
Transforming commons-io-2.13.0.jar (commons-io:commons-io:2.13.0) with InstrumentationAnalysisTransform
Transforming commons-io-2.13.0.jar (commons-io:commons-io:2.13.0) with MergeInstrumentationAnalysisTransform
Transforming asm-commons-9.6.jar (org.ow2.asm:asm-commons:9.6) with InstrumentationAnalysisTransform
Transforming asm-commons-9.6.jar (org.ow2.asm:asm-commons:9.6) with MergeInstrumentationAnalysisTransform
Transforming asm-util-9.6.jar (org.ow2.asm:asm-util:9.6) with InstrumentationAnalysisTransform
Transforming asm-util-9.6.jar (org.ow2.asm:asm-util:9.6) with MergeInstrumentationAnalysisTransform
Transforming asm-analysis-9.6.jar (org.ow2.asm:asm-analysis:9.6) with InstrumentationAnalysisTransform
Transforming asm-analysis-9.6.jar (org.ow2.asm:asm-analysis:9.6) with MergeInstrumentationAnalysisTransform
Transforming asm-tree-9.6.jar (org.ow2.asm:asm-tree:9.6) with InstrumentationAnalysisTransform
Transforming asm-tree-9.6.jar (org.ow2.asm:asm-tree:9.6) with MergeInstrumentationAnalysisTransform
Transforming asm-9.6.jar (org.ow2.asm:asm:9.6) with InstrumentationAnalysisTransform
Transforming builder-8.7.2.jar (com.android.tools.build:builder:8.7.2) with ExternalDependencyInstrumentingArtifactTransform
Transforming gradle-api-8.7.2.jar (com.android.tools.build:gradle-api:8.7.2) with ExternalDependencyInstrumentingArtifactTransform
Transforming asm-9.6.jar (org.ow2.asm:asm:9.6) with MergeInstrumentationAnalysisTransform
Transforming apkzlib-8.7.2.jar (com.android.tools.build:apkzlib:8.7.2) with InstrumentationAnalysisTransform
Transforming apkzlib-8.7.2.jar (com.android.tools.build:apkzlib:8.7.2) with MergeInstrumentationAnalysisTransform
Transforming bcpkix-jdk18on-1.77.jar (org.bouncycastle:bcpkix-jdk18on:1.77) with InstrumentationAnalysisTransform
Transforming bcpkix-jdk18on-1.77.jar (org.bouncycastle:bcpkix-jdk18on:1.77) with MergeInstrumentationAnalysisTransform
Transforming jaxb-runtime-2.3.2.jar (org.glassfish.jaxb:jaxb-runtime:2.3.2) with InstrumentationAnalysisTransform
Transforming jaxb-runtime-2.3.2.jar (org.glassfish.jaxb:jaxb-runtime:2.3.2) with MergeInstrumentationAnalysisTransform
Transforming jopt-simple-4.9.jar (net.sf.jopt-simple:jopt-simple:4.9) with InstrumentationAnalysisTransform
Transforming jopt-simple-4.9.jar (net.sf.jopt-simple:jopt-simple:4.9) with MergeInstrumentationAnalysisTransform
Transforming javapoet-1.10.0.jar (com.squareup:javapoet:1.10.0) with InstrumentationAnalysisTransform
Transforming repository-31.7.2.jar (com.android.tools:repository:31.7.2) with ExternalDependencyInstrumentingArtifactTransform
Transforming javapoet-1.10.0.jar (com.squareup:javapoet:1.10.0) with MergeInstrumentationAnalysisTransform
Transforming protobuf-java-util-3.22.3.jar (com.google.protobuf:protobuf-java-util:3.22.3) with InstrumentationAnalysisTransform
Transforming protobuf-java-util-3.22.3.jar (com.google.protobuf:protobuf-java-util:3.22.3) with MergeInstrumentationAnalysisTransform
Transforming grpc-protobuf-1.57.0.jar (io.grpc:grpc-protobuf:1.57.0) with InstrumentationAnalysisTransform
Transforming grpc-protobuf-1.57.0.jar (io.grpc:grpc-protobuf:1.57.0) with MergeInstrumentationAnalysisTransform
Transforming tink-1.7.0.jar (com.google.crypto.tink:tink:1.7.0) with InstrumentationAnalysisTransform
Transforming tink-1.7.0.jar (com.google.crypto.tink:tink:1.7.0) with MergeInstrumentationAnalysisTransform
Transforming protos-31.7.2.jar (com.android.tools.analytics-library:protos:31.7.2) with InstrumentationAnalysisTransform
Transforming protos-31.7.2.jar (com.android.tools.analytics-library:protos:31.7.2) with MergeInstrumentationAnalysisTransform
Transforming proto-google-common-protos-2.17.0.jar (com.google.api.grpc:proto-google-common-protos:2.17.0) with InstrumentationAnalysisTransform
Transforming proto-google-common-protos-2.17.0.jar (com.google.api.grpc:proto-google-common-protos:2.17.0) with MergeInstrumentationAnalysisTransform
Transforming protobuf-java-3.22.3.jar (com.google.protobuf:protobuf-java:3.22.3) with InstrumentationAnalysisTransform
Transforming protobuf-java-3.22.3.jar (com.google.protobuf:protobuf-java:3.22.3) with MergeInstrumentationAnalysisTransform
Transforming ddmlib-31.7.2.jar (com.android.tools.ddms:ddmlib:31.7.2) with ExternalDependencyInstrumentingArtifactTransform
Transforming sdk-common-31.7.2.jar (com.android.tools:sdk-common:31.7.2) with ExternalDependencyInstrumentingArtifactTransform
Transforming builder-test-api-8.7.2.jar (com.android.tools.build:builder-test-api:8.7.2) with ExternalDependencyInstrumentingArtifactTransform
Transforming aaptcompiler-8.7.2.jar (com.android.tools.build:aaptcompiler:8.7.2) with ExternalDependencyInstrumentingArtifactTransform
Transforming grpc-netty-1.57.0.jar (io.grpc:grpc-netty:1.57.0) with InstrumentationAnalysisTransform
Transforming grpc-netty-1.57.0.jar (io.grpc:grpc-netty:1.57.0) with MergeInstrumentationAnalysisTransform
Transforming grpc-core-1.57.0.jar (io.grpc:grpc-core:1.57.0) with InstrumentationAnalysisTransform
Transforming grpc-core-1.57.0.jar (io.grpc:grpc-core:1.57.0) with MergeInstrumentationAnalysisTransform
Transforming kotlin-build-statistics-2.1.20.jar (org.jetbrains.kotlin:kotlin-build-statistics:2.1.20) with InstrumentationAnalysisTransform
Transforming kotlin-build-statistics-2.1.20.jar (org.jetbrains.kotlin:kotlin-build-statistics:2.1.20) with MergeInstrumentationAnalysisTransform
Transforming gson-2.11.0.jar (com.google.code.gson:gson:2.11.0) with InstrumentationAnalysisTransform
Transforming gson-2.11.0.jar (com.google.code.gson:gson:2.11.0) with MergeInstrumentationAnalysisTransform
Transforming grpc-stub-1.57.0.jar (io.grpc:grpc-stub:1.57.0) with InstrumentationAnalysisTransform
Transforming grpc-stub-1.57.0.jar (io.grpc:grpc-stub:1.57.0) with MergeInstrumentationAnalysisTransform
Transforming core-proto-0.0.9-alpha02.jar (com.google.testing.platform:core-proto:0.0.9-alpha02) with InstrumentationAnalysisTransform
Transforming aapt2-proto-8.7.2-12006047.jar (com.android.tools.build:aapt2-proto:8.7.2-12006047) with ExternalDependencyInstrumentingArtifactTransform
Transforming core-proto-0.0.9-alpha02.jar (com.google.testing.platform:core-proto:0.0.9-alpha02) with MergeInstrumentationAnalysisTransform
Transforming tensorflow-lite-metadata-0.1.0-rc2.jar (org.tensorflow:tensorflow-lite-metadata:0.1.0-rc2) with InstrumentationAnalysisTransform
Transforming tensorflow-lite-metadata-0.1.0-rc2.jar (org.tensorflow:tensorflow-lite-metadata:0.1.0-rc2) with MergeInstrumentationAnalysisTransform
Transforming flatbuffers-java-1.12.0.jar (com.google.flatbuffers:flatbuffers-java:1.12.0) with InstrumentationAnalysisTransform
Transforming flatbuffers-java-1.12.0.jar (com.google.flatbuffers:flatbuffers-java:1.12.0) with MergeInstrumentationAnalysisTransform
Transforming bundletool-1.17.1.jar (com.android.tools.build:bundletool:1.17.1) with ExternalDependencyInstrumentingArtifactTransform
Transforming kotlin-gradle-plugin-idea-proto-2.1.20.jar (org.jetbrains.kotlin:kotlin-gradle-plugin-idea-proto:2.1.20) with InstrumentationAnalysisTransform
Transforming kotlin-gradle-plugin-idea-proto-2.1.20.jar (org.jetbrains.kotlin:kotlin-gradle-plugin-idea-proto:2.1.20) with MergeInstrumentationAnalysisTransform
Transforming kotlin-gradle-plugin-idea-2.1.20.jar (org.jetbrains.kotlin:kotlin-gradle-plugin-idea:2.1.20) with InstrumentationAnalysisTransform
Transforming kotlin-gradle-plugin-idea-2.1.20.jar (org.jetbrains.kotlin:kotlin-gradle-plugin-idea:2.1.20) with MergeInstrumentationAnalysisTransform
Transforming kotlin-klib-commonizer-api-2.1.20.jar (org.jetbrains.kotlin:kotlin-klib-commonizer-api:2.1.20) with InstrumentationAnalysisTransform
Transforming kotlin-klib-commonizer-api-2.1.20.jar (org.jetbrains.kotlin:kotlin-klib-commonizer-api:2.1.20) with MergeInstrumentationAnalysisTransform
Transforming tracker-31.7.2.jar (com.android.tools.analytics-library:tracker:31.7.2) with ExternalDependencyInstrumentingArtifactTransform
Transforming kotlin-util-klib-metadata-2.1.20.jar (org.jetbrains.kotlin:kotlin-util-klib-metadata:2.1.20) with InstrumentationAnalysisTransform
Transforming kotlin-util-klib-metadata-2.1.20.jar (org.jetbrains.kotlin:kotlin-util-klib-metadata:2.1.20) with MergeInstrumentationAnalysisTransform
Transforming kotlin-compiler-runner-2.1.20.jar (org.jetbrains.kotlin:kotlin-compiler-runner:2.1.20) with InstrumentationAnalysisTransform
Transforming kotlin-compiler-runner-2.1.20.jar (org.jetbrains.kotlin:kotlin-compiler-runner:2.1.20) with MergeInstrumentationAnalysisTransform
Transforming jimfs-1.1.jar (com.google.jimfs:jimfs:1.1) with InstrumentationAnalysisTransform
Transforming jimfs-1.1.jar (com.google.jimfs:jimfs:1.1) with MergeInstrumentationAnalysisTransform
Transforming grpc-context-1.57.0.jar (io.grpc:grpc-context:1.57.0) with InstrumentationAnalysisTransform
Transforming grpc-context-1.57.0.jar (io.grpc:grpc-context:1.57.0) with MergeInstrumentationAnalysisTransform
Transforming grpc-protobuf-lite-1.57.0.jar (io.grpc:grpc-protobuf-lite:1.57.0) with InstrumentationAnalysisTransform
Transforming grpc-protobuf-lite-1.57.0.jar (io.grpc:grpc-protobuf-lite:1.57.0) with MergeInstrumentationAnalysisTransform
Transforming grpc-api-1.57.0.jar (io.grpc:grpc-api:1.57.0) with InstrumentationAnalysisTransform
Transforming grpc-api-1.57.0.jar (io.grpc:grpc-api:1.57.0) with MergeInstrumentationAnalysisTransform
Transforming guava-32.0.1-jre.jar (com.google.guava:guava:32.0.1-jre) with InstrumentationAnalysisTransform
Transforming guava-32.0.1-jre.jar (com.google.guava:guava:32.0.1-jre) with MergeInstrumentationAnalysisTransform
Transforming dagger-2.28.3.jar (com.google.dagger:dagger:2.28.3) with InstrumentationAnalysisTransform
Transforming dagger-2.28.3.jar (com.google.dagger:dagger:2.28.3) with MergeInstrumentationAnalysisTransform
Transforming shared-31.7.2.jar (com.android.tools.analytics-library:shared:31.7.2) with ExternalDependencyInstrumentingArtifactTransform
Transforming javax.inject-1.jar (javax.inject:javax.inject:1) with InstrumentationAnalysisTransform
Transforming crash-31.7.2.jar (com.android.tools.analytics-library:crash:31.7.2) with ExternalDependencyInstrumentingArtifactTransform
Transforming javax.inject-1.jar (javax.inject:javax.inject:1) with MergeInstrumentationAnalysisTransform
Transforming kxml2-2.3.0.jar (net.sf.kxml:kxml2:2.3.0) with InstrumentationAnalysisTransform
Transforming kxml2-2.3.0.jar (net.sf.kxml:kxml2:2.3.0) with MergeInstrumentationAnalysisTransform
Transforming bcutil-jdk18on-1.77.jar (org.bouncycastle:bcutil-jdk18on:1.77) with InstrumentationAnalysisTransform
Transforming bcutil-jdk18on-1.77.jar (org.bouncycastle:bcutil-jdk18on:1.77) with MergeInstrumentationAnalysisTransform
Transforming bcprov-jdk18on-1.77.jar (org.bouncycastle:bcprov-jdk18on:1.77) with InstrumentationAnalysisTransform
Transforming bcprov-jdk18on-1.77.jar (org.bouncycastle:bcprov-jdk18on:1.77) with MergeInstrumentationAnalysisTransform
Transforming trove4j-1.0.20200330.jar (org.jetbrains.intellij.deps:trove4j:1.0.20200330) with InstrumentationAnalysisTransform
Transforming trove4j-1.0.20200330.jar (org.jetbrains.intellij.deps:trove4j:1.0.20200330) with MergeInstrumentationAnalysisTransform
Transforming commons-compress-1.21.jar (org.apache.commons:commons-compress:1.21) with InstrumentationAnalysisTransform
Transforming commons-compress-1.21.jar (org.apache.commons:commons-compress:1.21) with MergeInstrumentationAnalysisTransform
Transforming httpclient-4.5.14.jar (org.apache.httpcomponents:httpclient:4.5.14) with InstrumentationAnalysisTransform
Transforming httpclient-4.5.14.jar (org.apache.httpcomponents:httpclient:4.5.14) with MergeInstrumentationAnalysisTransform
Transforming httpcore-4.4.16.jar (org.apache.httpcomponents:httpcore:4.4.16) with InstrumentationAnalysisTransform
Transforming httpcore-4.4.16.jar (org.apache.httpcomponents:httpcore:4.4.16) with MergeInstrumentationAnalysisTransform
Transforming javax.activation-1.2.0.jar (com.sun.activation:javax.activation:1.2.0) with InstrumentationAnalysisTransform
Transforming javax.activation-1.2.0.jar (com.sun.activation:javax.activation:1.2.0) with MergeInstrumentationAnalysisTransform
Transforming annotations-23.0.0.jar (org.jetbrains:annotations:23.0.0) with InstrumentationAnalysisTransform
Transforming annotations-23.0.0.jar (org.jetbrains:annotations:23.0.0) with MergeInstrumentationAnalysisTransform
Transforming signflinger-8.7.2.jar (com.android:signflinger:8.7.2) with InstrumentationAnalysisTransform
Transforming signflinger-8.7.2.jar (com.android:signflinger:8.7.2) with MergeInstrumentationAnalysisTransform
Transforming zipflinger-8.7.2.jar (com.android:zipflinger:8.7.2) with InstrumentationAnalysisTransform
Transforming zipflinger-8.7.2.jar (com.android:zipflinger:8.7.2) with MergeInstrumentationAnalysisTransform
Transforming annotations-31.7.2.jar (com.android.tools:annotations:31.7.2) with InstrumentationAnalysisTransform
Transforming annotations-31.7.2.jar (com.android.tools:annotations:31.7.2) with MergeInstrumentationAnalysisTransform
Transforming jna-platform-5.6.0.jar (net.java.dev.jna:jna-platform:5.6.0) with InstrumentationAnalysisTransform
Transforming jna-platform-5.6.0.jar (net.java.dev.jna:jna-platform:5.6.0) with MergeInstrumentationAnalysisTransform
Transforming juniversalchardet-1.0.3.jar (com.googlecode.juniversalchardet:juniversalchardet:1.0.3) with InstrumentationAnalysisTransform
Transforming databinding-compiler-common-8.7.2.jar (androidx.databinding:databinding-compiler-common:8.7.2) with ExternalDependencyInstrumentingArtifactTransform
Transforming juniversalchardet-1.0.3.jar (com.googlecode.juniversalchardet:juniversalchardet:1.0.3) with MergeInstrumentationAnalysisTransform
Transforming baseLibrary-8.7.2.jar (com.android.databinding:baseLibrary:8.7.2) with ExternalDependencyInstrumentingArtifactTransform
Transforming javax.annotation-api-1.3.2.jar (javax.annotation:javax.annotation-api:1.3.2) with InstrumentationAnalysisTransform
Transforming javax.annotation-api-1.3.2.jar (javax.annotation:javax.annotation-api:1.3.2) with MergeInstrumentationAnalysisTransform
Transforming stax-ex-1.8.1.jar (org.jvnet.staxex:stax-ex:1.8.1) with InstrumentationAnalysisTransform
Transforming stax-ex-1.8.1.jar (org.jvnet.staxex:stax-ex:1.8.1) with MergeInstrumentationAnalysisTransform
Transforming jakarta.xml.bind-api-2.3.2.jar (jakarta.xml.bind:jakarta.xml.bind-api:2.3.2) with InstrumentationAnalysisTransform
Transforming jakarta.xml.bind-api-2.3.2.jar (jakarta.xml.bind:jakarta.xml.bind-api:2.3.2) with MergeInstrumentationAnalysisTransform
Transforming txw2-2.3.2.jar (org.glassfish.jaxb:txw2:2.3.2) with InstrumentationAnalysisTransform
Transforming txw2-2.3.2.jar (org.glassfish.jaxb:txw2:2.3.2) with MergeInstrumentationAnalysisTransform
Transforming istack-commons-runtime-3.0.8.jar (com.sun.istack:istack-commons-runtime:3.0.8) with InstrumentationAnalysisTransform
Transforming istack-commons-runtime-3.0.8.jar (com.sun.istack:istack-commons-runtime:3.0.8) with MergeInstrumentationAnalysisTransform
Transforming FastInfoset-1.2.16.jar (com.sun.xml.fastinfoset:FastInfoset:1.2.16) with InstrumentationAnalysisTransform
Transforming FastInfoset-1.2.16.jar (com.sun.xml.fastinfoset:FastInfoset:1.2.16) with MergeInstrumentationAnalysisTransform
Transforming jakarta.activation-api-1.2.1.jar (jakarta.activation:jakarta.activation-api:1.2.1) with InstrumentationAnalysisTransform
Transforming jakarta.activation-api-1.2.1.jar (jakarta.activation:jakarta.activation-api:1.2.1) with MergeInstrumentationAnalysisTransform
Transforming auto-value-annotations-1.6.2.jar (com.google.auto.value:auto-value-annotations:1.6.2) with InstrumentationAnalysisTransform
Transforming auto-value-annotations-1.6.2.jar (com.google.auto.value:auto-value-annotations:1.6.2) with MergeInstrumentationAnalysisTransform
Transforming error_prone_annotations-2.27.0.jar (com.google.errorprone:error_prone_annotations:2.27.0) with InstrumentationAnalysisTransform
Transforming error_prone_annotations-2.27.0.jar (com.google.errorprone:error_prone_annotations:2.27.0) with MergeInstrumentationAnalysisTransform
Transforming layoutlib-api-31.7.2.jar (com.android.tools.layoutlib:layoutlib-api:31.7.2) with ExternalDependencyInstrumentingArtifactTransform
Transforming jose4j-0.9.5.jar (org.bitbucket.b_c:jose4j:0.9.5) with InstrumentationAnalysisTransform
Transforming lint-typedef-remover-31.7.2.jar (com.android.tools.lint:lint-typedef-remover:31.7.2) with ExternalDependencyInstrumentingArtifactTransform
Transforming jose4j-0.9.5.jar (org.bitbucket.b_c:jose4j:0.9.5) with MergeInstrumentationAnalysisTransform
Transforming slf4j-api-1.7.30.jar (org.slf4j:slf4j-api:1.7.30) with InstrumentationAnalysisTransform
Transforming slf4j-api-1.7.30.jar (org.slf4j:slf4j-api:1.7.30) with MergeInstrumentationAnalysisTransform
Transforming jdom2-2.0.6.jar (org.jdom:jdom2:2.0.6) with InstrumentationAnalysisTransform
Transforming jdom2-2.0.6.jar (org.jdom:jdom2:2.0.6) with MergeInstrumentationAnalysisTransform
Transforming jsr305-3.0.2.jar (com.google.code.findbugs:jsr305:3.0.2) with InstrumentationAnalysisTransform
Transforming jsr305-3.0.2.jar (com.google.code.findbugs:jsr305:3.0.2) with MergeInstrumentationAnalysisTransform
Transforming j2objc-annotations-2.8.jar (com.google.j2objc:j2objc-annotations:2.8) with InstrumentationAnalysisTransform
Transforming j2objc-annotations-2.8.jar (com.google.j2objc:j2objc-annotations:2.8) with MergeInstrumentationAnalysisTransform
Transforming annotations-4.1.1.4.jar (com.google.android:annotations:4.1.1.4) with InstrumentationAnalysisTransform
Transforming android-device-provider-profile-proto-31.7.2.jar (com.android.tools.utp:android-device-provider-profile-proto:31.7.2) with ExternalDependencyInstrumentingArtifactTransform
Transforming databinding-common-8.7.2.jar (androidx.databinding:databinding-common:8.7.2) with ExternalDependencyInstrumentingArtifactTransform
Transforming android-device-provider-gradle-proto-31.7.2.jar (com.android.tools.utp:android-device-provider-gradle-proto:31.7.2) with ExternalDependencyInstrumentingArtifactTransform
Transforming android-device-provider-ddmlib-proto-31.7.2.jar (com.android.tools.utp:android-device-provider-ddmlib-proto:31.7.2) with ExternalDependencyInstrumentingArtifactTransform
Transforming annotations-4.1.1.4.jar (com.google.android:annotations:4.1.1.4) with MergeInstrumentationAnalysisTransform
Transforming animal-sniffer-annotations-1.23.jar (org.codehaus.mojo:animal-sniffer-annotations:1.23) with InstrumentationAnalysisTransform
Transforming animal-sniffer-annotations-1.23.jar (org.codehaus.mojo:animal-sniffer-annotations:1.23) with MergeInstrumentationAnalysisTransform
Transforming perfmark-api-0.26.0.jar (io.perfmark:perfmark-api:0.26.0) with InstrumentationAnalysisTransform
Transforming perfmark-api-0.26.0.jar (io.perfmark:perfmark-api:0.26.0) with MergeInstrumentationAnalysisTransform
Transforming netty-codec-http2-4.1.93.Final.jar (io.netty:netty-codec-http2:4.1.93.Final) with InstrumentationAnalysisTransform
Transforming netty-codec-http2-4.1.93.Final.jar (io.netty:netty-codec-http2:4.1.93.Final) with MergeInstrumentationAnalysisTransform
Transforming netty-handler-proxy-4.1.93.Final.jar (io.netty:netty-handler-proxy:4.1.93.Final) with InstrumentationAnalysisTransform
Transforming netty-handler-proxy-4.1.93.Final.jar (io.netty:netty-handler-proxy:4.1.93.Final) with MergeInstrumentationAnalysisTransform
Transforming android-test-plugin-host-apk-installer-proto-31.7.2.jar (com.android.tools.utp:android-test-plugin-host-apk-installer-proto:31.7.2) with ExternalDependencyInstrumentingArtifactTransform
Transforming android-test-plugin-host-logcat-proto-31.7.2.jar (com.android.tools.utp:android-test-plugin-host-logcat-proto:31.7.2) with ExternalDependencyInstrumentingArtifactTransform
Transforming netty-codec-http-4.1.93.Final.jar (io.netty:netty-codec-http:4.1.93.Final) with InstrumentationAnalysisTransform
Transforming netty-codec-http-4.1.93.Final.jar (io.netty:netty-codec-http:4.1.93.Final) with MergeInstrumentationAnalysisTransform
Transforming netty-handler-4.1.93.Final.jar (io.netty:netty-handler:4.1.93.Final) with InstrumentationAnalysisTransform
Transforming android-test-plugin-host-coverage-proto-31.7.2.jar (com.android.tools.utp:android-test-plugin-host-coverage-proto:31.7.2) with ExternalDependencyInstrumentingArtifactTransform
Transforming netty-handler-4.1.93.Final.jar (io.netty:netty-handler:4.1.93.Final) with MergeInstrumentationAnalysisTransform
Transforming netty-transport-native-unix-common-4.1.93.Final.jar (io.netty:netty-transport-native-unix-common:4.1.93.Final) with InstrumentationAnalysisTransform
Transforming netty-transport-native-unix-common-4.1.93.Final.jar (io.netty:netty-transport-native-unix-common:4.1.93.Final) with MergeInstrumentationAnalysisTransform
Transforming checker-qual-3.33.0.jar (org.checkerframework:checker-qual:3.33.0) with InstrumentationAnalysisTransform
Transforming checker-qual-3.33.0.jar (org.checkerframework:checker-qual:3.33.0) with MergeInstrumentationAnalysisTransform
Transforming commons-codec-1.11.jar (commons-codec:commons-codec:1.11) with InstrumentationAnalysisTransform
Transforming commons-codec-1.11.jar (commons-codec:commons-codec:1.11) with MergeInstrumentationAnalysisTransform
Transforming apksig-8.7.2.jar (com.android.tools.build:apksig:8.7.2) with InstrumentationAnalysisTransform
Transforming apksig-8.7.2.jar (com.android.tools.build:apksig:8.7.2) with MergeInstrumentationAnalysisTransform
Transforming android-test-plugin-host-emulator-control-proto-31.7.2.jar (com.android.tools.utp:android-test-plugin-host-emulator-control-proto:31.7.2) with ExternalDependencyInstrumentingArtifactTransform
Transforming javawriter-2.5.0.jar (com.squareup:javawriter:2.5.0) with InstrumentationAnalysisTransform
Transforming javawriter-2.5.0.jar (com.squareup:javawriter:2.5.0) with MergeInstrumentationAnalysisTransform
Transforming kotlin-gradle-plugin-annotations-2.1.20.jar (org.jetbrains.kotlin:kotlin-gradle-plugin-annotations:2.1.20) with InstrumentationAnalysisTransform
Transforming kotlin-gradle-plugin-annotations-2.1.20.jar (org.jetbrains.kotlin:kotlin-gradle-plugin-annotations:2.1.20) with MergeInstrumentationAnalysisTransform
Transforming kotlin-native-utils-2.1.20.jar (org.jetbrains.kotlin:kotlin-native-utils:2.1.20) with InstrumentationAnalysisTransform
Transforming kotlin-native-utils-2.1.20.jar (org.jetbrains.kotlin:kotlin-native-utils:2.1.20) with MergeInstrumentationAnalysisTransform
Transforming kotlin-tooling-core-2.1.20.jar (org.jetbrains.kotlin:kotlin-tooling-core:2.1.20) with InstrumentationAnalysisTransform
Transforming kotlin-tooling-core-2.1.20.jar (org.jetbrains.kotlin:kotlin-tooling-core:2.1.20) with MergeInstrumentationAnalysisTransform
Transforming kotlin-build-tools-api-2.1.20.jar (org.jetbrains.kotlin:kotlin-build-tools-api:2.1.20) with InstrumentationAnalysisTransform
Transforming kotlin-build-tools-api-2.1.20.jar (org.jetbrains.kotlin:kotlin-build-tools-api:2.1.20) with MergeInstrumentationAnalysisTransform
Transforming kotlin-util-klib-2.1.20.jar (org.jetbrains.kotlin:kotlin-util-klib:2.1.20) with InstrumentationAnalysisTransform
Transforming kotlin-util-klib-2.1.20.jar (org.jetbrains.kotlin:kotlin-util-klib:2.1.20) with MergeInstrumentationAnalysisTransform
Transforming kotlin-util-io-2.1.20.jar (org.jetbrains.kotlin:kotlin-util-io:2.1.20) with InstrumentationAnalysisTransform
Transforming kotlin-util-io-2.1.20.jar (org.jetbrains.kotlin:kotlin-util-io:2.1.20) with MergeInstrumentationAnalysisTransform
Transforming kotlin-daemon-client-2.1.20.jar (org.jetbrains.kotlin:kotlin-daemon-client:2.1.20) with InstrumentationAnalysisTransform
Transforming kotlin-daemon-client-2.1.20.jar (org.jetbrains.kotlin:kotlin-daemon-client:2.1.20) with MergeInstrumentationAnalysisTransform
Transforming kotlinx-coroutines-core-jvm-1.8.0.jar (org.jetbrains.kotlinx:kotlinx-coroutines-core-jvm:1.8.0) with InstrumentationAnalysisTransform
Transforming kotlinx-coroutines-core-jvm-1.8.0.jar (org.jetbrains.kotlinx:kotlinx-coroutines-core-jvm:1.8.0) with MergeInstrumentationAnalysisTransform
Transforming failureaccess-1.0.1.jar (com.google.guava:failureaccess:1.0.1) with InstrumentationAnalysisTransform
Transforming failureaccess-1.0.1.jar (com.google.guava:failureaccess:1.0.1) with MergeInstrumentationAnalysisTransform
Transforming listenablefuture-9999.0-empty-to-avoid-conflict-with-guava.jar (com.google.guava:listenablefuture:9999.0-empty-to-avoid-conflict-with-guava) with InstrumentationAnalysisTransform
Transforming listenablefuture-9999.0-empty-to-avoid-conflict-with-guava.jar (com.google.guava:listenablefuture:9999.0-empty-to-avoid-conflict-with-guava) with MergeInstrumentationAnalysisTransform
Transforming commons-logging-1.2.jar (commons-logging:commons-logging:1.2) with InstrumentationAnalysisTransform
Transforming commons-logging-1.2.jar (commons-logging:commons-logging:1.2) with MergeInstrumentationAnalysisTransform
Transforming jna-5.6.0.jar (net.java.dev.jna:jna:5.6.0) with InstrumentationAnalysisTransform
Transforming jna-5.6.0.jar (net.java.dev.jna:jna:5.6.0) with MergeInstrumentationAnalysisTransform
Transforming netty-codec-socks-4.1.93.Final.jar (io.netty:netty-codec-socks:4.1.93.Final) with InstrumentationAnalysisTransform
Transforming netty-codec-socks-4.1.93.Final.jar (io.netty:netty-codec-socks:4.1.93.Final) with MergeInstrumentationAnalysisTransform
Transforming netty-codec-4.1.93.Final.jar (io.netty:netty-codec:4.1.93.Final) with InstrumentationAnalysisTransform
Transforming netty-codec-4.1.93.Final.jar (io.netty:netty-codec:4.1.93.Final) with MergeInstrumentationAnalysisTransform
Transforming netty-transport-4.1.93.Final.jar (io.netty:netty-transport:4.1.93.Final) with InstrumentationAnalysisTransform
Transforming common-31.7.2.jar (com.android.tools:common:31.7.2) with ExternalDependencyInstrumentingArtifactTransform
Transforming builder-model-8.7.2.jar (com.android.tools.build:builder-model:8.7.2) with ExternalDependencyInstrumentingArtifactTransform
Transforming kotlin-stdlib-jdk7-1.9.20.jar (org.jetbrains.kotlin:kotlin-stdlib-jdk7:1.9.20) with ExternalDependencyInstrumentingArtifactTransform
Transforming android-test-plugin-host-retention-proto-31.7.2.jar (com.android.tools.utp:android-test-plugin-host-retention-proto:31.7.2) with ExternalDependencyInstrumentingArtifactTransform
Transforming android-test-plugin-host-additional-test-output-proto-31.7.2.jar (com.android.tools.utp:android-test-plugin-host-additional-test-output-proto:31.7.2) with ExternalDependencyInstrumentingArtifactTransform
Transforming netty-transport-4.1.93.Final.jar (io.netty:netty-transport:4.1.93.Final) with MergeInstrumentationAnalysisTransform
Transforming netty-buffer-4.1.93.Final.jar (io.netty:netty-buffer:4.1.93.Final) with InstrumentationAnalysisTransform
Transforming netty-buffer-4.1.93.Final.jar (io.netty:netty-buffer:4.1.93.Final) with MergeInstrumentationAnalysisTransform
Transforming netty-resolver-4.1.93.Final.jar (io.netty:netty-resolver:4.1.93.Final) with InstrumentationAnalysisTransform
Transforming netty-resolver-4.1.93.Final.jar (io.netty:netty-resolver:4.1.93.Final) with MergeInstrumentationAnalysisTransform
Transforming netty-common-4.1.93.Final.jar (io.netty:netty-common:4.1.93.Final) with InstrumentationAnalysisTransform
Transforming netty-common-4.1.93.Final.jar (io.netty:netty-common:4.1.93.Final) with MergeInstrumentationAnalysisTransform
Transforming dvlib-31.7.2.jar (com.android.tools:dvlib:31.7.2) with ExternalDependencyInstrumentingArtifactTransform
Transforming jetifier-core-1.0.0-beta10.jar (com.android.tools.build.jetifier:jetifier-core:1.0.0-beta10) with ExternalDependencyInstrumentingArtifactTransform
Transforming kotlin-reflect-1.9.20.jar (org.jetbrains.kotlin:kotlin-reflect:1.9.20) with ExternalDependencyInstrumentingArtifactTransform
Transforming kotlin-stdlib-jdk8-1.9.20.jar (org.jetbrains.kotlin:kotlin-stdlib-jdk8:1.9.20) with ExternalDependencyInstrumentingArtifactTransform
Transforming transform-api-2.0.0-deprecated-use-gradle-api.jar (com.android.tools.build:transform-api:2.0.0-deprecated-use-gradle-api) with ExternalDependencyInstrumentingArtifactTransform
Transforming android-test-plugin-result-listener-gradle-proto-31.7.2.jar (com.android.tools.utp:android-test-plugin-result-listener-gradle-proto:31.7.2) with ExternalDependencyInstrumentingArtifactTransform
Transforming jetifier-processor-1.0.0-beta10.jar (com.android.tools.build.jetifier:jetifier-processor:1.0.0-beta10) with ExternalDependencyInstrumentingArtifactTransform
Transforming asm-analysis-9.6.jar (org.ow2.asm:asm-analysis:9.6) with ExternalDependencyInstrumentingArtifactTransform
Transforming httpmime-4.5.6.jar (org.apache.httpcomponents:httpmime:4.5.6) with ExternalDependencyInstrumentingArtifactTransform
Transforming kotlin-stdlib-1.9.20.jar (org.jetbrains.kotlin:kotlin-stdlib:1.9.20) with ExternalDependencyInstrumentingArtifactTransform
Transforming commons-io-2.13.0.jar (commons-io:commons-io:2.13.0) with ExternalDependencyInstrumentingArtifactTransform
Transforming asm-tree-9.6.jar (org.ow2.asm:asm-tree:9.6) with ExternalDependencyInstrumentingArtifactTransform
Transforming apkzlib-8.7.2.jar (com.android.tools.build:apkzlib:8.7.2) with ExternalDependencyInstrumentingArtifactTransform
Transforming asm-commons-9.6.jar (org.ow2.asm:asm-commons:9.6) with ExternalDependencyInstrumentingArtifactTransform
Transforming asm-util-9.6.jar (org.ow2.asm:asm-util:9.6) with ExternalDependencyInstrumentingArtifactTransform
Transforming bcpkix-jdk18on-1.77.jar (org.bouncycastle:bcpkix-jdk18on:1.77) with ExternalDependencyInstrumentingArtifactTransform
Transforming protobuf-java-util-3.22.3.jar (com.google.protobuf:protobuf-java-util:3.22.3) with ExternalDependencyInstrumentingArtifactTransform
Transforming asm-9.6.jar (org.ow2.asm:asm:9.6) with ExternalDependencyInstrumentingArtifactTransform
Transforming javapoet-1.10.0.jar (com.squareup:javapoet:1.10.0) with ExternalDependencyInstrumentingArtifactTransform
Transforming jopt-simple-4.9.jar (net.sf.jopt-simple:jopt-simple:4.9) with ExternalDependencyInstrumentingArtifactTransform
Transforming grpc-protobuf-1.57.0.jar (io.grpc:grpc-protobuf:1.57.0) with ExternalDependencyInstrumentingArtifactTransform
Transforming tink-1.7.0.jar (com.google.crypto.tink:tink:1.7.0) with ExternalDependencyInstrumentingArtifactTransform
Transforming proto-google-common-protos-2.17.0.jar (com.google.api.grpc:proto-google-common-protos:2.17.0) with ExternalDependencyInstrumentingArtifactTransform
Transforming protos-31.7.2.jar (com.android.tools.analytics-library:protos:31.7.2) with ExternalDependencyInstrumentingArtifactTransform
Transforming grpc-netty-1.57.0.jar (io.grpc:grpc-netty:1.57.0) with ExternalDependencyInstrumentingArtifactTransform
Transforming grpc-core-1.57.0.jar (io.grpc:grpc-core:1.57.0) with ExternalDependencyInstrumentingArtifactTransform
Transforming jaxb-runtime-2.3.2.jar (org.glassfish.jaxb:jaxb-runtime:2.3.2) with ExternalDependencyInstrumentingArtifactTransform
Transforming protobuf-java-3.22.3.jar (com.google.protobuf:protobuf-java:3.22.3) with ExternalDependencyInstrumentingArtifactTransform
Transforming kotlin-build-statistics-2.1.20.jar (org.jetbrains.kotlin:kotlin-build-statistics:2.1.20) with ExternalDependencyInstrumentingArtifactTransform
Transforming gson-2.11.0.jar (com.google.code.gson:gson:2.11.0) with ExternalDependencyInstrumentingArtifactTransform
Transforming grpc-stub-1.57.0.jar (io.grpc:grpc-stub:1.57.0) with ExternalDependencyInstrumentingArtifactTransform
Transforming flatbuffers-java-1.12.0.jar (com.google.flatbuffers:flatbuffers-java:1.12.0) with ExternalDependencyInstrumentingArtifactTransform
Transforming kotlin-gradle-plugin-idea-proto-2.1.20.jar (org.jetbrains.kotlin:kotlin-gradle-plugin-idea-proto:2.1.20) with ExternalDependencyInstrumentingArtifactTransform
Transforming kotlin-util-klib-metadata-2.1.20.jar (org.jetbrains.kotlin:kotlin-util-klib-metadata:2.1.20) with ExternalDependencyInstrumentingArtifactTransform
Transforming kotlin-gradle-plugin-idea-2.1.20.jar (org.jetbrains.kotlin:kotlin-gradle-plugin-idea:2.1.20) with ExternalDependencyInstrumentingArtifactTransform
Transforming grpc-context-1.57.0.jar (io.grpc:grpc-context:1.57.0) with ExternalDependencyInstrumentingArtifactTransform
Transforming core-proto-0.0.9-alpha02.jar (com.google.testing.platform:core-proto:0.0.9-alpha02) with ExternalDependencyInstrumentingArtifactTransform
Transforming jimfs-1.1.jar (com.google.jimfs:jimfs:1.1) with ExternalDependencyInstrumentingArtifactTransform
Transforming grpc-protobuf-lite-1.57.0.jar (io.grpc:grpc-protobuf-lite:1.57.0) with ExternalDependencyInstrumentingArtifactTransform
Transforming tensorflow-lite-metadata-0.1.0-rc2.jar (org.tensorflow:tensorflow-lite-metadata:0.1.0-rc2) with ExternalDependencyInstrumentingArtifactTransform
Transforming kotlin-klib-commonizer-api-2.1.20.jar (org.jetbrains.kotlin:kotlin-klib-commonizer-api:2.1.20) with ExternalDependencyInstrumentingArtifactTransform
Transforming kotlin-compiler-runner-2.1.20.jar (org.jetbrains.kotlin:kotlin-compiler-runner:2.1.20) with ExternalDependencyInstrumentingArtifactTransform
Transforming javax.inject-1.jar (javax.inject:javax.inject:1) with ExternalDependencyInstrumentingArtifactTransform
Transforming dagger-2.28.3.jar (com.google.dagger:dagger:2.28.3) with ExternalDependencyInstrumentingArtifactTransform
Transforming grpc-api-1.57.0.jar (io.grpc:grpc-api:1.57.0) with ExternalDependencyInstrumentingArtifactTransform
Transforming guava-32.0.1-jre.jar (com.google.guava:guava:32.0.1-jre) with ExternalDependencyInstrumentingArtifactTransform
Transforming httpclient-4.5.14.jar (org.apache.httpcomponents:httpclient:4.5.14) with ExternalDependencyInstrumentingArtifactTransform
Transforming kxml2-2.3.0.jar (net.sf.kxml:kxml2:2.3.0) with ExternalDependencyInstrumentingArtifactTransform
Transforming trove4j-1.0.20200330.jar (org.jetbrains.intellij.deps:trove4j:1.0.20200330) with ExternalDependencyInstrumentingArtifactTransform
Transforming bcutil-jdk18on-1.77.jar (org.bouncycastle:bcutil-jdk18on:1.77) with ExternalDependencyInstrumentingArtifactTransform
Transforming bcprov-jdk18on-1.77.jar (org.bouncycastle:bcprov-jdk18on:1.77) with ExternalDependencyInstrumentingArtifactTransform
Transforming commons-compress-1.21.jar (org.apache.commons:commons-compress:1.21) with ExternalDependencyInstrumentingArtifactTransform
Transforming javax.activation-1.2.0.jar (com.sun.activation:javax.activation:1.2.0) with ExternalDependencyInstrumentingArtifactTransform
Transforming annotations-23.0.0.jar (org.jetbrains:annotations:23.0.0) with ExternalDependencyInstrumentingArtifactTransform
Transforming httpcore-4.4.16.jar (org.apache.httpcomponents:httpcore:4.4.16) with ExternalDependencyInstrumentingArtifactTransform
Transforming signflinger-8.7.2.jar (com.android:signflinger:8.7.2) with ExternalDependencyInstrumentingArtifactTransform
Transforming javax.annotation-api-1.3.2.jar (javax.annotation:javax.annotation-api:1.3.2) with ExternalDependencyInstrumentingArtifactTransform
Transforming juniversalchardet-1.0.3.jar (com.googlecode.juniversalchardet:juniversalchardet:1.0.3) with ExternalDependencyInstrumentingArtifactTransform
Transforming zipflinger-8.7.2.jar (com.android:zipflinger:8.7.2) with ExternalDependencyInstrumentingArtifactTransform
Transforming jna-platform-5.6.0.jar (net.java.dev.jna:jna-platform:5.6.0) with ExternalDependencyInstrumentingArtifactTransform
Transforming annotations-31.7.2.jar (com.android.tools:annotations:31.7.2) with ExternalDependencyInstrumentingArtifactTransform
Transforming istack-commons-runtime-3.0.8.jar (com.sun.istack:istack-commons-runtime:3.0.8) with ExternalDependencyInstrumentingArtifactTransform
Transforming txw2-2.3.2.jar (org.glassfish.jaxb:txw2:2.3.2) with ExternalDependencyInstrumentingArtifactTransform
Transforming stax-ex-1.8.1.jar (org.jvnet.staxex:stax-ex:1.8.1) with ExternalDependencyInstrumentingArtifactTransform
Transforming auto-value-annotations-1.6.2.jar (com.google.auto.value:auto-value-annotations:1.6.2) with ExternalDependencyInstrumentingArtifactTransform
Transforming jakarta.activation-api-1.2.1.jar (jakarta.activation:jakarta.activation-api:1.2.1) with ExternalDependencyInstrumentingArtifactTransform
Transforming jakarta.xml.bind-api-2.3.2.jar (jakarta.xml.bind:jakarta.xml.bind-api:2.3.2) with ExternalDependencyInstrumentingArtifactTransform
Transforming j2objc-annotations-2.8.jar (com.google.j2objc:j2objc-annotations:2.8) with ExternalDependencyInstrumentingArtifactTransform
Transforming error_prone_annotations-2.27.0.jar (com.google.errorprone:error_prone_annotations:2.27.0) with ExternalDependencyInstrumentingArtifactTransform
Transforming annotations-4.1.1.4.jar (com.google.android:annotations:4.1.1.4) with ExternalDependencyInstrumentingArtifactTransform
Transforming FastInfoset-1.2.16.jar (com.sun.xml.fastinfoset:FastInfoset:1.2.16) with ExternalDependencyInstrumentingArtifactTransform
Transforming jose4j-0.9.5.jar (org.bitbucket.b_c:jose4j:0.9.5) with ExternalDependencyInstrumentingArtifactTransform
Transforming slf4j-api-1.7.30.jar (org.slf4j:slf4j-api:1.7.30) with ExternalDependencyInstrumentingArtifactTransform
Transforming jsr305-3.0.2.jar (com.google.code.findbugs:jsr305:3.0.2) with ExternalDependencyInstrumentingArtifactTransform
Transforming animal-sniffer-annotations-1.23.jar (org.codehaus.mojo:animal-sniffer-annotations:1.23) with ExternalDependencyInstrumentingArtifactTransform
Transforming jdom2-2.0.6.jar (org.jdom:jdom2:2.0.6) with ExternalDependencyInstrumentingArtifactTransform
Transforming perfmark-api-0.26.0.jar (io.perfmark:perfmark-api:0.26.0) with ExternalDependencyInstrumentingArtifactTransform
Transforming netty-handler-proxy-4.1.93.Final.jar (io.netty:netty-handler-proxy:4.1.93.Final) with ExternalDependencyInstrumentingArtifactTransform
Transforming checker-qual-3.33.0.jar (org.checkerframework:checker-qual:3.33.0) with ExternalDependencyInstrumentingArtifactTransform
Transforming netty-codec-http-4.1.93.Final.jar (io.netty:netty-codec-http:4.1.93.Final) with ExternalDependencyInstrumentingArtifactTransform
Transforming netty-codec-http2-4.1.93.Final.jar (io.netty:netty-codec-http2:4.1.93.Final) with ExternalDependencyInstrumentingArtifactTransform
Transforming kotlin-native-utils-2.1.20.jar (org.jetbrains.kotlin:kotlin-native-utils:2.1.20) with ExternalDependencyInstrumentingArtifactTransform
Transforming kotlin-gradle-plugin-annotations-2.1.20.jar (org.jetbrains.kotlin:kotlin-gradle-plugin-annotations:2.1.20) with ExternalDependencyInstrumentingArtifactTransform
Transforming netty-handler-4.1.93.Final.jar (io.netty:netty-handler:4.1.93.Final) with ExternalDependencyInstrumentingArtifactTransform
Transforming commons-codec-1.11.jar (commons-codec:commons-codec:1.11) with ExternalDependencyInstrumentingArtifactTransform
Transforming netty-transport-native-unix-common-4.1.93.Final.jar (io.netty:netty-transport-native-unix-common:4.1.93.Final) with ExternalDependencyInstrumentingArtifactTransform
Transforming apksig-8.7.2.jar (com.android.tools.build:apksig:8.7.2) with ExternalDependencyInstrumentingArtifactTransform
Transforming kotlin-util-klib-2.1.20.jar (org.jetbrains.kotlin:kotlin-util-klib:2.1.20) with ExternalDependencyInstrumentingArtifactTransform
Transforming javawriter-2.5.0.jar (com.squareup:javawriter:2.5.0) with ExternalDependencyInstrumentingArtifactTransform
Transforming kotlin-build-tools-api-2.1.20.jar (org.jetbrains.kotlin:kotlin-build-tools-api:2.1.20) with ExternalDependencyInstrumentingArtifactTransform
Transforming kotlin-tooling-core-2.1.20.jar (org.jetbrains.kotlin:kotlin-tooling-core:2.1.20) with ExternalDependencyInstrumentingArtifactTransform
Transforming kotlin-util-io-2.1.20.jar (org.jetbrains.kotlin:kotlin-util-io:2.1.20) with ExternalDependencyInstrumentingArtifactTransform
Transforming failureaccess-1.0.1.jar (com.google.guava:failureaccess:1.0.1) with ExternalDependencyInstrumentingArtifactTransform
Transforming listenablefuture-9999.0-empty-to-avoid-conflict-with-guava.jar (com.google.guava:listenablefuture:9999.0-empty-to-avoid-conflict-with-guava) with ExternalDependencyInstrumentingArtifactTransform
Transforming kotlinx-coroutines-core-jvm-1.8.0.jar (org.jetbrains.kotlinx:kotlinx-coroutines-core-jvm:1.8.0) with ExternalDependencyInstrumentingArtifactTransform
Transforming commons-logging-1.2.jar (commons-logging:commons-logging:1.2) with ExternalDependencyInstrumentingArtifactTransform
Transforming kotlin-daemon-client-2.1.20.jar (org.jetbrains.kotlin:kotlin-daemon-client:2.1.20) with ExternalDependencyInstrumentingArtifactTransform
Transforming netty-transport-4.1.93.Final.jar (io.netty:netty-transport:4.1.93.Final) with ExternalDependencyInstrumentingArtifactTransform
Transforming netty-codec-socks-4.1.93.Final.jar (io.netty:netty-codec-socks:4.1.93.Final) with ExternalDependencyInstrumentingArtifactTransform
Transforming jna-5.6.0.jar (net.java.dev.jna:jna:5.6.0) with ExternalDependencyInstrumentingArtifactTransform
Transforming netty-codec-4.1.93.Final.jar (io.netty:netty-codec:4.1.93.Final) with ExternalDependencyInstrumentingArtifactTransform
Transforming netty-buffer-4.1.93.Final.jar (io.netty:netty-buffer:4.1.93.Final) with ExternalDependencyInstrumentingArtifactTransform
Transforming netty-resolver-4.1.93.Final.jar (io.netty:netty-resolver:4.1.93.Final) with ExternalDependencyInstrumentingArtifactTransform
Transforming netty-common-4.1.93.Final.jar (io.netty:netty-common:4.1.93.Final) with ExternalDependencyInstrumentingArtifactTransform
Using default execution profile
Build c9ace5a9-7650-4a11-bff2-7810af33ef3a is started
Using Kotlin Gradle Plugin gradle85 variant

> Configure project :capacitor-cordova-android-plugins
Evaluating project ':capacitor-cordova-android-plugins' using build file 'C:\Users\tienv\OneDrive\Desktop\MAIMAI_ANDROID\android\capacitor-cordova-android-plugins\build.gradle'.
Transforming gradle-8.7.2.jar (com.android.tools.build:gradle:8.7.2) with InstrumentationAnalysisTransform
Transforming gradle-settings-api-8.7.2.jar (com.android.tools.build:gradle-settings-api:8.7.2) with InstrumentationAnalysisTransform
Transforming lint-model-31.7.2.jar (com.android.tools.lint:lint-model:31.7.2) with InstrumentationAnalysisTransform
Transforming builder-8.7.2.jar (com.android.tools.build:builder:8.7.2) with InstrumentationAnalysisTransform
Transforming manifest-merger-31.7.2.jar (com.android.tools.build:manifest-merger:31.7.2) with InstrumentationAnalysisTransform
Transforming sdk-common-31.7.2.jar (com.android.tools:sdk-common:31.7.2) with InstrumentationAnalysisTransform
Transforming sdklib-31.7.2.jar (com.android.tools:sdklib:31.7.2) with InstrumentationAnalysisTransform
Transforming repository-31.7.2.jar (com.android.tools:repository:31.7.2) with InstrumentationAnalysisTransform
Transforming gradle-api-8.7.2.jar (com.android.tools.build:gradle-api:8.7.2) with InstrumentationAnalysisTransform
Transforming builder-test-api-8.7.2.jar (com.android.tools.build:builder-test-api:8.7.2) with InstrumentationAnalysisTransform
Transforming ddmlib-31.7.2.jar (com.android.tools.ddms:ddmlib:31.7.2) with InstrumentationAnalysisTransform
Transforming aaptcompiler-8.7.2.jar (com.android.tools.build:aaptcompiler:8.7.2) with InstrumentationAnalysisTransform
Transforming bundletool-1.17.1.jar (com.android.tools.build:bundletool:1.17.1) with InstrumentationAnalysisTransform
Transforming aapt2-proto-8.7.2-12006047.jar (com.android.tools.build:aapt2-proto:8.7.2-12006047) with InstrumentationAnalysisTransform
Transforming crash-31.7.2.jar (com.android.tools.analytics-library:crash:31.7.2) with InstrumentationAnalysisTransform
Transforming tracker-31.7.2.jar (com.android.tools.analytics-library:tracker:31.7.2) with InstrumentationAnalysisTransform
Transforming shared-31.7.2.jar (com.android.tools.analytics-library:shared:31.7.2) with InstrumentationAnalysisTransform
Transforming lint-typedef-remover-31.7.2.jar (com.android.tools.lint:lint-typedef-remover:31.7.2) with InstrumentationAnalysisTransform
Transforming databinding-compiler-common-8.7.2.jar (androidx.databinding:databinding-compiler-common:8.7.2) with InstrumentationAnalysisTransform
Transforming databinding-common-8.7.2.jar (androidx.databinding:databinding-common:8.7.2) with InstrumentationAnalysisTransform
Transforming baseLibrary-8.7.2.jar (com.android.databinding:baseLibrary:8.7.2) with InstrumentationAnalysisTransform
Transforming layoutlib-api-31.7.2.jar (com.android.tools.layoutlib:layoutlib-api:31.7.2) with InstrumentationAnalysisTransform
Transforming android-device-provider-ddmlib-proto-31.7.2.jar (com.android.tools.utp:android-device-provider-ddmlib-proto:31.7.2) with InstrumentationAnalysisTransform
Transforming android-device-provider-gradle-proto-31.7.2.jar (com.android.tools.utp:android-device-provider-gradle-proto:31.7.2) with InstrumentationAnalysisTransform
Transforming android-device-provider-profile-proto-31.7.2.jar (com.android.tools.utp:android-device-provider-profile-proto:31.7.2) with InstrumentationAnalysisTransform
Transforming android-test-plugin-host-additional-test-output-proto-31.7.2.jar (com.android.tools.utp:android-test-plugin-host-additional-test-output-proto:31.7.2) with InstrumentationAnalysisTransform
Transforming android-test-plugin-host-coverage-proto-31.7.2.jar (com.android.tools.utp:android-test-plugin-host-coverage-proto:31.7.2) with InstrumentationAnalysisTransform
Transforming android-test-plugin-host-emulator-control-proto-31.7.2.jar (com.android.tools.utp:android-test-plugin-host-emulator-control-proto:31.7.2) with InstrumentationAnalysisTransform
Transforming android-test-plugin-host-logcat-proto-31.7.2.jar (com.android.tools.utp:android-test-plugin-host-logcat-proto:31.7.2) with InstrumentationAnalysisTransform
Transforming android-test-plugin-host-apk-installer-proto-31.7.2.jar (com.android.tools.utp:android-test-plugin-host-apk-installer-proto:31.7.2) with InstrumentationAnalysisTransform
Transforming android-test-plugin-host-retention-proto-31.7.2.jar (com.android.tools.utp:android-test-plugin-host-retention-proto:31.7.2) with InstrumentationAnalysisTransform
Transforming android-test-plugin-result-listener-gradle-proto-31.7.2.jar (com.android.tools.utp:android-test-plugin-result-listener-gradle-proto:31.7.2) with InstrumentationAnalysisTransform
Transforming builder-model-8.7.2.jar (com.android.tools.build:builder-model:8.7.2) with InstrumentationAnalysisTransform
Transforming dvlib-31.7.2.jar (com.android.tools:dvlib:31.7.2) with InstrumentationAnalysisTransform
Transforming common-31.7.2.jar (com.android.tools:common:31.7.2) with InstrumentationAnalysisTransform
Transforming jetifier-processor-1.0.0-beta10.jar (com.android.tools.build.jetifier:jetifier-processor:1.0.0-beta10) with InstrumentationAnalysisTransform
Transforming jetifier-core-1.0.0-beta10.jar (com.android.tools.build.jetifier:jetifier-core:1.0.0-beta10) with InstrumentationAnalysisTransform
Transforming kotlin-reflect-1.9.20.jar (org.jetbrains.kotlin:kotlin-reflect:1.9.20) with InstrumentationAnalysisTransform
Transforming kotlin-stdlib-jdk7-1.9.20.jar (org.jetbrains.kotlin:kotlin-stdlib-jdk7:1.9.20) with InstrumentationAnalysisTransform
Transforming kotlin-stdlib-1.9.20.jar (org.jetbrains.kotlin:kotlin-stdlib:1.9.20) with InstrumentationAnalysisTransform
Transforming kotlin-stdlib-jdk8-1.9.20.jar (org.jetbrains.kotlin:kotlin-stdlib-jdk8:1.9.20) with InstrumentationAnalysisTransform
Transforming transform-api-2.0.0-deprecated-use-gradle-api.jar (com.android.tools.build:transform-api:2.0.0-deprecated-use-gradle-api) with InstrumentationAnalysisTransform
Transforming httpmime-4.5.6.jar (org.apache.httpcomponents:httpmime:4.5.6) with InstrumentationAnalysisTransform
Transforming commons-io-2.13.0.jar (commons-io:commons-io:2.13.0) with InstrumentationAnalysisTransform
Transforming asm-commons-9.6.jar (org.ow2.asm:asm-commons:9.6) with InstrumentationAnalysisTransform
Transforming asm-util-9.6.jar (org.ow2.asm:asm-util:9.6) with InstrumentationAnalysisTransform
Transforming asm-analysis-9.6.jar (org.ow2.asm:asm-analysis:9.6) with InstrumentationAnalysisTransform
Transforming asm-tree-9.6.jar (org.ow2.asm:asm-tree:9.6) with InstrumentationAnalysisTransform
Transforming asm-9.6.jar (org.ow2.asm:asm:9.6) with InstrumentationAnalysisTransform
Transforming apkzlib-8.7.2.jar (com.android.tools.build:apkzlib:8.7.2) with InstrumentationAnalysisTransform
Transforming bcpkix-jdk18on-1.77.jar (org.bouncycastle:bcpkix-jdk18on:1.77) with InstrumentationAnalysisTransform
Transforming jaxb-runtime-2.3.2.jar (org.glassfish.jaxb:jaxb-runtime:2.3.2) with InstrumentationAnalysisTransform
Transforming jopt-simple-4.9.jar (net.sf.jopt-simple:jopt-simple:4.9) with InstrumentationAnalysisTransform
Transforming javapoet-1.10.0.jar (com.squareup:javapoet:1.10.0) with InstrumentationAnalysisTransform
Transforming protobuf-java-util-3.22.3.jar (com.google.protobuf:protobuf-java-util:3.22.3) with InstrumentationAnalysisTransform
Transforming grpc-protobuf-1.57.0.jar (io.grpc:grpc-protobuf:1.57.0) with InstrumentationAnalysisTransform
Transforming tink-1.7.0.jar (com.google.crypto.tink:tink:1.7.0) with InstrumentationAnalysisTransform
Transforming protos-31.7.2.jar (com.android.tools.analytics-library:protos:31.7.2) with InstrumentationAnalysisTransform
Transforming proto-google-common-protos-2.17.0.jar (com.google.api.grpc:proto-google-common-protos:2.17.0) with InstrumentationAnalysisTransform
Transforming protobuf-java-3.22.3.jar (com.google.protobuf:protobuf-java:3.22.3) with InstrumentationAnalysisTransform
Transforming grpc-netty-1.57.0.jar (io.grpc:grpc-netty:1.57.0) with InstrumentationAnalysisTransform
Transforming grpc-core-1.57.0.jar (io.grpc:grpc-core:1.57.0) with InstrumentationAnalysisTransform
Transforming gson-2.10.1.jar (com.google.code.gson:gson:2.10.1) with InstrumentationAnalysisTransform
Transforming grpc-stub-1.57.0.jar (io.grpc:grpc-stub:1.57.0) with InstrumentationAnalysisTransform
Transforming core-proto-0.0.9-alpha02.jar (com.google.testing.platform:core-proto:0.0.9-alpha02) with InstrumentationAnalysisTransform
Transforming tensorflow-lite-metadata-0.1.0-rc2.jar (org.tensorflow:tensorflow-lite-metadata:0.1.0-rc2) with InstrumentationAnalysisTransform
Transforming flatbuffers-java-1.12.0.jar (com.google.flatbuffers:flatbuffers-java:1.12.0) with InstrumentationAnalysisTransform
Transforming jimfs-1.1.jar (com.google.jimfs:jimfs:1.1) with InstrumentationAnalysisTransform
Transforming grpc-context-1.57.0.jar (io.grpc:grpc-context:1.57.0) with InstrumentationAnalysisTransform
Transforming grpc-protobuf-lite-1.57.0.jar (io.grpc:grpc-protobuf-lite:1.57.0) with InstrumentationAnalysisTransform
Transforming grpc-api-1.57.0.jar (io.grpc:grpc-api:1.57.0) with InstrumentationAnalysisTransform
Transforming guava-32.0.1-jre.jar (com.google.guava:guava:32.0.1-jre) with InstrumentationAnalysisTransform
Transforming dagger-2.28.3.jar (com.google.dagger:dagger:2.28.3) with InstrumentationAnalysisTransform
Transforming javax.inject-1.jar (javax.inject:javax.inject:1) with InstrumentationAnalysisTransform
Transforming kxml2-2.3.0.jar (net.sf.kxml:kxml2:2.3.0) with InstrumentationAnalysisTransform
Transforming bcutil-jdk18on-1.77.jar (org.bouncycastle:bcutil-jdk18on:1.77) with InstrumentationAnalysisTransform
Transforming bcprov-jdk18on-1.77.jar (org.bouncycastle:bcprov-jdk18on:1.77) with InstrumentationAnalysisTransform
Transforming trove4j-1.0.20200330.jar (org.jetbrains.intellij.deps:trove4j:1.0.20200330) with InstrumentationAnalysisTransform
Transforming commons-compress-1.21.jar (org.apache.commons:commons-compress:1.21) with InstrumentationAnalysisTransform
Transforming httpclient-4.5.14.jar (org.apache.httpcomponents:httpclient:4.5.14) with InstrumentationAnalysisTransform
Transforming httpcore-4.4.16.jar (org.apache.httpcomponents:httpcore:4.4.16) with InstrumentationAnalysisTransform
Transforming javax.activation-1.2.0.jar (com.sun.activation:javax.activation:1.2.0) with InstrumentationAnalysisTransform
Transforming annotations-23.0.0.jar (org.jetbrains:annotations:23.0.0) with InstrumentationAnalysisTransform
Transforming signflinger-8.7.2.jar (com.android:signflinger:8.7.2) with InstrumentationAnalysisTransform
Transforming zipflinger-8.7.2.jar (com.android:zipflinger:8.7.2) with InstrumentationAnalysisTransform
Transforming annotations-31.7.2.jar (com.android.tools:annotations:31.7.2) with InstrumentationAnalysisTransform
Transforming jna-platform-5.6.0.jar (net.java.dev.jna:jna-platform:5.6.0) with InstrumentationAnalysisTransform
Transforming juniversalchardet-1.0.3.jar (com.googlecode.juniversalchardet:juniversalchardet:1.0.3) with InstrumentationAnalysisTransform
Transforming javax.annotation-api-1.3.2.jar (javax.annotation:javax.annotation-api:1.3.2) with InstrumentationAnalysisTransform
Transforming stax-ex-1.8.1.jar (org.jvnet.staxex:stax-ex:1.8.1) with InstrumentationAnalysisTransform
Transforming jakarta.xml.bind-api-2.3.2.jar (jakarta.xml.bind:jakarta.xml.bind-api:2.3.2) with InstrumentationAnalysisTransform
Transforming txw2-2.3.2.jar (org.glassfish.jaxb:txw2:2.3.2) with InstrumentationAnalysisTransform
Transforming istack-commons-runtime-3.0.8.jar (com.sun.istack:istack-commons-runtime:3.0.8) with InstrumentationAnalysisTransform
Transforming FastInfoset-1.2.16.jar (com.sun.xml.fastinfoset:FastInfoset:1.2.16) with InstrumentationAnalysisTransform
Transforming jakarta.activation-api-1.2.1.jar (jakarta.activation:jakarta.activation-api:1.2.1) with InstrumentationAnalysisTransform
Transforming auto-value-annotations-1.6.2.jar (com.google.auto.value:auto-value-annotations:1.6.2) with InstrumentationAnalysisTransform
Transforming error_prone_annotations-2.18.0.jar (com.google.errorprone:error_prone_annotations:2.18.0) with InstrumentationAnalysisTransform
Transforming jose4j-0.9.5.jar (org.bitbucket.b_c:jose4j:0.9.5) with InstrumentationAnalysisTransform
Transforming slf4j-api-1.7.30.jar (org.slf4j:slf4j-api:1.7.30) with InstrumentationAnalysisTransform
Transforming jdom2-2.0.6.jar (org.jdom:jdom2:2.0.6) with InstrumentationAnalysisTransform
Transforming jsr305-3.0.2.jar (com.google.code.findbugs:jsr305:3.0.2) with InstrumentationAnalysisTransform
Transforming j2objc-annotations-2.8.jar (com.google.j2objc:j2objc-annotations:2.8) with InstrumentationAnalysisTransform
Transforming annotations-4.1.1.4.jar (com.google.android:annotations:4.1.1.4) with InstrumentationAnalysisTransform
Transforming animal-sniffer-annotations-1.23.jar (org.codehaus.mojo:animal-sniffer-annotations:1.23) with InstrumentationAnalysisTransform
Transforming perfmark-api-0.26.0.jar (io.perfmark:perfmark-api:0.26.0) with InstrumentationAnalysisTransform
Transforming netty-codec-http2-4.1.93.Final.jar (io.netty:netty-codec-http2:4.1.93.Final) with InstrumentationAnalysisTransform
Transforming netty-handler-proxy-4.1.93.Final.jar (io.netty:netty-handler-proxy:4.1.93.Final) with InstrumentationAnalysisTransform
Transforming netty-codec-http-4.1.93.Final.jar (io.netty:netty-codec-http:4.1.93.Final) with InstrumentationAnalysisTransform
Transforming netty-handler-4.1.93.Final.jar (io.netty:netty-handler:4.1.93.Final) with InstrumentationAnalysisTransform
Transforming netty-transport-native-unix-common-4.1.93.Final.jar (io.netty:netty-transport-native-unix-common:4.1.93.Final) with InstrumentationAnalysisTransform
Transforming checker-qual-3.33.0.jar (org.checkerframework:checker-qual:3.33.0) with InstrumentationAnalysisTransform
Transforming commons-codec-1.11.jar (commons-codec:commons-codec:1.11) with InstrumentationAnalysisTransform
Transforming apksig-8.7.2.jar (com.android.tools.build:apksig:8.7.2) with InstrumentationAnalysisTransform
Transforming javawriter-2.5.0.jar (com.squareup:javawriter:2.5.0) with InstrumentationAnalysisTransform
Transforming failureaccess-1.0.1.jar (com.google.guava:failureaccess:1.0.1) with InstrumentationAnalysisTransform
Transforming listenablefuture-9999.0-empty-to-avoid-conflict-with-guava.jar (com.google.guava:listenablefuture:9999.0-empty-to-avoid-conflict-with-guava) with InstrumentationAnalysisTransform
Transforming commons-logging-1.2.jar (commons-logging:commons-logging:1.2) with InstrumentationAnalysisTransform
Transforming jna-5.6.0.jar (net.java.dev.jna:jna:5.6.0) with InstrumentationAnalysisTransform
Transforming netty-codec-socks-4.1.93.Final.jar (io.netty:netty-codec-socks:4.1.93.Final) with InstrumentationAnalysisTransform
Transforming netty-codec-4.1.93.Final.jar (io.netty:netty-codec:4.1.93.Final) with InstrumentationAnalysisTransform
Transforming netty-transport-4.1.93.Final.jar (io.netty:netty-transport:4.1.93.Final) with InstrumentationAnalysisTransform
Transforming netty-buffer-4.1.93.Final.jar (io.netty:netty-buffer:4.1.93.Final) with InstrumentationAnalysisTransform
Transforming netty-resolver-4.1.93.Final.jar (io.netty:netty-resolver:4.1.93.Final) with InstrumentationAnalysisTransform
Transforming netty-common-4.1.93.Final.jar (io.netty:netty-common:4.1.93.Final) with InstrumentationAnalysisTransform
Transforming gradle-8.7.2.jar (com.android.tools.build:gradle:8.7.2) with InstrumentationAnalysisTransform
Transforming gradle-8.7.2.jar (com.android.tools.build:gradle:8.7.2) with MergeInstrumentationAnalysisTransform
Transforming gradle-settings-api-8.7.2.jar (com.android.tools.build:gradle-settings-api:8.7.2) with InstrumentationAnalysisTransform
Transforming gradle-settings-api-8.7.2.jar (com.android.tools.build:gradle-settings-api:8.7.2) with MergeInstrumentationAnalysisTransform
Transforming lint-model-31.7.2.jar (com.android.tools.lint:lint-model:31.7.2) with InstrumentationAnalysisTransform
Transforming lint-model-31.7.2.jar (com.android.tools.lint:lint-model:31.7.2) with MergeInstrumentationAnalysisTransform
Transforming gradle-8.7.2.jar (com.android.tools.build:gradle:8.7.2) with ExternalDependencyInstrumentingArtifactTransform
Transforming builder-8.7.2.jar (com.android.tools.build:builder:8.7.2) with InstrumentationAnalysisTransform
Transforming builder-8.7.2.jar (com.android.tools.build:builder:8.7.2) with MergeInstrumentationAnalysisTransform
Transforming gradle-settings-api-8.7.2.jar (com.android.tools.build:gradle-settings-api:8.7.2) with ExternalDependencyInstrumentingArtifactTransform
Transforming manifest-merger-31.7.2.jar (com.android.tools.build:manifest-merger:31.7.2) with InstrumentationAnalysisTransform
Transforming manifest-merger-31.7.2.jar (com.android.tools.build:manifest-merger:31.7.2) with MergeInstrumentationAnalysisTransform
Transforming lint-model-31.7.2.jar (com.android.tools.lint:lint-model:31.7.2) with ExternalDependencyInstrumentingArtifactTransform
Transforming builder-8.7.2.jar (com.android.tools.build:builder:8.7.2) with ExternalDependencyInstrumentingArtifactTransform
Transforming sdk-common-31.7.2.jar (com.android.tools:sdk-common:31.7.2) with InstrumentationAnalysisTransform
Transforming sdk-common-31.7.2.jar (com.android.tools:sdk-common:31.7.2) with MergeInstrumentationAnalysisTransform
Transforming manifest-merger-31.7.2.jar (com.android.tools.build:manifest-merger:31.7.2) with ExternalDependencyInstrumentingArtifactTransform
Transforming sdklib-31.7.2.jar (com.android.tools:sdklib:31.7.2) with InstrumentationAnalysisTransform
Transforming sdklib-31.7.2.jar (com.android.tools:sdklib:31.7.2) with MergeInstrumentationAnalysisTransform
Transforming sdk-common-31.7.2.jar (com.android.tools:sdk-common:31.7.2) with ExternalDependencyInstrumentingArtifactTransform
Transforming repository-31.7.2.jar (com.android.tools:repository:31.7.2) with InstrumentationAnalysisTransform
Transforming repository-31.7.2.jar (com.android.tools:repository:31.7.2) with MergeInstrumentationAnalysisTransform
Transforming sdklib-31.7.2.jar (com.android.tools:sdklib:31.7.2) with ExternalDependencyInstrumentingArtifactTransform
Transforming gradle-api-8.7.2.jar (com.android.tools.build:gradle-api:8.7.2) with InstrumentationAnalysisTransform
Transforming gradle-api-8.7.2.jar (com.android.tools.build:gradle-api:8.7.2) with MergeInstrumentationAnalysisTransform
Transforming repository-31.7.2.jar (com.android.tools:repository:31.7.2) with ExternalDependencyInstrumentingArtifactTransform
Transforming builder-test-api-8.7.2.jar (com.android.tools.build:builder-test-api:8.7.2) with InstrumentationAnalysisTransform
Transforming builder-test-api-8.7.2.jar (com.android.tools.build:builder-test-api:8.7.2) with MergeInstrumentationAnalysisTransform
Transforming gradle-api-8.7.2.jar (com.android.tools.build:gradle-api:8.7.2) with ExternalDependencyInstrumentingArtifactTransform
Transforming ddmlib-31.7.2.jar (com.android.tools.ddms:ddmlib:31.7.2) with InstrumentationAnalysisTransform
Transforming ddmlib-31.7.2.jar (com.android.tools.ddms:ddmlib:31.7.2) with MergeInstrumentationAnalysisTransform
Transforming builder-test-api-8.7.2.jar (com.android.tools.build:builder-test-api:8.7.2) with ExternalDependencyInstrumentingArtifactTransform
Transforming aaptcompiler-8.7.2.jar (com.android.tools.build:aaptcompiler:8.7.2) with InstrumentationAnalysisTransform
Transforming aaptcompiler-8.7.2.jar (com.android.tools.build:aaptcompiler:8.7.2) with MergeInstrumentationAnalysisTransform
Transforming bundletool-1.17.1.jar (com.android.tools.build:bundletool:1.17.1) with InstrumentationAnalysisTransform
Transforming ddmlib-31.7.2.jar (com.android.tools.ddms:ddmlib:31.7.2) with ExternalDependencyInstrumentingArtifactTransform
Transforming bundletool-1.17.1.jar (com.android.tools.build:bundletool:1.17.1) with MergeInstrumentationAnalysisTransform
Transforming aapt2-proto-8.7.2-12006047.jar (com.android.tools.build:aapt2-proto:8.7.2-12006047) with InstrumentationAnalysisTransform
Transforming aaptcompiler-8.7.2.jar (com.android.tools.build:aaptcompiler:8.7.2) with ExternalDependencyInstrumentingArtifactTransform
Transforming aapt2-proto-8.7.2-12006047.jar (com.android.tools.build:aapt2-proto:8.7.2-12006047) with MergeInstrumentationAnalysisTransform
Transforming crash-31.7.2.jar (com.android.tools.analytics-library:crash:31.7.2) with InstrumentationAnalysisTransform
Transforming bundletool-1.17.1.jar (com.android.tools.build:bundletool:1.17.1) with ExternalDependencyInstrumentingArtifactTransform
Transforming crash-31.7.2.jar (com.android.tools.analytics-library:crash:31.7.2) with MergeInstrumentationAnalysisTransform
Transforming tracker-31.7.2.jar (com.android.tools.analytics-library:tracker:31.7.2) with InstrumentationAnalysisTransform
Transforming aapt2-proto-8.7.2-12006047.jar (com.android.tools.build:aapt2-proto:8.7.2-12006047) with ExternalDependencyInstrumentingArtifactTransform
Transforming tracker-31.7.2.jar (com.android.tools.analytics-library:tracker:31.7.2) with MergeInstrumentationAnalysisTransform
Transforming shared-31.7.2.jar (com.android.tools.analytics-library:shared:31.7.2) with InstrumentationAnalysisTransform
Transforming crash-31.7.2.jar (com.android.tools.analytics-library:crash:31.7.2) with ExternalDependencyInstrumentingArtifactTransform
Transforming shared-31.7.2.jar (com.android.tools.analytics-library:shared:31.7.2) with MergeInstrumentationAnalysisTransform
Transforming lint-typedef-remover-31.7.2.jar (com.android.tools.lint:lint-typedef-remover:31.7.2) with InstrumentationAnalysisTransform
Transforming tracker-31.7.2.jar (com.android.tools.analytics-library:tracker:31.7.2) with ExternalDependencyInstrumentingArtifactTransform
Transforming lint-typedef-remover-31.7.2.jar (com.android.tools.lint:lint-typedef-remover:31.7.2) with MergeInstrumentationAnalysisTransform
Transforming shared-31.7.2.jar (com.android.tools.analytics-library:shared:31.7.2) with ExternalDependencyInstrumentingArtifactTransform
Transforming databinding-compiler-common-8.7.2.jar (androidx.databinding:databinding-compiler-common:8.7.2) with InstrumentationAnalysisTransform
Transforming databinding-compiler-common-8.7.2.jar (androidx.databinding:databinding-compiler-common:8.7.2) with MergeInstrumentationAnalysisTransform
Transforming lint-typedef-remover-31.7.2.jar (com.android.tools.lint:lint-typedef-remover:31.7.2) with ExternalDependencyInstrumentingArtifactTransform
Transforming databinding-common-8.7.2.jar (androidx.databinding:databinding-common:8.7.2) with InstrumentationAnalysisTransform
Transforming databinding-common-8.7.2.jar (androidx.databinding:databinding-common:8.7.2) with MergeInstrumentationAnalysisTransform
Transforming baseLibrary-8.7.2.jar (com.android.databinding:baseLibrary:8.7.2) with InstrumentationAnalysisTransform
Transforming databinding-compiler-common-8.7.2.jar (androidx.databinding:databinding-compiler-common:8.7.2) with ExternalDependencyInstrumentingArtifactTransform
Transforming baseLibrary-8.7.2.jar (com.android.databinding:baseLibrary:8.7.2) with MergeInstrumentationAnalysisTransform
Transforming layoutlib-api-31.7.2.jar (com.android.tools.layoutlib:layoutlib-api:31.7.2) with InstrumentationAnalysisTransform
Transforming databinding-common-8.7.2.jar (androidx.databinding:databinding-common:8.7.2) with ExternalDependencyInstrumentingArtifactTransform
Transforming layoutlib-api-31.7.2.jar (com.android.tools.layoutlib:layoutlib-api:31.7.2) with MergeInstrumentationAnalysisTransform
Transforming android-device-provider-ddmlib-proto-31.7.2.jar (com.android.tools.utp:android-device-provider-ddmlib-proto:31.7.2) with InstrumentationAnalysisTransform
Transforming baseLibrary-8.7.2.jar (com.android.databinding:baseLibrary:8.7.2) with ExternalDependencyInstrumentingArtifactTransform
Transforming android-device-provider-ddmlib-proto-31.7.2.jar (com.android.tools.utp:android-device-provider-ddmlib-proto:31.7.2) with MergeInstrumentationAnalysisTransform
Transforming android-device-provider-gradle-proto-31.7.2.jar (com.android.tools.utp:android-device-provider-gradle-proto:31.7.2) with InstrumentationAnalysisTransform
Transforming layoutlib-api-31.7.2.jar (com.android.tools.layoutlib:layoutlib-api:31.7.2) with ExternalDependencyInstrumentingArtifactTransform
Transforming android-device-provider-gradle-proto-31.7.2.jar (com.android.tools.utp:android-device-provider-gradle-proto:31.7.2) with MergeInstrumentationAnalysisTransform
Transforming android-device-provider-profile-proto-31.7.2.jar (com.android.tools.utp:android-device-provider-profile-proto:31.7.2) with InstrumentationAnalysisTransform
Transforming android-device-provider-profile-proto-31.7.2.jar (com.android.tools.utp:android-device-provider-profile-proto:31.7.2) with MergeInstrumentationAnalysisTransform
Transforming android-test-plugin-host-additional-test-output-proto-31.7.2.jar (com.android.tools.utp:android-test-plugin-host-additional-test-output-proto:31.7.2) with InstrumentationAnalysisTransform
Transforming android-test-plugin-host-additional-test-output-proto-31.7.2.jar (com.android.tools.utp:android-test-plugin-host-additional-test-output-proto:31.7.2) with MergeInstrumentationAnalysisTransform
Transforming android-device-provider-profile-proto-31.7.2.jar (com.android.tools.utp:android-device-provider-profile-proto:31.7.2) with ExternalDependencyInstrumentingArtifactTransform
Transforming android-test-plugin-host-coverage-proto-31.7.2.jar (com.android.tools.utp:android-test-plugin-host-coverage-proto:31.7.2) with InstrumentationAnalysisTransform
Transforming android-device-provider-gradle-proto-31.7.2.jar (com.android.tools.utp:android-device-provider-gradle-proto:31.7.2) with ExternalDependencyInstrumentingArtifactTransform
Transforming android-device-provider-ddmlib-proto-31.7.2.jar (com.android.tools.utp:android-device-provider-ddmlib-proto:31.7.2) with ExternalDependencyInstrumentingArtifactTransform
Transforming android-test-plugin-host-additional-test-output-proto-31.7.2.jar (com.android.tools.utp:android-test-plugin-host-additional-test-output-proto:31.7.2) with ExternalDependencyInstrumentingArtifactTransform
Transforming android-test-plugin-host-coverage-proto-31.7.2.jar (com.android.tools.utp:android-test-plugin-host-coverage-proto:31.7.2) with MergeInstrumentationAnalysisTransform
Transforming android-test-plugin-host-emulator-control-proto-31.7.2.jar (com.android.tools.utp:android-test-plugin-host-emulator-control-proto:31.7.2) with InstrumentationAnalysisTransform
Transforming android-test-plugin-host-emulator-control-proto-31.7.2.jar (com.android.tools.utp:android-test-plugin-host-emulator-control-proto:31.7.2) with MergeInstrumentationAnalysisTransform
Transforming android-test-plugin-host-logcat-proto-31.7.2.jar (com.android.tools.utp:android-test-plugin-host-logcat-proto:31.7.2) with InstrumentationAnalysisTransform
Transforming android-test-plugin-host-coverage-proto-31.7.2.jar (com.android.tools.utp:android-test-plugin-host-coverage-proto:31.7.2) with ExternalDependencyInstrumentingArtifactTransform
Transforming android-test-plugin-host-logcat-proto-31.7.2.jar (com.android.tools.utp:android-test-plugin-host-logcat-proto:31.7.2) with MergeInstrumentationAnalysisTransform
Transforming android-test-plugin-host-apk-installer-proto-31.7.2.jar (com.android.tools.utp:android-test-plugin-host-apk-installer-proto:31.7.2) with InstrumentationAnalysisTransform
Transforming android-test-plugin-host-emulator-control-proto-31.7.2.jar (com.android.tools.utp:android-test-plugin-host-emulator-control-proto:31.7.2) with ExternalDependencyInstrumentingArtifactTransform
Transforming android-test-plugin-host-apk-installer-proto-31.7.2.jar (com.android.tools.utp:android-test-plugin-host-apk-installer-proto:31.7.2) with MergeInstrumentationAnalysisTransform
Transforming android-test-plugin-host-retention-proto-31.7.2.jar (com.android.tools.utp:android-test-plugin-host-retention-proto:31.7.2) with InstrumentationAnalysisTransform
Transforming android-test-plugin-host-retention-proto-31.7.2.jar (com.android.tools.utp:android-test-plugin-host-retention-proto:31.7.2) with MergeInstrumentationAnalysisTransform
Transforming android-test-plugin-result-listener-gradle-proto-31.7.2.jar (com.android.tools.utp:android-test-plugin-result-listener-gradle-proto:31.7.2) with InstrumentationAnalysisTransform
Transforming android-test-plugin-host-logcat-proto-31.7.2.jar (com.android.tools.utp:android-test-plugin-host-logcat-proto:31.7.2) with ExternalDependencyInstrumentingArtifactTransform
Transforming android-test-plugin-host-apk-installer-proto-31.7.2.jar (com.android.tools.utp:android-test-plugin-host-apk-installer-proto:31.7.2) with ExternalDependencyInstrumentingArtifactTransform
Transforming android-test-plugin-result-listener-gradle-proto-31.7.2.jar (com.android.tools.utp:android-test-plugin-result-listener-gradle-proto:31.7.2) with MergeInstrumentationAnalysisTransform
Transforming builder-model-8.7.2.jar (com.android.tools.build:builder-model:8.7.2) with InstrumentationAnalysisTransform
Transforming android-test-plugin-host-retention-proto-31.7.2.jar (com.android.tools.utp:android-test-plugin-host-retention-proto:31.7.2) with ExternalDependencyInstrumentingArtifactTransform
Transforming builder-model-8.7.2.jar (com.android.tools.build:builder-model:8.7.2) with MergeInstrumentationAnalysisTransform
Transforming dvlib-31.7.2.jar (com.android.tools:dvlib:31.7.2) with InstrumentationAnalysisTransform
Transforming android-test-plugin-result-listener-gradle-proto-31.7.2.jar (com.android.tools.utp:android-test-plugin-result-listener-gradle-proto:31.7.2) with ExternalDependencyInstrumentingArtifactTransform
Transforming dvlib-31.7.2.jar (com.android.tools:dvlib:31.7.2) with MergeInstrumentationAnalysisTransform
Transforming builder-model-8.7.2.jar (com.android.tools.build:builder-model:8.7.2) with ExternalDependencyInstrumentingArtifactTransform
Transforming common-31.7.2.jar (com.android.tools:common:31.7.2) with InstrumentationAnalysisTransform
Transforming common-31.7.2.jar (com.android.tools:common:31.7.2) with MergeInstrumentationAnalysisTransform
Transforming dvlib-31.7.2.jar (com.android.tools:dvlib:31.7.2) with ExternalDependencyInstrumentingArtifactTransform
Transforming common-31.7.2.jar (com.android.tools:common:31.7.2) with ExternalDependencyInstrumentingArtifactTransform
Transforming jetifier-processor-1.0.0-beta10.jar (com.android.tools.build.jetifier:jetifier-processor:1.0.0-beta10) with InstrumentationAnalysisTransform
Transforming jetifier-processor-1.0.0-beta10.jar (com.android.tools.build.jetifier:jetifier-processor:1.0.0-beta10) with MergeInstrumentationAnalysisTransform
Transforming jetifier-core-1.0.0-beta10.jar (com.android.tools.build.jetifier:jetifier-core:1.0.0-beta10) with InstrumentationAnalysisTransform
Transforming jetifier-core-1.0.0-beta10.jar (com.android.tools.build.jetifier:jetifier-core:1.0.0-beta10) with MergeInstrumentationAnalysisTransform
Transforming kotlin-reflect-1.9.20.jar (org.jetbrains.kotlin:kotlin-reflect:1.9.20) with InstrumentationAnalysisTransform
Transforming kotlin-reflect-1.9.20.jar (org.jetbrains.kotlin:kotlin-reflect:1.9.20) with MergeInstrumentationAnalysisTransform
Transforming jetifier-processor-1.0.0-beta10.jar (com.android.tools.build.jetifier:jetifier-processor:1.0.0-beta10) with ExternalDependencyInstrumentingArtifactTransform
Transforming kotlin-stdlib-jdk7-1.9.20.jar (org.jetbrains.kotlin:kotlin-stdlib-jdk7:1.9.20) with InstrumentationAnalysisTransform
Transforming jetifier-core-1.0.0-beta10.jar (com.android.tools.build.jetifier:jetifier-core:1.0.0-beta10) with ExternalDependencyInstrumentingArtifactTransform
Transforming kotlin-stdlib-jdk7-1.9.20.jar (org.jetbrains.kotlin:kotlin-stdlib-jdk7:1.9.20) with MergeInstrumentationAnalysisTransform
Transforming kotlin-reflect-1.9.20.jar (org.jetbrains.kotlin:kotlin-reflect:1.9.20) with ExternalDependencyInstrumentingArtifactTransform
Transforming kotlin-stdlib-1.9.20.jar (org.jetbrains.kotlin:kotlin-stdlib:1.9.20) with InstrumentationAnalysisTransform
Transforming kotlin-stdlib-1.9.20.jar (org.jetbrains.kotlin:kotlin-stdlib:1.9.20) with MergeInstrumentationAnalysisTransform
Transforming kotlin-stdlib-jdk7-1.9.20.jar (org.jetbrains.kotlin:kotlin-stdlib-jdk7:1.9.20) with ExternalDependencyInstrumentingArtifactTransform
Transforming kotlin-stdlib-jdk8-1.9.20.jar (org.jetbrains.kotlin:kotlin-stdlib-jdk8:1.9.20) with InstrumentationAnalysisTransform
Transforming kotlin-stdlib-jdk8-1.9.20.jar (org.jetbrains.kotlin:kotlin-stdlib-jdk8:1.9.20) with MergeInstrumentationAnalysisTransform
Transforming transform-api-2.0.0-deprecated-use-gradle-api.jar (com.android.tools.build:transform-api:2.0.0-deprecated-use-gradle-api) with InstrumentationAnalysisTransform
Transforming kotlin-stdlib-1.9.20.jar (org.jetbrains.kotlin:kotlin-stdlib:1.9.20) with ExternalDependencyInstrumentingArtifactTransform
Transforming kotlin-stdlib-jdk8-1.9.20.jar (org.jetbrains.kotlin:kotlin-stdlib-jdk8:1.9.20) with ExternalDependencyInstrumentingArtifactTransform
Transforming transform-api-2.0.0-deprecated-use-gradle-api.jar (com.android.tools.build:transform-api:2.0.0-deprecated-use-gradle-api) with MergeInstrumentationAnalysisTransform
Transforming httpmime-4.5.6.jar (org.apache.httpcomponents:httpmime:4.5.6) with InstrumentationAnalysisTransform
Transforming httpmime-4.5.6.jar (org.apache.httpcomponents:httpmime:4.5.6) with MergeInstrumentationAnalysisTransform
Transforming transform-api-2.0.0-deprecated-use-gradle-api.jar (com.android.tools.build:transform-api:2.0.0-deprecated-use-gradle-api) with ExternalDependencyInstrumentingArtifactTransform
Transforming commons-io-2.13.0.jar (commons-io:commons-io:2.13.0) with InstrumentationAnalysisTransform
Transforming httpmime-4.5.6.jar (org.apache.httpcomponents:httpmime:4.5.6) with ExternalDependencyInstrumentingArtifactTransform
Transforming commons-io-2.13.0.jar (commons-io:commons-io:2.13.0) with MergeInstrumentationAnalysisTransform
Transforming asm-commons-9.6.jar (org.ow2.asm:asm-commons:9.6) with InstrumentationAnalysisTransform
Transforming asm-commons-9.6.jar (org.ow2.asm:asm-commons:9.6) with MergeInstrumentationAnalysisTransform
Transforming asm-util-9.6.jar (org.ow2.asm:asm-util:9.6) with InstrumentationAnalysisTransform
Transforming asm-util-9.6.jar (org.ow2.asm:asm-util:9.6) with MergeInstrumentationAnalysisTransform
Transforming commons-io-2.13.0.jar (commons-io:commons-io:2.13.0) with ExternalDependencyInstrumentingArtifactTransform
Transforming asm-commons-9.6.jar (org.ow2.asm:asm-commons:9.6) with ExternalDependencyInstrumentingArtifactTransform
Transforming asm-util-9.6.jar (org.ow2.asm:asm-util:9.6) with ExternalDependencyInstrumentingArtifactTransform
Transforming asm-analysis-9.6.jar (org.ow2.asm:asm-analysis:9.6) with InstrumentationAnalysisTransform
Transforming asm-analysis-9.6.jar (org.ow2.asm:asm-analysis:9.6) with MergeInstrumentationAnalysisTransform
Transforming asm-tree-9.6.jar (org.ow2.asm:asm-tree:9.6) with InstrumentationAnalysisTransform
Transforming asm-tree-9.6.jar (org.ow2.asm:asm-tree:9.6) with MergeInstrumentationAnalysisTransform
Transforming asm-9.6.jar (org.ow2.asm:asm:9.6) with InstrumentationAnalysisTransform
Transforming asm-analysis-9.6.jar (org.ow2.asm:asm-analysis:9.6) with ExternalDependencyInstrumentingArtifactTransform
Transforming asm-9.6.jar (org.ow2.asm:asm:9.6) with MergeInstrumentationAnalysisTransform
Transforming asm-tree-9.6.jar (org.ow2.asm:asm-tree:9.6) with ExternalDependencyInstrumentingArtifactTransform
Transforming apkzlib-8.7.2.jar (com.android.tools.build:apkzlib:8.7.2) with InstrumentationAnalysisTransform
Transforming apkzlib-8.7.2.jar (com.android.tools.build:apkzlib:8.7.2) with MergeInstrumentationAnalysisTransform
Transforming bcpkix-jdk18on-1.77.jar (org.bouncycastle:bcpkix-jdk18on:1.77) with InstrumentationAnalysisTransform
Transforming asm-9.6.jar (org.ow2.asm:asm:9.6) with ExternalDependencyInstrumentingArtifactTransform
Transforming bcpkix-jdk18on-1.77.jar (org.bouncycastle:bcpkix-jdk18on:1.77) with MergeInstrumentationAnalysisTransform
Transforming jaxb-runtime-2.3.2.jar (org.glassfish.jaxb:jaxb-runtime:2.3.2) with InstrumentationAnalysisTransform
Transforming apkzlib-8.7.2.jar (com.android.tools.build:apkzlib:8.7.2) with ExternalDependencyInstrumentingArtifactTransform
Transforming jaxb-runtime-2.3.2.jar (org.glassfish.jaxb:jaxb-runtime:2.3.2) with MergeInstrumentationAnalysisTransform
Transforming jopt-simple-4.9.jar (net.sf.jopt-simple:jopt-simple:4.9) with InstrumentationAnalysisTransform
Transforming bcpkix-jdk18on-1.77.jar (org.bouncycastle:bcpkix-jdk18on:1.77) with ExternalDependencyInstrumentingArtifactTransform
Transforming jopt-simple-4.9.jar (net.sf.jopt-simple:jopt-simple:4.9) with MergeInstrumentationAnalysisTransform
Transforming jaxb-runtime-2.3.2.jar (org.glassfish.jaxb:jaxb-runtime:2.3.2) with ExternalDependencyInstrumentingArtifactTransform
Transforming javapoet-1.10.0.jar (com.squareup:javapoet:1.10.0) with InstrumentationAnalysisTransform
Transforming javapoet-1.10.0.jar (com.squareup:javapoet:1.10.0) with MergeInstrumentationAnalysisTransform
Transforming jopt-simple-4.9.jar (net.sf.jopt-simple:jopt-simple:4.9) with ExternalDependencyInstrumentingArtifactTransform
Transforming protobuf-java-util-3.22.3.jar (com.google.protobuf:protobuf-java-util:3.22.3) with InstrumentationAnalysisTransform
Transforming protobuf-java-util-3.22.3.jar (com.google.protobuf:protobuf-java-util:3.22.3) with MergeInstrumentationAnalysisTransform
Transforming javapoet-1.10.0.jar (com.squareup:javapoet:1.10.0) with ExternalDependencyInstrumentingArtifactTransform
Transforming grpc-protobuf-1.57.0.jar (io.grpc:grpc-protobuf:1.57.0) with InstrumentationAnalysisTransform
Transforming grpc-protobuf-1.57.0.jar (io.grpc:grpc-protobuf:1.57.0) with MergeInstrumentationAnalysisTransform
Transforming protobuf-java-util-3.22.3.jar (com.google.protobuf:protobuf-java-util:3.22.3) with ExternalDependencyInstrumentingArtifactTransform
Transforming tink-1.7.0.jar (com.google.crypto.tink:tink:1.7.0) with InstrumentationAnalysisTransform
Transforming tink-1.7.0.jar (com.google.crypto.tink:tink:1.7.0) with MergeInstrumentationAnalysisTransform
Transforming grpc-protobuf-1.57.0.jar (io.grpc:grpc-protobuf:1.57.0) with ExternalDependencyInstrumentingArtifactTransform
Transforming protos-31.7.2.jar (com.android.tools.analytics-library:protos:31.7.2) with InstrumentationAnalysisTransform
Transforming protos-31.7.2.jar (com.android.tools.analytics-library:protos:31.7.2) with MergeInstrumentationAnalysisTransform
Transforming tink-1.7.0.jar (com.google.crypto.tink:tink:1.7.0) with ExternalDependencyInstrumentingArtifactTransform
Transforming proto-google-common-protos-2.17.0.jar (com.google.api.grpc:proto-google-common-protos:2.17.0) with InstrumentationAnalysisTransform
Transforming proto-google-common-protos-2.17.0.jar (com.google.api.grpc:proto-google-common-protos:2.17.0) with MergeInstrumentationAnalysisTransform
Transforming protobuf-java-3.22.3.jar (com.google.protobuf:protobuf-java:3.22.3) with InstrumentationAnalysisTransform
Transforming protobuf-java-3.22.3.jar (com.google.protobuf:protobuf-java:3.22.3) with MergeInstrumentationAnalysisTransform
Transforming grpc-netty-1.57.0.jar (io.grpc:grpc-netty:1.57.0) with InstrumentationAnalysisTransform
Transforming protos-31.7.2.jar (com.android.tools.analytics-library:protos:31.7.2) with ExternalDependencyInstrumentingArtifactTransform
Transforming protobuf-java-3.22.3.jar (com.google.protobuf:protobuf-java:3.22.3) with ExternalDependencyInstrumentingArtifactTransform
Transforming proto-google-common-protos-2.17.0.jar (com.google.api.grpc:proto-google-common-protos:2.17.0) with ExternalDependencyInstrumentingArtifactTransform
Transforming grpc-netty-1.57.0.jar (io.grpc:grpc-netty:1.57.0) with MergeInstrumentationAnalysisTransform
Transforming grpc-core-1.57.0.jar (io.grpc:grpc-core:1.57.0) with InstrumentationAnalysisTransform
Transforming grpc-netty-1.57.0.jar (io.grpc:grpc-netty:1.57.0) with ExternalDependencyInstrumentingArtifactTransform
Transforming grpc-core-1.57.0.jar (io.grpc:grpc-core:1.57.0) with MergeInstrumentationAnalysisTransform
Transforming gson-2.10.1.jar (com.google.code.gson:gson:2.10.1) with InstrumentationAnalysisTransform
Transforming gson-2.10.1.jar (com.google.code.gson:gson:2.10.1) with MergeInstrumentationAnalysisTransform
Transforming grpc-core-1.57.0.jar (io.grpc:grpc-core:1.57.0) with ExternalDependencyInstrumentingArtifactTransform
Transforming gson-2.10.1.jar (com.google.code.gson:gson:2.10.1) with ExternalDependencyInstrumentingArtifactTransform
Transforming grpc-stub-1.57.0.jar (io.grpc:grpc-stub:1.57.0) with InstrumentationAnalysisTransform
Transforming grpc-stub-1.57.0.jar (io.grpc:grpc-stub:1.57.0) with MergeInstrumentationAnalysisTransform
Transforming core-proto-0.0.9-alpha02.jar (com.google.testing.platform:core-proto:0.0.9-alpha02) with InstrumentationAnalysisTransform
Transforming core-proto-0.0.9-alpha02.jar (com.google.testing.platform:core-proto:0.0.9-alpha02) with MergeInstrumentationAnalysisTransform
Transforming tensorflow-lite-metadata-0.1.0-rc2.jar (org.tensorflow:tensorflow-lite-metadata:0.1.0-rc2) with InstrumentationAnalysisTransform
Transforming grpc-stub-1.57.0.jar (io.grpc:grpc-stub:1.57.0) with ExternalDependencyInstrumentingArtifactTransform
Transforming tensorflow-lite-metadata-0.1.0-rc2.jar (org.tensorflow:tensorflow-lite-metadata:0.1.0-rc2) with MergeInstrumentationAnalysisTransform
Transforming flatbuffers-java-1.12.0.jar (com.google.flatbuffers:flatbuffers-java:1.12.0) with InstrumentationAnalysisTransform
Transforming core-proto-0.0.9-alpha02.jar (com.google.testing.platform:core-proto:0.0.9-alpha02) with ExternalDependencyInstrumentingArtifactTransform
Transforming flatbuffers-java-1.12.0.jar (com.google.flatbuffers:flatbuffers-java:1.12.0) with MergeInstrumentationAnalysisTransform
Transforming tensorflow-lite-metadata-0.1.0-rc2.jar (org.tensorflow:tensorflow-lite-metadata:0.1.0-rc2) with ExternalDependencyInstrumentingArtifactTransform
Transforming jimfs-1.1.jar (com.google.jimfs:jimfs:1.1) with InstrumentationAnalysisTransform
Transforming jimfs-1.1.jar (com.google.jimfs:jimfs:1.1) with MergeInstrumentationAnalysisTransform
Transforming flatbuffers-java-1.12.0.jar (com.google.flatbuffers:flatbuffers-java:1.12.0) with ExternalDependencyInstrumentingArtifactTransform
Transforming grpc-context-1.57.0.jar (io.grpc:grpc-context:1.57.0) with InstrumentationAnalysisTransform
Transforming grpc-context-1.57.0.jar (io.grpc:grpc-context:1.57.0) with MergeInstrumentationAnalysisTransform
Transforming grpc-protobuf-lite-1.57.0.jar (io.grpc:grpc-protobuf-lite:1.57.0) with InstrumentationAnalysisTransform
Transforming grpc-protobuf-lite-1.57.0.jar (io.grpc:grpc-protobuf-lite:1.57.0) with MergeInstrumentationAnalysisTransform
Transforming jimfs-1.1.jar (com.google.jimfs:jimfs:1.1) with ExternalDependencyInstrumentingArtifactTransform
Transforming grpc-api-1.57.0.jar (io.grpc:grpc-api:1.57.0) with InstrumentationAnalysisTransform
Transforming grpc-context-1.57.0.jar (io.grpc:grpc-context:1.57.0) with ExternalDependencyInstrumentingArtifactTransform
Transforming grpc-api-1.57.0.jar (io.grpc:grpc-api:1.57.0) with MergeInstrumentationAnalysisTransform
Transforming grpc-protobuf-lite-1.57.0.jar (io.grpc:grpc-protobuf-lite:1.57.0) with ExternalDependencyInstrumentingArtifactTransform
Transforming guava-32.0.1-jre.jar (com.google.guava:guava:32.0.1-jre) with InstrumentationAnalysisTransform
Transforming guava-32.0.1-jre.jar (com.google.guava:guava:32.0.1-jre) with MergeInstrumentationAnalysisTransform
Transforming dagger-2.28.3.jar (com.google.dagger:dagger:2.28.3) with InstrumentationAnalysisTransform
Transforming grpc-api-1.57.0.jar (io.grpc:grpc-api:1.57.0) with ExternalDependencyInstrumentingArtifactTransform
Transforming dagger-2.28.3.jar (com.google.dagger:dagger:2.28.3) with MergeInstrumentationAnalysisTransform
Transforming javax.inject-1.jar (javax.inject:javax.inject:1) with InstrumentationAnalysisTransform
Transforming guava-32.0.1-jre.jar (com.google.guava:guava:32.0.1-jre) with ExternalDependencyInstrumentingArtifactTransform
Transforming javax.inject-1.jar (javax.inject:javax.inject:1) with MergeInstrumentationAnalysisTransform
Transforming kxml2-2.3.0.jar (net.sf.kxml:kxml2:2.3.0) with InstrumentationAnalysisTransform
Transforming dagger-2.28.3.jar (com.google.dagger:dagger:2.28.3) with ExternalDependencyInstrumentingArtifactTransform
Transforming kxml2-2.3.0.jar (net.sf.kxml:kxml2:2.3.0) with MergeInstrumentationAnalysisTransform
Transforming javax.inject-1.jar (javax.inject:javax.inject:1) with ExternalDependencyInstrumentingArtifactTransform
Transforming bcutil-jdk18on-1.77.jar (org.bouncycastle:bcutil-jdk18on:1.77) with InstrumentationAnalysisTransform
Transforming bcutil-jdk18on-1.77.jar (org.bouncycastle:bcutil-jdk18on:1.77) with MergeInstrumentationAnalysisTransform
Transforming bcprov-jdk18on-1.77.jar (org.bouncycastle:bcprov-jdk18on:1.77) with InstrumentationAnalysisTransform
Transforming kxml2-2.3.0.jar (net.sf.kxml:kxml2:2.3.0) with ExternalDependencyInstrumentingArtifactTransform
Transforming bcprov-jdk18on-1.77.jar (org.bouncycastle:bcprov-jdk18on:1.77) with MergeInstrumentationAnalysisTransform
Transforming trove4j-1.0.20200330.jar (org.jetbrains.intellij.deps:trove4j:1.0.20200330) with InstrumentationAnalysisTransform
Transforming bcutil-jdk18on-1.77.jar (org.bouncycastle:bcutil-jdk18on:1.77) with ExternalDependencyInstrumentingArtifactTransform
Transforming trove4j-1.0.20200330.jar (org.jetbrains.intellij.deps:trove4j:1.0.20200330) with MergeInstrumentationAnalysisTransform
Transforming commons-compress-1.21.jar (org.apache.commons:commons-compress:1.21) with InstrumentationAnalysisTransform
Transforming commons-compress-1.21.jar (org.apache.commons:commons-compress:1.21) with MergeInstrumentationAnalysisTransform
Transforming httpclient-4.5.14.jar (org.apache.httpcomponents:httpclient:4.5.14) with InstrumentationAnalysisTransform
Transforming trove4j-1.0.20200330.jar (org.jetbrains.intellij.deps:trove4j:1.0.20200330) with ExternalDependencyInstrumentingArtifactTransform
Transforming httpclient-4.5.14.jar (org.apache.httpcomponents:httpclient:4.5.14) with MergeInstrumentationAnalysisTransform
Transforming httpcore-4.4.16.jar (org.apache.httpcomponents:httpcore:4.4.16) with InstrumentationAnalysisTransform
Transforming commons-compress-1.21.jar (org.apache.commons:commons-compress:1.21) with ExternalDependencyInstrumentingArtifactTransform
Transforming httpcore-4.4.16.jar (org.apache.httpcomponents:httpcore:4.4.16) with MergeInstrumentationAnalysisTransform
Transforming bcprov-jdk18on-1.77.jar (org.bouncycastle:bcprov-jdk18on:1.77) with ExternalDependencyInstrumentingArtifactTransform
Transforming javax.activation-1.2.0.jar (com.sun.activation:javax.activation:1.2.0) with InstrumentationAnalysisTransform
Transforming httpclient-4.5.14.jar (org.apache.httpcomponents:httpclient:4.5.14) with ExternalDependencyInstrumentingArtifactTransform
Transforming httpcore-4.4.16.jar (org.apache.httpcomponents:httpcore:4.4.16) with ExternalDependencyInstrumentingArtifactTransform
Transforming javax.activation-1.2.0.jar (com.sun.activation:javax.activation:1.2.0) with MergeInstrumentationAnalysisTransform
Transforming annotations-23.0.0.jar (org.jetbrains:annotations:23.0.0) with InstrumentationAnalysisTransform
Transforming annotations-23.0.0.jar (org.jetbrains:annotations:23.0.0) with MergeInstrumentationAnalysisTransform
Transforming signflinger-8.7.2.jar (com.android:signflinger:8.7.2) with InstrumentationAnalysisTransform
Transforming javax.activation-1.2.0.jar (com.sun.activation:javax.activation:1.2.0) with ExternalDependencyInstrumentingArtifactTransform
Transforming signflinger-8.7.2.jar (com.android:signflinger:8.7.2) with MergeInstrumentationAnalysisTransform
Transforming zipflinger-8.7.2.jar (com.android:zipflinger:8.7.2) with InstrumentationAnalysisTransform
Transforming annotations-23.0.0.jar (org.jetbrains:annotations:23.0.0) with ExternalDependencyInstrumentingArtifactTransform
Transforming zipflinger-8.7.2.jar (com.android:zipflinger:8.7.2) with MergeInstrumentationAnalysisTransform
Transforming signflinger-8.7.2.jar (com.android:signflinger:8.7.2) with ExternalDependencyInstrumentingArtifactTransform
Transforming annotations-31.7.2.jar (com.android.tools:annotations:31.7.2) with InstrumentationAnalysisTransform
Transforming annotations-31.7.2.jar (com.android.tools:annotations:31.7.2) with MergeInstrumentationAnalysisTransform
Transforming jna-platform-5.6.0.jar (net.java.dev.jna:jna-platform:5.6.0) with InstrumentationAnalysisTransform
Transforming zipflinger-8.7.2.jar (com.android:zipflinger:8.7.2) with ExternalDependencyInstrumentingArtifactTransform
Transforming jna-platform-5.6.0.jar (net.java.dev.jna:jna-platform:5.6.0) with MergeInstrumentationAnalysisTransform
Transforming juniversalchardet-1.0.3.jar (com.googlecode.juniversalchardet:juniversalchardet:1.0.3) with InstrumentationAnalysisTransform
Transforming juniversalchardet-1.0.3.jar (com.googlecode.juniversalchardet:juniversalchardet:1.0.3) with MergeInstrumentationAnalysisTransform
Transforming annotations-31.7.2.jar (com.android.tools:annotations:31.7.2) with ExternalDependencyInstrumentingArtifactTransform
Transforming jna-platform-5.6.0.jar (net.java.dev.jna:jna-platform:5.6.0) with ExternalDependencyInstrumentingArtifactTransform
Transforming javax.annotation-api-1.3.2.jar (javax.annotation:javax.annotation-api:1.3.2) with InstrumentationAnalysisTransform
Transforming javax.annotation-api-1.3.2.jar (javax.annotation:javax.annotation-api:1.3.2) with MergeInstrumentationAnalysisTransform
Transforming juniversalchardet-1.0.3.jar (com.googlecode.juniversalchardet:juniversalchardet:1.0.3) with ExternalDependencyInstrumentingArtifactTransform
Transforming stax-ex-1.8.1.jar (org.jvnet.staxex:stax-ex:1.8.1) with InstrumentationAnalysisTransform
Transforming stax-ex-1.8.1.jar (org.jvnet.staxex:stax-ex:1.8.1) with MergeInstrumentationAnalysisTransform
Transforming javax.annotation-api-1.3.2.jar (javax.annotation:javax.annotation-api:1.3.2) with ExternalDependencyInstrumentingArtifactTransform
Transforming stax-ex-1.8.1.jar (org.jvnet.staxex:stax-ex:1.8.1) with ExternalDependencyInstrumentingArtifactTransform
Transforming jakarta.xml.bind-api-2.3.2.jar (jakarta.xml.bind:jakarta.xml.bind-api:2.3.2) with InstrumentationAnalysisTransform
Transforming jakarta.xml.bind-api-2.3.2.jar (jakarta.xml.bind:jakarta.xml.bind-api:2.3.2) with MergeInstrumentationAnalysisTransform
Transforming txw2-2.3.2.jar (org.glassfish.jaxb:txw2:2.3.2) with InstrumentationAnalysisTransform
Transforming txw2-2.3.2.jar (org.glassfish.jaxb:txw2:2.3.2) with MergeInstrumentationAnalysisTransform
Transforming jakarta.xml.bind-api-2.3.2.jar (jakarta.xml.bind:jakarta.xml.bind-api:2.3.2) with ExternalDependencyInstrumentingArtifactTransform
Transforming istack-commons-runtime-3.0.8.jar (com.sun.istack:istack-commons-runtime:3.0.8) with InstrumentationAnalysisTransform
Transforming istack-commons-runtime-3.0.8.jar (com.sun.istack:istack-commons-runtime:3.0.8) with MergeInstrumentationAnalysisTransform
Transforming FastInfoset-1.2.16.jar (com.sun.xml.fastinfoset:FastInfoset:1.2.16) with InstrumentationAnalysisTransform
Transforming txw2-2.3.2.jar (org.glassfish.jaxb:txw2:2.3.2) with ExternalDependencyInstrumentingArtifactTransform
Transforming istack-commons-runtime-3.0.8.jar (com.sun.istack:istack-commons-runtime:3.0.8) with ExternalDependencyInstrumentingArtifactTransform
Transforming FastInfoset-1.2.16.jar (com.sun.xml.fastinfoset:FastInfoset:1.2.16) with MergeInstrumentationAnalysisTransform
Transforming jakarta.activation-api-1.2.1.jar (jakarta.activation:jakarta.activation-api:1.2.1) with InstrumentationAnalysisTransform
Transforming jakarta.activation-api-1.2.1.jar (jakarta.activation:jakarta.activation-api:1.2.1) with MergeInstrumentationAnalysisTransform
Transforming auto-value-annotations-1.6.2.jar (com.google.auto.value:auto-value-annotations:1.6.2) with InstrumentationAnalysisTransform
Transforming auto-value-annotations-1.6.2.jar (com.google.auto.value:auto-value-annotations:1.6.2) with MergeInstrumentationAnalysisTransform
Transforming error_prone_annotations-2.18.0.jar (com.google.errorprone:error_prone_annotations:2.18.0) with InstrumentationAnalysisTransform
Transforming error_prone_annotations-2.18.0.jar (com.google.errorprone:error_prone_annotations:2.18.0) with MergeInstrumentationAnalysisTransform
Transforming jose4j-0.9.5.jar (org.bitbucket.b_c:jose4j:0.9.5) with InstrumentationAnalysisTransform
Transforming jose4j-0.9.5.jar (org.bitbucket.b_c:jose4j:0.9.5) with MergeInstrumentationAnalysisTransform
Transforming auto-value-annotations-1.6.2.jar (com.google.auto.value:auto-value-annotations:1.6.2) with ExternalDependencyInstrumentingArtifactTransform
Transforming FastInfoset-1.2.16.jar (com.sun.xml.fastinfoset:FastInfoset:1.2.16) with ExternalDependencyInstrumentingArtifactTransform
Transforming error_prone_annotations-2.18.0.jar (com.google.errorprone:error_prone_annotations:2.18.0) with ExternalDependencyInstrumentingArtifactTransform
Transforming jose4j-0.9.5.jar (org.bitbucket.b_c:jose4j:0.9.5) with ExternalDependencyInstrumentingArtifactTransform
Transforming slf4j-api-1.7.30.jar (org.slf4j:slf4j-api:1.7.30) with InstrumentationAnalysisTransform
Transforming jakarta.activation-api-1.2.1.jar (jakarta.activation:jakarta.activation-api:1.2.1) with ExternalDependencyInstrumentingArtifactTransform
Transforming slf4j-api-1.7.30.jar (org.slf4j:slf4j-api:1.7.30) with MergeInstrumentationAnalysisTransform
Transforming jdom2-2.0.6.jar (org.jdom:jdom2:2.0.6) with InstrumentationAnalysisTransform
Transforming jdom2-2.0.6.jar (org.jdom:jdom2:2.0.6) with MergeInstrumentationAnalysisTransform
Transforming jsr305-3.0.2.jar (com.google.code.findbugs:jsr305:3.0.2) with InstrumentationAnalysisTransform
Transforming slf4j-api-1.7.30.jar (org.slf4j:slf4j-api:1.7.30) with ExternalDependencyInstrumentingArtifactTransform
Transforming jsr305-3.0.2.jar (com.google.code.findbugs:jsr305:3.0.2) with MergeInstrumentationAnalysisTransform
Transforming j2objc-annotations-2.8.jar (com.google.j2objc:j2objc-annotations:2.8) with InstrumentationAnalysisTransform
Transforming jdom2-2.0.6.jar (org.jdom:jdom2:2.0.6) with ExternalDependencyInstrumentingArtifactTransform
Transforming j2objc-annotations-2.8.jar (com.google.j2objc:j2objc-annotations:2.8) with MergeInstrumentationAnalysisTransform
Transforming annotations-4.1.1.4.jar (com.google.android:annotations:4.1.1.4) with InstrumentationAnalysisTransform
Transforming jsr305-3.0.2.jar (com.google.code.findbugs:jsr305:3.0.2) with ExternalDependencyInstrumentingArtifactTransform
Transforming annotations-4.1.1.4.jar (com.google.android:annotations:4.1.1.4) with MergeInstrumentationAnalysisTransform
Transforming animal-sniffer-annotations-1.23.jar (org.codehaus.mojo:animal-sniffer-annotations:1.23) with InstrumentationAnalysisTransform
Transforming j2objc-annotations-2.8.jar (com.google.j2objc:j2objc-annotations:2.8) with ExternalDependencyInstrumentingArtifactTransform
Transforming animal-sniffer-annotations-1.23.jar (org.codehaus.mojo:animal-sniffer-annotations:1.23) with MergeInstrumentationAnalysisTransform
Transforming annotations-4.1.1.4.jar (com.google.android:annotations:4.1.1.4) with ExternalDependencyInstrumentingArtifactTransform
Transforming perfmark-api-0.26.0.jar (io.perfmark:perfmark-api:0.26.0) with InstrumentationAnalysisTransform
Transforming animal-sniffer-annotations-1.23.jar (org.codehaus.mojo:animal-sniffer-annotations:1.23) with ExternalDependencyInstrumentingArtifactTransform
Transforming perfmark-api-0.26.0.jar (io.perfmark:perfmark-api:0.26.0) with MergeInstrumentationAnalysisTransform
Transforming netty-codec-http2-4.1.93.Final.jar (io.netty:netty-codec-http2:4.1.93.Final) with InstrumentationAnalysisTransform
Transforming perfmark-api-0.26.0.jar (io.perfmark:perfmark-api:0.26.0) with ExternalDependencyInstrumentingArtifactTransform
Transforming netty-codec-http2-4.1.93.Final.jar (io.netty:netty-codec-http2:4.1.93.Final) with MergeInstrumentationAnalysisTransform
Transforming netty-handler-proxy-4.1.93.Final.jar (io.netty:netty-handler-proxy:4.1.93.Final) with InstrumentationAnalysisTransform
Transforming netty-handler-proxy-4.1.93.Final.jar (io.netty:netty-handler-proxy:4.1.93.Final) with MergeInstrumentationAnalysisTransform
Transforming netty-codec-http-4.1.93.Final.jar (io.netty:netty-codec-http:4.1.93.Final) with InstrumentationAnalysisTransform
Transforming netty-codec-http2-4.1.93.Final.jar (io.netty:netty-codec-http2:4.1.93.Final) with ExternalDependencyInstrumentingArtifactTransform
Transforming netty-codec-http-4.1.93.Final.jar (io.netty:netty-codec-http:4.1.93.Final) with MergeInstrumentationAnalysisTransform
Transforming netty-handler-proxy-4.1.93.Final.jar (io.netty:netty-handler-proxy:4.1.93.Final) with ExternalDependencyInstrumentingArtifactTransform
Transforming netty-handler-4.1.93.Final.jar (io.netty:netty-handler:4.1.93.Final) with InstrumentationAnalysisTransform
Transforming netty-handler-4.1.93.Final.jar (io.netty:netty-handler:4.1.93.Final) with MergeInstrumentationAnalysisTransform
Transforming netty-transport-native-unix-common-4.1.93.Final.jar (io.netty:netty-transport-native-unix-common:4.1.93.Final) with InstrumentationAnalysisTransform
Transforming netty-codec-http-4.1.93.Final.jar (io.netty:netty-codec-http:4.1.93.Final) with ExternalDependencyInstrumentingArtifactTransform
Transforming netty-transport-native-unix-common-4.1.93.Final.jar (io.netty:netty-transport-native-unix-common:4.1.93.Final) with MergeInstrumentationAnalysisTransform
Transforming checker-qual-3.33.0.jar (org.checkerframework:checker-qual:3.33.0) with InstrumentationAnalysisTransform
Transforming checker-qual-3.33.0.jar (org.checkerframework:checker-qual:3.33.0) with MergeInstrumentationAnalysisTransform
Transforming netty-handler-4.1.93.Final.jar (io.netty:netty-handler:4.1.93.Final) with ExternalDependencyInstrumentingArtifactTransform
Transforming netty-transport-native-unix-common-4.1.93.Final.jar (io.netty:netty-transport-native-unix-common:4.1.93.Final) with ExternalDependencyInstrumentingArtifactTransform
Transforming commons-codec-1.11.jar (commons-codec:commons-codec:1.11) with InstrumentationAnalysisTransform
Transforming checker-qual-3.33.0.jar (org.checkerframework:checker-qual:3.33.0) with ExternalDependencyInstrumentingArtifactTransform
Transforming commons-codec-1.11.jar (commons-codec:commons-codec:1.11) with MergeInstrumentationAnalysisTransform
Transforming apksig-8.7.2.jar (com.android.tools.build:apksig:8.7.2) with InstrumentationAnalysisTransform
Transforming apksig-8.7.2.jar (com.android.tools.build:apksig:8.7.2) with MergeInstrumentationAnalysisTransform
Transforming javawriter-2.5.0.jar (com.squareup:javawriter:2.5.0) with InstrumentationAnalysisTransform
Transforming commons-codec-1.11.jar (commons-codec:commons-codec:1.11) with ExternalDependencyInstrumentingArtifactTransform
Transforming javawriter-2.5.0.jar (com.squareup:javawriter:2.5.0) with MergeInstrumentationAnalysisTransform
Transforming apksig-8.7.2.jar (com.android.tools.build:apksig:8.7.2) with ExternalDependencyInstrumentingArtifactTransform
Transforming failureaccess-1.0.1.jar (com.google.guava:failureaccess:1.0.1) with InstrumentationAnalysisTransform
Transforming failureaccess-1.0.1.jar (com.google.guava:failureaccess:1.0.1) with MergeInstrumentationAnalysisTransform
Transforming listenablefuture-9999.0-empty-to-avoid-conflict-with-guava.jar (com.google.guava:listenablefuture:9999.0-empty-to-avoid-conflict-with-guava) with InstrumentationAnalysisTransform
Transforming javawriter-2.5.0.jar (com.squareup:javawriter:2.5.0) with ExternalDependencyInstrumentingArtifactTransform
Transforming listenablefuture-9999.0-empty-to-avoid-conflict-with-guava.jar (com.google.guava:listenablefuture:9999.0-empty-to-avoid-conflict-with-guava) with MergeInstrumentationAnalysisTransform
Transforming failureaccess-1.0.1.jar (com.google.guava:failureaccess:1.0.1) with ExternalDependencyInstrumentingArtifactTransform
Transforming commons-logging-1.2.jar (commons-logging:commons-logging:1.2) with InstrumentationAnalysisTransform
Transforming commons-logging-1.2.jar (commons-logging:commons-logging:1.2) with MergeInstrumentationAnalysisTransform
Transforming listenablefuture-9999.0-empty-to-avoid-conflict-with-guava.jar (com.google.guava:listenablefuture:9999.0-empty-to-avoid-conflict-with-guava) with ExternalDependencyInstrumentingArtifactTransform
Transforming jna-5.6.0.jar (net.java.dev.jna:jna:5.6.0) with InstrumentationAnalysisTransform
Transforming commons-logging-1.2.jar (commons-logging:commons-logging:1.2) with ExternalDependencyInstrumentingArtifactTransform
Transforming jna-5.6.0.jar (net.java.dev.jna:jna:5.6.0) with MergeInstrumentationAnalysisTransform
Transforming netty-codec-socks-4.1.93.Final.jar (io.netty:netty-codec-socks:4.1.93.Final) with InstrumentationAnalysisTransform
Transforming netty-codec-socks-4.1.93.Final.jar (io.netty:netty-codec-socks:4.1.93.Final) with MergeInstrumentationAnalysisTransform
Transforming netty-codec-4.1.93.Final.jar (io.netty:netty-codec:4.1.93.Final) with InstrumentationAnalysisTransform
Transforming netty-codec-4.1.93.Final.jar (io.netty:netty-codec:4.1.93.Final) with MergeInstrumentationAnalysisTransform
Transforming jna-5.6.0.jar (net.java.dev.jna:jna:5.6.0) with ExternalDependencyInstrumentingArtifactTransform
Transforming netty-transport-4.1.93.Final.jar (io.netty:netty-transport:4.1.93.Final) with InstrumentationAnalysisTransform
Transforming netty-codec-socks-4.1.93.Final.jar (io.netty:netty-codec-socks:4.1.93.Final) with ExternalDependencyInstrumentingArtifactTransform
Transforming netty-transport-4.1.93.Final.jar (io.netty:netty-transport:4.1.93.Final) with MergeInstrumentationAnalysisTransform
Transforming netty-buffer-4.1.93.Final.jar (io.netty:netty-buffer:4.1.93.Final) with InstrumentationAnalysisTransform
Transforming netty-codec-4.1.93.Final.jar (io.netty:netty-codec:4.1.93.Final) with ExternalDependencyInstrumentingArtifactTransform
Transforming netty-buffer-4.1.93.Final.jar (io.netty:netty-buffer:4.1.93.Final) with MergeInstrumentationAnalysisTransform
Transforming netty-resolver-4.1.93.Final.jar (io.netty:netty-resolver:4.1.93.Final) with InstrumentationAnalysisTransform
Transforming netty-transport-4.1.93.Final.jar (io.netty:netty-transport:4.1.93.Final) with ExternalDependencyInstrumentingArtifactTransform
Transforming netty-resolver-4.1.93.Final.jar (io.netty:netty-resolver:4.1.93.Final) with MergeInstrumentationAnalysisTransform
Transforming netty-buffer-4.1.93.Final.jar (io.netty:netty-buffer:4.1.93.Final) with ExternalDependencyInstrumentingArtifactTransform
Transforming netty-resolver-4.1.93.Final.jar (io.netty:netty-resolver:4.1.93.Final) with ExternalDependencyInstrumentingArtifactTransform
Transforming netty-common-4.1.93.Final.jar (io.netty:netty-common:4.1.93.Final) with InstrumentationAnalysisTransform
Transforming netty-common-4.1.93.Final.jar (io.netty:netty-common:4.1.93.Final) with MergeInstrumentationAnalysisTransform
Transforming netty-common-4.1.93.Final.jar (io.netty:netty-common:4.1.93.Final) with ExternalDependencyInstrumentingArtifactTransform
Using default execution profile
WARNING: Using flatDir should be avoided because it doesn't support any meta-data formats.

> Configure project :capacitor-status-bar
Evaluating project ':capacitor-status-bar' using build file 'C:\Users\tienv\OneDrive\Desktop\MAIMAI_ANDROID\node_modules\@capacitor\status-bar\android\build.gradle'.
Transforming gradle-8.7.2.jar (com.android.tools.build:gradle:8.7.2) with InstrumentationAnalysisTransform
Transforming gradle-settings-api-8.7.2.jar (com.android.tools.build:gradle-settings-api:8.7.2) with InstrumentationAnalysisTransform
Transforming lint-model-31.7.2.jar (com.android.tools.lint:lint-model:31.7.2) with InstrumentationAnalysisTransform
Transforming builder-8.7.2.jar (com.android.tools.build:builder:8.7.2) with InstrumentationAnalysisTransform
Transforming manifest-merger-31.7.2.jar (com.android.tools.build:manifest-merger:31.7.2) with InstrumentationAnalysisTransform
Transforming sdk-common-31.7.2.jar (com.android.tools:sdk-common:31.7.2) with InstrumentationAnalysisTransform
Transforming sdklib-31.7.2.jar (com.android.tools:sdklib:31.7.2) with InstrumentationAnalysisTransform
Transforming repository-31.7.2.jar (com.android.tools:repository:31.7.2) with InstrumentationAnalysisTransform
Transforming gradle-api-8.7.2.jar (com.android.tools.build:gradle-api:8.7.2) with InstrumentationAnalysisTransform
Transforming builder-test-api-8.7.2.jar (com.android.tools.build:builder-test-api:8.7.2) with InstrumentationAnalysisTransform
Transforming ddmlib-31.7.2.jar (com.android.tools.ddms:ddmlib:31.7.2) with InstrumentationAnalysisTransform
Transforming aaptcompiler-8.7.2.jar (com.android.tools.build:aaptcompiler:8.7.2) with InstrumentationAnalysisTransform
Transforming bundletool-1.17.1.jar (com.android.tools.build:bundletool:1.17.1) with InstrumentationAnalysisTransform
Transforming aapt2-proto-8.7.2-12006047.jar (com.android.tools.build:aapt2-proto:8.7.2-12006047) with InstrumentationAnalysisTransform
Transforming crash-31.7.2.jar (com.android.tools.analytics-library:crash:31.7.2) with InstrumentationAnalysisTransform
Transforming tracker-31.7.2.jar (com.android.tools.analytics-library:tracker:31.7.2) with InstrumentationAnalysisTransform
Transforming shared-31.7.2.jar (com.android.tools.analytics-library:shared:31.7.2) with InstrumentationAnalysisTransform
Transforming lint-typedef-remover-31.7.2.jar (com.android.tools.lint:lint-typedef-remover:31.7.2) with InstrumentationAnalysisTransform
Transforming databinding-compiler-common-8.7.2.jar (androidx.databinding:databinding-compiler-common:8.7.2) with InstrumentationAnalysisTransform
Transforming databinding-common-8.7.2.jar (androidx.databinding:databinding-common:8.7.2) with InstrumentationAnalysisTransform
Transforming baseLibrary-8.7.2.jar (com.android.databinding:baseLibrary:8.7.2) with InstrumentationAnalysisTransform
Transforming layoutlib-api-31.7.2.jar (com.android.tools.layoutlib:layoutlib-api:31.7.2) with InstrumentationAnalysisTransform
Transforming android-device-provider-ddmlib-proto-31.7.2.jar (com.android.tools.utp:android-device-provider-ddmlib-proto:31.7.2) with InstrumentationAnalysisTransform
Transforming android-device-provider-gradle-proto-31.7.2.jar (com.android.tools.utp:android-device-provider-gradle-proto:31.7.2) with InstrumentationAnalysisTransform
Transforming android-device-provider-profile-proto-31.7.2.jar (com.android.tools.utp:android-device-provider-profile-proto:31.7.2) with InstrumentationAnalysisTransform
Transforming android-test-plugin-host-additional-test-output-proto-31.7.2.jar (com.android.tools.utp:android-test-plugin-host-additional-test-output-proto:31.7.2) with InstrumentationAnalysisTransform
Transforming android-test-plugin-host-coverage-proto-31.7.2.jar (com.android.tools.utp:android-test-plugin-host-coverage-proto:31.7.2) with InstrumentationAnalysisTransform
Transforming android-test-plugin-host-emulator-control-proto-31.7.2.jar (com.android.tools.utp:android-test-plugin-host-emulator-control-proto:31.7.2) with InstrumentationAnalysisTransform
Transforming android-test-plugin-host-logcat-proto-31.7.2.jar (com.android.tools.utp:android-test-plugin-host-logcat-proto:31.7.2) with InstrumentationAnalysisTransform
Transforming android-test-plugin-host-apk-installer-proto-31.7.2.jar (com.android.tools.utp:android-test-plugin-host-apk-installer-proto:31.7.2) with InstrumentationAnalysisTransform
Transforming android-test-plugin-host-retention-proto-31.7.2.jar (com.android.tools.utp:android-test-plugin-host-retention-proto:31.7.2) with InstrumentationAnalysisTransform
Transforming android-test-plugin-result-listener-gradle-proto-31.7.2.jar (com.android.tools.utp:android-test-plugin-result-listener-gradle-proto:31.7.2) with InstrumentationAnalysisTransform
Transforming builder-model-8.7.2.jar (com.android.tools.build:builder-model:8.7.2) with InstrumentationAnalysisTransform
Transforming dvlib-31.7.2.jar (com.android.tools:dvlib:31.7.2) with InstrumentationAnalysisTransform
Transforming common-31.7.2.jar (com.android.tools:common:31.7.2) with InstrumentationAnalysisTransform
Transforming jetifier-processor-1.0.0-beta10.jar (com.android.tools.build.jetifier:jetifier-processor:1.0.0-beta10) with InstrumentationAnalysisTransform
Transforming jetifier-core-1.0.0-beta10.jar (com.android.tools.build.jetifier:jetifier-core:1.0.0-beta10) with InstrumentationAnalysisTransform
Transforming kotlin-reflect-1.9.20.jar (org.jetbrains.kotlin:kotlin-reflect:1.9.20) with InstrumentationAnalysisTransform
Transforming kotlin-stdlib-jdk7-1.9.20.jar (org.jetbrains.kotlin:kotlin-stdlib-jdk7:1.9.20) with InstrumentationAnalysisTransform
Transforming kotlin-stdlib-1.9.20.jar (org.jetbrains.kotlin:kotlin-stdlib:1.9.20) with InstrumentationAnalysisTransform
Transforming kotlin-stdlib-jdk8-1.9.20.jar (org.jetbrains.kotlin:kotlin-stdlib-jdk8:1.9.20) with InstrumentationAnalysisTransform
Transforming transform-api-2.0.0-deprecated-use-gradle-api.jar (com.android.tools.build:transform-api:2.0.0-deprecated-use-gradle-api) with InstrumentationAnalysisTransform
Transforming httpmime-4.5.6.jar (org.apache.httpcomponents:httpmime:4.5.6) with InstrumentationAnalysisTransform
Transforming commons-io-2.13.0.jar (commons-io:commons-io:2.13.0) with InstrumentationAnalysisTransform
Transforming asm-commons-9.6.jar (org.ow2.asm:asm-commons:9.6) with InstrumentationAnalysisTransform
Transforming asm-util-9.6.jar (org.ow2.asm:asm-util:9.6) with InstrumentationAnalysisTransform
Transforming asm-analysis-9.6.jar (org.ow2.asm:asm-analysis:9.6) with InstrumentationAnalysisTransform
Transforming asm-tree-9.6.jar (org.ow2.asm:asm-tree:9.6) with InstrumentationAnalysisTransform
Transforming asm-9.6.jar (org.ow2.asm:asm:9.6) with InstrumentationAnalysisTransform
Transforming apkzlib-8.7.2.jar (com.android.tools.build:apkzlib:8.7.2) with InstrumentationAnalysisTransform
Transforming bcpkix-jdk18on-1.77.jar (org.bouncycastle:bcpkix-jdk18on:1.77) with InstrumentationAnalysisTransform
Transforming jaxb-runtime-2.3.2.jar (org.glassfish.jaxb:jaxb-runtime:2.3.2) with InstrumentationAnalysisTransform
Transforming jopt-simple-4.9.jar (net.sf.jopt-simple:jopt-simple:4.9) with InstrumentationAnalysisTransform
Transforming javapoet-1.10.0.jar (com.squareup:javapoet:1.10.0) with InstrumentationAnalysisTransform
Transforming protobuf-java-util-3.22.3.jar (com.google.protobuf:protobuf-java-util:3.22.3) with InstrumentationAnalysisTransform
Transforming grpc-protobuf-1.57.0.jar (io.grpc:grpc-protobuf:1.57.0) with InstrumentationAnalysisTransform
Transforming tink-1.7.0.jar (com.google.crypto.tink:tink:1.7.0) with InstrumentationAnalysisTransform
Transforming protos-31.7.2.jar (com.android.tools.analytics-library:protos:31.7.2) with InstrumentationAnalysisTransform
Transforming proto-google-common-protos-2.17.0.jar (com.google.api.grpc:proto-google-common-protos:2.17.0) with InstrumentationAnalysisTransform
Transforming protobuf-java-3.22.3.jar (com.google.protobuf:protobuf-java:3.22.3) with InstrumentationAnalysisTransform
Transforming grpc-netty-1.57.0.jar (io.grpc:grpc-netty:1.57.0) with InstrumentationAnalysisTransform
Transforming grpc-core-1.57.0.jar (io.grpc:grpc-core:1.57.0) with InstrumentationAnalysisTransform
Transforming gson-2.10.1.jar (com.google.code.gson:gson:2.10.1) with InstrumentationAnalysisTransform
Transforming grpc-stub-1.57.0.jar (io.grpc:grpc-stub:1.57.0) with InstrumentationAnalysisTransform
Transforming core-proto-0.0.9-alpha02.jar (com.google.testing.platform:core-proto:0.0.9-alpha02) with InstrumentationAnalysisTransform
Transforming tensorflow-lite-metadata-0.1.0-rc2.jar (org.tensorflow:tensorflow-lite-metadata:0.1.0-rc2) with InstrumentationAnalysisTransform
Transforming flatbuffers-java-1.12.0.jar (com.google.flatbuffers:flatbuffers-java:1.12.0) with InstrumentationAnalysisTransform
Transforming jimfs-1.1.jar (com.google.jimfs:jimfs:1.1) with InstrumentationAnalysisTransform
Transforming grpc-context-1.57.0.jar (io.grpc:grpc-context:1.57.0) with InstrumentationAnalysisTransform
Transforming grpc-protobuf-lite-1.57.0.jar (io.grpc:grpc-protobuf-lite:1.57.0) with InstrumentationAnalysisTransform
Transforming grpc-api-1.57.0.jar (io.grpc:grpc-api:1.57.0) with InstrumentationAnalysisTransform
Transforming guava-32.0.1-jre.jar (com.google.guava:guava:32.0.1-jre) with InstrumentationAnalysisTransform
Transforming dagger-2.28.3.jar (com.google.dagger:dagger:2.28.3) with InstrumentationAnalysisTransform
Transforming javax.inject-1.jar (javax.inject:javax.inject:1) with InstrumentationAnalysisTransform
Transforming kxml2-2.3.0.jar (net.sf.kxml:kxml2:2.3.0) with InstrumentationAnalysisTransform
Transforming bcutil-jdk18on-1.77.jar (org.bouncycastle:bcutil-jdk18on:1.77) with InstrumentationAnalysisTransform
Transforming bcprov-jdk18on-1.77.jar (org.bouncycastle:bcprov-jdk18on:1.77) with InstrumentationAnalysisTransform
Transforming trove4j-1.0.20200330.jar (org.jetbrains.intellij.deps:trove4j:1.0.20200330) with InstrumentationAnalysisTransform
Transforming commons-compress-1.21.jar (org.apache.commons:commons-compress:1.21) with InstrumentationAnalysisTransform
Transforming httpclient-4.5.14.jar (org.apache.httpcomponents:httpclient:4.5.14) with InstrumentationAnalysisTransform
Transforming httpcore-4.4.16.jar (org.apache.httpcomponents:httpcore:4.4.16) with InstrumentationAnalysisTransform
Transforming javax.activation-1.2.0.jar (com.sun.activation:javax.activation:1.2.0) with InstrumentationAnalysisTransform
Transforming annotations-23.0.0.jar (org.jetbrains:annotations:23.0.0) with InstrumentationAnalysisTransform
Transforming signflinger-8.7.2.jar (com.android:signflinger:8.7.2) with InstrumentationAnalysisTransform
Transforming zipflinger-8.7.2.jar (com.android:zipflinger:8.7.2) with InstrumentationAnalysisTransform
Transforming annotations-31.7.2.jar (com.android.tools:annotations:31.7.2) with InstrumentationAnalysisTransform
Transforming jna-platform-5.6.0.jar (net.java.dev.jna:jna-platform:5.6.0) with InstrumentationAnalysisTransform
Transforming juniversalchardet-1.0.3.jar (com.googlecode.juniversalchardet:juniversalchardet:1.0.3) with InstrumentationAnalysisTransform
Transforming javax.annotation-api-1.3.2.jar (javax.annotation:javax.annotation-api:1.3.2) with InstrumentationAnalysisTransform
Transforming stax-ex-1.8.1.jar (org.jvnet.staxex:stax-ex:1.8.1) with InstrumentationAnalysisTransform
Transforming jakarta.xml.bind-api-2.3.2.jar (jakarta.xml.bind:jakarta.xml.bind-api:2.3.2) with InstrumentationAnalysisTransform
Transforming txw2-2.3.2.jar (org.glassfish.jaxb:txw2:2.3.2) with InstrumentationAnalysisTransform
Transforming istack-commons-runtime-3.0.8.jar (com.sun.istack:istack-commons-runtime:3.0.8) with InstrumentationAnalysisTransform
Transforming FastInfoset-1.2.16.jar (com.sun.xml.fastinfoset:FastInfoset:1.2.16) with InstrumentationAnalysisTransform
Transforming jakarta.activation-api-1.2.1.jar (jakarta.activation:jakarta.activation-api:1.2.1) with InstrumentationAnalysisTransform
Transforming auto-value-annotations-1.6.2.jar (com.google.auto.value:auto-value-annotations:1.6.2) with InstrumentationAnalysisTransform
Transforming error_prone_annotations-2.18.0.jar (com.google.errorprone:error_prone_annotations:2.18.0) with InstrumentationAnalysisTransform
Transforming jose4j-0.9.5.jar (org.bitbucket.b_c:jose4j:0.9.5) with InstrumentationAnalysisTransform
Transforming slf4j-api-1.7.30.jar (org.slf4j:slf4j-api:1.7.30) with InstrumentationAnalysisTransform
Transforming jdom2-2.0.6.jar (org.jdom:jdom2:2.0.6) with InstrumentationAnalysisTransform
Transforming jsr305-3.0.2.jar (com.google.code.findbugs:jsr305:3.0.2) with InstrumentationAnalysisTransform
Transforming j2objc-annotations-2.8.jar (com.google.j2objc:j2objc-annotations:2.8) with InstrumentationAnalysisTransform
Transforming annotations-4.1.1.4.jar (com.google.android:annotations:4.1.1.4) with InstrumentationAnalysisTransform
Transforming animal-sniffer-annotations-1.23.jar (org.codehaus.mojo:animal-sniffer-annotations:1.23) with InstrumentationAnalysisTransform
Transforming perfmark-api-0.26.0.jar (io.perfmark:perfmark-api:0.26.0) with InstrumentationAnalysisTransform
Transforming netty-codec-http2-4.1.93.Final.jar (io.netty:netty-codec-http2:4.1.93.Final) with InstrumentationAnalysisTransform
Transforming netty-handler-proxy-4.1.93.Final.jar (io.netty:netty-handler-proxy:4.1.93.Final) with InstrumentationAnalysisTransform
Transforming netty-codec-http-4.1.93.Final.jar (io.netty:netty-codec-http:4.1.93.Final) with InstrumentationAnalysisTransform
Transforming netty-handler-4.1.93.Final.jar (io.netty:netty-handler:4.1.93.Final) with InstrumentationAnalysisTransform
Transforming netty-transport-native-unix-common-4.1.93.Final.jar (io.netty:netty-transport-native-unix-common:4.1.93.Final) with InstrumentationAnalysisTransform
Transforming checker-qual-3.33.0.jar (org.checkerframework:checker-qual:3.33.0) with InstrumentationAnalysisTransform
Transforming commons-codec-1.11.jar (commons-codec:commons-codec:1.11) with InstrumentationAnalysisTransform
Transforming apksig-8.7.2.jar (com.android.tools.build:apksig:8.7.2) with InstrumentationAnalysisTransform
Transforming javawriter-2.5.0.jar (com.squareup:javawriter:2.5.0) with InstrumentationAnalysisTransform
Transforming failureaccess-1.0.1.jar (com.google.guava:failureaccess:1.0.1) with InstrumentationAnalysisTransform
Transforming listenablefuture-9999.0-empty-to-avoid-conflict-with-guava.jar (com.google.guava:listenablefuture:9999.0-empty-to-avoid-conflict-with-guava) with InstrumentationAnalysisTransform
Transforming commons-logging-1.2.jar (commons-logging:commons-logging:1.2) with InstrumentationAnalysisTransform
Transforming jna-5.6.0.jar (net.java.dev.jna:jna:5.6.0) with InstrumentationAnalysisTransform
Transforming netty-codec-socks-4.1.93.Final.jar (io.netty:netty-codec-socks:4.1.93.Final) with InstrumentationAnalysisTransform
Transforming netty-codec-4.1.93.Final.jar (io.netty:netty-codec:4.1.93.Final) with InstrumentationAnalysisTransform
Transforming netty-transport-4.1.93.Final.jar (io.netty:netty-transport:4.1.93.Final) with InstrumentationAnalysisTransform
Transforming netty-buffer-4.1.93.Final.jar (io.netty:netty-buffer:4.1.93.Final) with InstrumentationAnalysisTransform
Transforming netty-resolver-4.1.93.Final.jar (io.netty:netty-resolver:4.1.93.Final) with InstrumentationAnalysisTransform
Transforming netty-common-4.1.93.Final.jar (io.netty:netty-common:4.1.93.Final) with InstrumentationAnalysisTransform
Transforming gradle-8.7.2.jar (com.android.tools.build:gradle:8.7.2) with InstrumentationAnalysisTransform
Transforming gradle-8.7.2.jar (com.android.tools.build:gradle:8.7.2) with MergeInstrumentationAnalysisTransform
Transforming gradle-settings-api-8.7.2.jar (com.android.tools.build:gradle-settings-api:8.7.2) with InstrumentationAnalysisTransform
Transforming gradle-settings-api-8.7.2.jar (com.android.tools.build:gradle-settings-api:8.7.2) with MergeInstrumentationAnalysisTransform
Transforming gradle-8.7.2.jar (com.android.tools.build:gradle:8.7.2) with ExternalDependencyInstrumentingArtifactTransform
Transforming lint-model-31.7.2.jar (com.android.tools.lint:lint-model:31.7.2) with InstrumentationAnalysisTransform
Transforming lint-model-31.7.2.jar (com.android.tools.lint:lint-model:31.7.2) with MergeInstrumentationAnalysisTransform
Transforming gradle-settings-api-8.7.2.jar (com.android.tools.build:gradle-settings-api:8.7.2) with ExternalDependencyInstrumentingArtifactTransform
Transforming builder-8.7.2.jar (com.android.tools.build:builder:8.7.2) with InstrumentationAnalysisTransform
Transforming builder-8.7.2.jar (com.android.tools.build:builder:8.7.2) with MergeInstrumentationAnalysisTransform
Transforming lint-model-31.7.2.jar (com.android.tools.lint:lint-model:31.7.2) with ExternalDependencyInstrumentingArtifactTransform
Transforming manifest-merger-31.7.2.jar (com.android.tools.build:manifest-merger:31.7.2) with InstrumentationAnalysisTransform
Transforming manifest-merger-31.7.2.jar (com.android.tools.build:manifest-merger:31.7.2) with MergeInstrumentationAnalysisTransform
Transforming builder-8.7.2.jar (com.android.tools.build:builder:8.7.2) with ExternalDependencyInstrumentingArtifactTransform
Transforming sdk-common-31.7.2.jar (com.android.tools:sdk-common:31.7.2) with InstrumentationAnalysisTransform
Transforming sdk-common-31.7.2.jar (com.android.tools:sdk-common:31.7.2) with MergeInstrumentationAnalysisTransform
Transforming manifest-merger-31.7.2.jar (com.android.tools.build:manifest-merger:31.7.2) with ExternalDependencyInstrumentingArtifactTransform
Transforming sdklib-31.7.2.jar (com.android.tools:sdklib:31.7.2) with InstrumentationAnalysisTransform
Transforming sdk-common-31.7.2.jar (com.android.tools:sdk-common:31.7.2) with ExternalDependencyInstrumentingArtifactTransform
Transforming sdklib-31.7.2.jar (com.android.tools:sdklib:31.7.2) with MergeInstrumentationAnalysisTransform
Transforming repository-31.7.2.jar (com.android.tools:repository:31.7.2) with InstrumentationAnalysisTransform
Transforming repository-31.7.2.jar (com.android.tools:repository:31.7.2) with MergeInstrumentationAnalysisTransform
Transforming sdklib-31.7.2.jar (com.android.tools:sdklib:31.7.2) with ExternalDependencyInstrumentingArtifactTransform
Transforming gradle-api-8.7.2.jar (com.android.tools.build:gradle-api:8.7.2) with InstrumentationAnalysisTransform
Transforming gradle-api-8.7.2.jar (com.android.tools.build:gradle-api:8.7.2) with MergeInstrumentationAnalysisTransform
Transforming repository-31.7.2.jar (com.android.tools:repository:31.7.2) with ExternalDependencyInstrumentingArtifactTransform
Transforming builder-test-api-8.7.2.jar (com.android.tools.build:builder-test-api:8.7.2) with InstrumentationAnalysisTransform
Transforming builder-test-api-8.7.2.jar (com.android.tools.build:builder-test-api:8.7.2) with MergeInstrumentationAnalysisTransform
Transforming gradle-api-8.7.2.jar (com.android.tools.build:gradle-api:8.7.2) with ExternalDependencyInstrumentingArtifactTransform
Transforming ddmlib-31.7.2.jar (com.android.tools.ddms:ddmlib:31.7.2) with InstrumentationAnalysisTransform
Transforming ddmlib-31.7.2.jar (com.android.tools.ddms:ddmlib:31.7.2) with MergeInstrumentationAnalysisTransform
Transforming builder-test-api-8.7.2.jar (com.android.tools.build:builder-test-api:8.7.2) with ExternalDependencyInstrumentingArtifactTransform
Transforming aaptcompiler-8.7.2.jar (com.android.tools.build:aaptcompiler:8.7.2) with InstrumentationAnalysisTransform
Transforming aaptcompiler-8.7.2.jar (com.android.tools.build:aaptcompiler:8.7.2) with MergeInstrumentationAnalysisTransform
Transforming bundletool-1.17.1.jar (com.android.tools.build:bundletool:1.17.1) with InstrumentationAnalysisTransform
Transforming ddmlib-31.7.2.jar (com.android.tools.ddms:ddmlib:31.7.2) with ExternalDependencyInstrumentingArtifactTransform
Transforming bundletool-1.17.1.jar (com.android.tools.build:bundletool:1.17.1) with MergeInstrumentationAnalysisTransform
Transforming aaptcompiler-8.7.2.jar (com.android.tools.build:aaptcompiler:8.7.2) with ExternalDependencyInstrumentingArtifactTransform
Transforming aapt2-proto-8.7.2-12006047.jar (com.android.tools.build:aapt2-proto:8.7.2-12006047) with InstrumentationAnalysisTransform
Transforming aapt2-proto-8.7.2-12006047.jar (com.android.tools.build:aapt2-proto:8.7.2-12006047) with MergeInstrumentationAnalysisTransform
Transforming crash-31.7.2.jar (com.android.tools.analytics-library:crash:31.7.2) with InstrumentationAnalysisTransform
Transforming bundletool-1.17.1.jar (com.android.tools.build:bundletool:1.17.1) with ExternalDependencyInstrumentingArtifactTransform
Transforming crash-31.7.2.jar (com.android.tools.analytics-library:crash:31.7.2) with MergeInstrumentationAnalysisTransform
Transforming tracker-31.7.2.jar (com.android.tools.analytics-library:tracker:31.7.2) with InstrumentationAnalysisTransform
Transforming aapt2-proto-8.7.2-12006047.jar (com.android.tools.build:aapt2-proto:8.7.2-12006047) with ExternalDependencyInstrumentingArtifactTransform
Transforming tracker-31.7.2.jar (com.android.tools.analytics-library:tracker:31.7.2) with MergeInstrumentationAnalysisTransform
Transforming crash-31.7.2.jar (com.android.tools.analytics-library:crash:31.7.2) with ExternalDependencyInstrumentingArtifactTransform
Transforming shared-31.7.2.jar (com.android.tools.analytics-library:shared:31.7.2) with InstrumentationAnalysisTransform
Transforming tracker-31.7.2.jar (com.android.tools.analytics-library:tracker:31.7.2) with ExternalDependencyInstrumentingArtifactTransform
Transforming shared-31.7.2.jar (com.android.tools.analytics-library:shared:31.7.2) with MergeInstrumentationAnalysisTransform
Transforming lint-typedef-remover-31.7.2.jar (com.android.tools.lint:lint-typedef-remover:31.7.2) with InstrumentationAnalysisTransform
Transforming lint-typedef-remover-31.7.2.jar (com.android.tools.lint:lint-typedef-remover:31.7.2) with MergeInstrumentationAnalysisTransform
Transforming databinding-compiler-common-8.7.2.jar (androidx.databinding:databinding-compiler-common:8.7.2) with InstrumentationAnalysisTransform
Transforming databinding-compiler-common-8.7.2.jar (androidx.databinding:databinding-compiler-common:8.7.2) with MergeInstrumentationAnalysisTransform
Transforming databinding-common-8.7.2.jar (androidx.databinding:databinding-common:8.7.2) with InstrumentationAnalysisTransform
Transforming lint-typedef-remover-31.7.2.jar (com.android.tools.lint:lint-typedef-remover:31.7.2) with ExternalDependencyInstrumentingArtifactTransform
Transforming databinding-common-8.7.2.jar (androidx.databinding:databinding-common:8.7.2) with MergeInstrumentationAnalysisTransform
Transforming baseLibrary-8.7.2.jar (com.android.databinding:baseLibrary:8.7.2) with InstrumentationAnalysisTransform
Transforming baseLibrary-8.7.2.jar (com.android.databinding:baseLibrary:8.7.2) with MergeInstrumentationAnalysisTransform
Transforming layoutlib-api-31.7.2.jar (com.android.tools.layoutlib:layoutlib-api:31.7.2) with InstrumentationAnalysisTransform
Transforming databinding-compiler-common-8.7.2.jar (androidx.databinding:databinding-compiler-common:8.7.2) with ExternalDependencyInstrumentingArtifactTransform
Transforming databinding-common-8.7.2.jar (androidx.databinding:databinding-common:8.7.2) with ExternalDependencyInstrumentingArtifactTransform
Transforming shared-31.7.2.jar (com.android.tools.analytics-library:shared:31.7.2) with ExternalDependencyInstrumentingArtifactTransform
Transforming baseLibrary-8.7.2.jar (com.android.databinding:baseLibrary:8.7.2) with ExternalDependencyInstrumentingArtifactTransform
Transforming layoutlib-api-31.7.2.jar (com.android.tools.layoutlib:layoutlib-api:31.7.2) with MergeInstrumentationAnalysisTransform
Transforming android-device-provider-ddmlib-proto-31.7.2.jar (com.android.tools.utp:android-device-provider-ddmlib-proto:31.7.2) with InstrumentationAnalysisTransform
Transforming android-device-provider-ddmlib-proto-31.7.2.jar (com.android.tools.utp:android-device-provider-ddmlib-proto:31.7.2) with MergeInstrumentationAnalysisTransform
Transforming layoutlib-api-31.7.2.jar (com.android.tools.layoutlib:layoutlib-api:31.7.2) with ExternalDependencyInstrumentingArtifactTransform
Transforming android-device-provider-gradle-proto-31.7.2.jar (com.android.tools.utp:android-device-provider-gradle-proto:31.7.2) with InstrumentationAnalysisTransform
Transforming android-device-provider-gradle-proto-31.7.2.jar (com.android.tools.utp:android-device-provider-gradle-proto:31.7.2) with MergeInstrumentationAnalysisTransform
Transforming android-device-provider-ddmlib-proto-31.7.2.jar (com.android.tools.utp:android-device-provider-ddmlib-proto:31.7.2) with ExternalDependencyInstrumentingArtifactTransform
Transforming android-device-provider-profile-proto-31.7.2.jar (com.android.tools.utp:android-device-provider-profile-proto:31.7.2) with InstrumentationAnalysisTransform
Transforming android-device-provider-profile-proto-31.7.2.jar (com.android.tools.utp:android-device-provider-profile-proto:31.7.2) with MergeInstrumentationAnalysisTransform
Transforming android-device-provider-gradle-proto-31.7.2.jar (com.android.tools.utp:android-device-provider-gradle-proto:31.7.2) with ExternalDependencyInstrumentingArtifactTransform
Transforming android-test-plugin-host-additional-test-output-proto-31.7.2.jar (com.android.tools.utp:android-test-plugin-host-additional-test-output-proto:31.7.2) with InstrumentationAnalysisTransform
Transforming android-device-provider-profile-proto-31.7.2.jar (com.android.tools.utp:android-device-provider-profile-proto:31.7.2) with ExternalDependencyInstrumentingArtifactTransform
Transforming android-test-plugin-host-additional-test-output-proto-31.7.2.jar (com.android.tools.utp:android-test-plugin-host-additional-test-output-proto:31.7.2) with MergeInstrumentationAnalysisTransform
Transforming android-test-plugin-host-coverage-proto-31.7.2.jar (com.android.tools.utp:android-test-plugin-host-coverage-proto:31.7.2) with InstrumentationAnalysisTransform
Transforming android-test-plugin-host-coverage-proto-31.7.2.jar (com.android.tools.utp:android-test-plugin-host-coverage-proto:31.7.2) with MergeInstrumentationAnalysisTransform
Transforming android-test-plugin-host-emulator-control-proto-31.7.2.jar (com.android.tools.utp:android-test-plugin-host-emulator-control-proto:31.7.2) with InstrumentationAnalysisTransform
Transforming android-test-plugin-host-additional-test-output-proto-31.7.2.jar (com.android.tools.utp:android-test-plugin-host-additional-test-output-proto:31.7.2) with ExternalDependencyInstrumentingArtifactTransform
Transforming android-test-plugin-host-emulator-control-proto-31.7.2.jar (com.android.tools.utp:android-test-plugin-host-emulator-control-proto:31.7.2) with MergeInstrumentationAnalysisTransform
Transforming android-test-plugin-host-logcat-proto-31.7.2.jar (com.android.tools.utp:android-test-plugin-host-logcat-proto:31.7.2) with InstrumentationAnalysisTransform
Transforming android-test-plugin-host-coverage-proto-31.7.2.jar (com.android.tools.utp:android-test-plugin-host-coverage-proto:31.7.2) with ExternalDependencyInstrumentingArtifactTransform
Transforming android-test-plugin-host-logcat-proto-31.7.2.jar (com.android.tools.utp:android-test-plugin-host-logcat-proto:31.7.2) with MergeInstrumentationAnalysisTransform
Transforming android-test-plugin-host-apk-installer-proto-31.7.2.jar (com.android.tools.utp:android-test-plugin-host-apk-installer-proto:31.7.2) with InstrumentationAnalysisTransform
Transforming android-test-plugin-host-emulator-control-proto-31.7.2.jar (com.android.tools.utp:android-test-plugin-host-emulator-control-proto:31.7.2) with ExternalDependencyInstrumentingArtifactTransform
Transforming android-test-plugin-host-apk-installer-proto-31.7.2.jar (com.android.tools.utp:android-test-plugin-host-apk-installer-proto:31.7.2) with MergeInstrumentationAnalysisTransform
Transforming android-test-plugin-host-retention-proto-31.7.2.jar (com.android.tools.utp:android-test-plugin-host-retention-proto:31.7.2) with InstrumentationAnalysisTransform
Transforming android-test-plugin-host-logcat-proto-31.7.2.jar (com.android.tools.utp:android-test-plugin-host-logcat-proto:31.7.2) with ExternalDependencyInstrumentingArtifactTransform
Transforming android-test-plugin-host-retention-proto-31.7.2.jar (com.android.tools.utp:android-test-plugin-host-retention-proto:31.7.2) with MergeInstrumentationAnalysisTransform
Transforming android-test-plugin-host-apk-installer-proto-31.7.2.jar (com.android.tools.utp:android-test-plugin-host-apk-installer-proto:31.7.2) with ExternalDependencyInstrumentingArtifactTransform
Transforming android-test-plugin-host-retention-proto-31.7.2.jar (com.android.tools.utp:android-test-plugin-host-retention-proto:31.7.2) with ExternalDependencyInstrumentingArtifactTransform
Transforming android-test-plugin-result-listener-gradle-proto-31.7.2.jar (com.android.tools.utp:android-test-plugin-result-listener-gradle-proto:31.7.2) with InstrumentationAnalysisTransform
Transforming android-test-plugin-result-listener-gradle-proto-31.7.2.jar (com.android.tools.utp:android-test-plugin-result-listener-gradle-proto:31.7.2) with MergeInstrumentationAnalysisTransform
Transforming builder-model-8.7.2.jar (com.android.tools.build:builder-model:8.7.2) with InstrumentationAnalysisTransform
Transforming builder-model-8.7.2.jar (com.android.tools.build:builder-model:8.7.2) with MergeInstrumentationAnalysisTransform
Transforming dvlib-31.7.2.jar (com.android.tools:dvlib:31.7.2) with InstrumentationAnalysisTransform
Transforming android-test-plugin-result-listener-gradle-proto-31.7.2.jar (com.android.tools.utp:android-test-plugin-result-listener-gradle-proto:31.7.2) with ExternalDependencyInstrumentingArtifactTransform
Transforming dvlib-31.7.2.jar (com.android.tools:dvlib:31.7.2) with MergeInstrumentationAnalysisTransform
Transforming common-31.7.2.jar (com.android.tools:common:31.7.2) with InstrumentationAnalysisTransform
Transforming builder-model-8.7.2.jar (com.android.tools.build:builder-model:8.7.2) with ExternalDependencyInstrumentingArtifactTransform
Transforming common-31.7.2.jar (com.android.tools:common:31.7.2) with MergeInstrumentationAnalysisTransform
Transforming dvlib-31.7.2.jar (com.android.tools:dvlib:31.7.2) with ExternalDependencyInstrumentingArtifactTransform
Transforming jetifier-processor-1.0.0-beta10.jar (com.android.tools.build.jetifier:jetifier-processor:1.0.0-beta10) with InstrumentationAnalysisTransform
Transforming common-31.7.2.jar (com.android.tools:common:31.7.2) with ExternalDependencyInstrumentingArtifactTransform
Transforming jetifier-processor-1.0.0-beta10.jar (com.android.tools.build.jetifier:jetifier-processor:1.0.0-beta10) with MergeInstrumentationAnalysisTransform
Transforming jetifier-core-1.0.0-beta10.jar (com.android.tools.build.jetifier:jetifier-core:1.0.0-beta10) with InstrumentationAnalysisTransform
Transforming jetifier-core-1.0.0-beta10.jar (com.android.tools.build.jetifier:jetifier-core:1.0.0-beta10) with MergeInstrumentationAnalysisTransform
Transforming jetifier-processor-1.0.0-beta10.jar (com.android.tools.build.jetifier:jetifier-processor:1.0.0-beta10) with ExternalDependencyInstrumentingArtifactTransform
Transforming jetifier-core-1.0.0-beta10.jar (com.android.tools.build.jetifier:jetifier-core:1.0.0-beta10) with ExternalDependencyInstrumentingArtifactTransform
Transforming kotlin-reflect-1.9.20.jar (org.jetbrains.kotlin:kotlin-reflect:1.9.20) with InstrumentationAnalysisTransform
Transforming kotlin-reflect-1.9.20.jar (org.jetbrains.kotlin:kotlin-reflect:1.9.20) with MergeInstrumentationAnalysisTransform
Transforming kotlin-stdlib-jdk7-1.9.20.jar (org.jetbrains.kotlin:kotlin-stdlib-jdk7:1.9.20) with InstrumentationAnalysisTransform
Transforming kotlin-stdlib-jdk7-1.9.20.jar (org.jetbrains.kotlin:kotlin-stdlib-jdk7:1.9.20) with MergeInstrumentationAnalysisTransform
Transforming kotlin-reflect-1.9.20.jar (org.jetbrains.kotlin:kotlin-reflect:1.9.20) with ExternalDependencyInstrumentingArtifactTransform
Transforming kotlin-stdlib-1.9.20.jar (org.jetbrains.kotlin:kotlin-stdlib:1.9.20) with InstrumentationAnalysisTransform
Transforming kotlin-stdlib-1.9.20.jar (org.jetbrains.kotlin:kotlin-stdlib:1.9.20) with MergeInstrumentationAnalysisTransform
Transforming kotlin-stdlib-jdk8-1.9.20.jar (org.jetbrains.kotlin:kotlin-stdlib-jdk8:1.9.20) with InstrumentationAnalysisTransform
Transforming kotlin-stdlib-jdk7-1.9.20.jar (org.jetbrains.kotlin:kotlin-stdlib-jdk7:1.9.20) with ExternalDependencyInstrumentingArtifactTransform
Transforming kotlin-stdlib-jdk8-1.9.20.jar (org.jetbrains.kotlin:kotlin-stdlib-jdk8:1.9.20) with MergeInstrumentationAnalysisTransform
Transforming transform-api-2.0.0-deprecated-use-gradle-api.jar (com.android.tools.build:transform-api:2.0.0-deprecated-use-gradle-api) with InstrumentationAnalysisTransform
Transforming kotlin-stdlib-1.9.20.jar (org.jetbrains.kotlin:kotlin-stdlib:1.9.20) with ExternalDependencyInstrumentingArtifactTransform
Transforming transform-api-2.0.0-deprecated-use-gradle-api.jar (com.android.tools.build:transform-api:2.0.0-deprecated-use-gradle-api) with MergeInstrumentationAnalysisTransform
Transforming kotlin-stdlib-jdk8-1.9.20.jar (org.jetbrains.kotlin:kotlin-stdlib-jdk8:1.9.20) with ExternalDependencyInstrumentingArtifactTransform
Transforming httpmime-4.5.6.jar (org.apache.httpcomponents:httpmime:4.5.6) with InstrumentationAnalysisTransform
Transforming httpmime-4.5.6.jar (org.apache.httpcomponents:httpmime:4.5.6) with MergeInstrumentationAnalysisTransform
Transforming transform-api-2.0.0-deprecated-use-gradle-api.jar (com.android.tools.build:transform-api:2.0.0-deprecated-use-gradle-api) with ExternalDependencyInstrumentingArtifactTransform
Transforming commons-io-2.13.0.jar (commons-io:commons-io:2.13.0) with InstrumentationAnalysisTransform
Transforming commons-io-2.13.0.jar (commons-io:commons-io:2.13.0) with MergeInstrumentationAnalysisTransform
Transforming httpmime-4.5.6.jar (org.apache.httpcomponents:httpmime:4.5.6) with ExternalDependencyInstrumentingArtifactTransform
Transforming asm-commons-9.6.jar (org.ow2.asm:asm-commons:9.6) with InstrumentationAnalysisTransform
Transforming asm-commons-9.6.jar (org.ow2.asm:asm-commons:9.6) with MergeInstrumentationAnalysisTransform
Transforming commons-io-2.13.0.jar (commons-io:commons-io:2.13.0) with ExternalDependencyInstrumentingArtifactTransform
Transforming asm-util-9.6.jar (org.ow2.asm:asm-util:9.6) with InstrumentationAnalysisTransform
Transforming asm-util-9.6.jar (org.ow2.asm:asm-util:9.6) with MergeInstrumentationAnalysisTransform
Transforming asm-commons-9.6.jar (org.ow2.asm:asm-commons:9.6) with ExternalDependencyInstrumentingArtifactTransform
Transforming asm-analysis-9.6.jar (org.ow2.asm:asm-analysis:9.6) with InstrumentationAnalysisTransform
Transforming asm-analysis-9.6.jar (org.ow2.asm:asm-analysis:9.6) with MergeInstrumentationAnalysisTransform
Transforming asm-util-9.6.jar (org.ow2.asm:asm-util:9.6) with ExternalDependencyInstrumentingArtifactTransform
Transforming asm-tree-9.6.jar (org.ow2.asm:asm-tree:9.6) with InstrumentationAnalysisTransform
Transforming asm-tree-9.6.jar (org.ow2.asm:asm-tree:9.6) with MergeInstrumentationAnalysisTransform
Transforming asm-analysis-9.6.jar (org.ow2.asm:asm-analysis:9.6) with ExternalDependencyInstrumentingArtifactTransform
Transforming asm-9.6.jar (org.ow2.asm:asm:9.6) with InstrumentationAnalysisTransform
Transforming asm-9.6.jar (org.ow2.asm:asm:9.6) with MergeInstrumentationAnalysisTransform
Transforming apkzlib-8.7.2.jar (com.android.tools.build:apkzlib:8.7.2) with InstrumentationAnalysisTransform
Transforming asm-tree-9.6.jar (org.ow2.asm:asm-tree:9.6) with ExternalDependencyInstrumentingArtifactTransform
Transforming apkzlib-8.7.2.jar (com.android.tools.build:apkzlib:8.7.2) with MergeInstrumentationAnalysisTransform
Transforming bcpkix-jdk18on-1.77.jar (org.bouncycastle:bcpkix-jdk18on:1.77) with InstrumentationAnalysisTransform
Transforming asm-9.6.jar (org.ow2.asm:asm:9.6) with ExternalDependencyInstrumentingArtifactTransform
Transforming bcpkix-jdk18on-1.77.jar (org.bouncycastle:bcpkix-jdk18on:1.77) with MergeInstrumentationAnalysisTransform
Transforming jaxb-runtime-2.3.2.jar (org.glassfish.jaxb:jaxb-runtime:2.3.2) with InstrumentationAnalysisTransform
Transforming apkzlib-8.7.2.jar (com.android.tools.build:apkzlib:8.7.2) with ExternalDependencyInstrumentingArtifactTransform
Transforming jaxb-runtime-2.3.2.jar (org.glassfish.jaxb:jaxb-runtime:2.3.2) with MergeInstrumentationAnalysisTransform
Transforming jopt-simple-4.9.jar (net.sf.jopt-simple:jopt-simple:4.9) with InstrumentationAnalysisTransform
Transforming bcpkix-jdk18on-1.77.jar (org.bouncycastle:bcpkix-jdk18on:1.77) with ExternalDependencyInstrumentingArtifactTransform
Transforming jopt-simple-4.9.jar (net.sf.jopt-simple:jopt-simple:4.9) with MergeInstrumentationAnalysisTransform
Transforming jaxb-runtime-2.3.2.jar (org.glassfish.jaxb:jaxb-runtime:2.3.2) with ExternalDependencyInstrumentingArtifactTransform
Transforming javapoet-1.10.0.jar (com.squareup:javapoet:1.10.0) with InstrumentationAnalysisTransform
Transforming javapoet-1.10.0.jar (com.squareup:javapoet:1.10.0) with MergeInstrumentationAnalysisTransform
Transforming protobuf-java-util-3.22.3.jar (com.google.protobuf:protobuf-java-util:3.22.3) with InstrumentationAnalysisTransform
Transforming jopt-simple-4.9.jar (net.sf.jopt-simple:jopt-simple:4.9) with ExternalDependencyInstrumentingArtifactTransform
Transforming protobuf-java-util-3.22.3.jar (com.google.protobuf:protobuf-java-util:3.22.3) with MergeInstrumentationAnalysisTransform
Transforming grpc-protobuf-1.57.0.jar (io.grpc:grpc-protobuf:1.57.0) with InstrumentationAnalysisTransform
Transforming grpc-protobuf-1.57.0.jar (io.grpc:grpc-protobuf:1.57.0) with MergeInstrumentationAnalysisTransform
Transforming javapoet-1.10.0.jar (com.squareup:javapoet:1.10.0) with ExternalDependencyInstrumentingArtifactTransform
Transforming protobuf-java-util-3.22.3.jar (com.google.protobuf:protobuf-java-util:3.22.3) with ExternalDependencyInstrumentingArtifactTransform
Transforming tink-1.7.0.jar (com.google.crypto.tink:tink:1.7.0) with InstrumentationAnalysisTransform
Transforming tink-1.7.0.jar (com.google.crypto.tink:tink:1.7.0) with MergeInstrumentationAnalysisTransform
Transforming grpc-protobuf-1.57.0.jar (io.grpc:grpc-protobuf:1.57.0) with ExternalDependencyInstrumentingArtifactTransform
Transforming protos-31.7.2.jar (com.android.tools.analytics-library:protos:31.7.2) with InstrumentationAnalysisTransform
Transforming protos-31.7.2.jar (com.android.tools.analytics-library:protos:31.7.2) with MergeInstrumentationAnalysisTransform
Transforming tink-1.7.0.jar (com.google.crypto.tink:tink:1.7.0) with ExternalDependencyInstrumentingArtifactTransform
Transforming proto-google-common-protos-2.17.0.jar (com.google.api.grpc:proto-google-common-protos:2.17.0) with InstrumentationAnalysisTransform
Transforming protos-31.7.2.jar (com.android.tools.analytics-library:protos:31.7.2) with ExternalDependencyInstrumentingArtifactTransform
Transforming proto-google-common-protos-2.17.0.jar (com.google.api.grpc:proto-google-common-protos:2.17.0) with MergeInstrumentationAnalysisTransform
Transforming protobuf-java-3.22.3.jar (com.google.protobuf:protobuf-java:3.22.3) with InstrumentationAnalysisTransform
Transforming protobuf-java-3.22.3.jar (com.google.protobuf:protobuf-java:3.22.3) with MergeInstrumentationAnalysisTransform
Transforming grpc-netty-1.57.0.jar (io.grpc:grpc-netty:1.57.0) with InstrumentationAnalysisTransform
Transforming proto-google-common-protos-2.17.0.jar (com.google.api.grpc:proto-google-common-protos:2.17.0) with ExternalDependencyInstrumentingArtifactTransform
Transforming grpc-netty-1.57.0.jar (io.grpc:grpc-netty:1.57.0) with MergeInstrumentationAnalysisTransform
Transforming grpc-core-1.57.0.jar (io.grpc:grpc-core:1.57.0) with InstrumentationAnalysisTransform
Transforming grpc-core-1.57.0.jar (io.grpc:grpc-core:1.57.0) with MergeInstrumentationAnalysisTransform
Transforming grpc-netty-1.57.0.jar (io.grpc:grpc-netty:1.57.0) with ExternalDependencyInstrumentingArtifactTransform
Transforming protobuf-java-3.22.3.jar (com.google.protobuf:protobuf-java:3.22.3) with ExternalDependencyInstrumentingArtifactTransform
Transforming gson-2.10.1.jar (com.google.code.gson:gson:2.10.1) with InstrumentationAnalysisTransform
Transforming grpc-core-1.57.0.jar (io.grpc:grpc-core:1.57.0) with ExternalDependencyInstrumentingArtifactTransform
Transforming gson-2.10.1.jar (com.google.code.gson:gson:2.10.1) with MergeInstrumentationAnalysisTransform
Transforming grpc-stub-1.57.0.jar (io.grpc:grpc-stub:1.57.0) with InstrumentationAnalysisTransform
Transforming grpc-stub-1.57.0.jar (io.grpc:grpc-stub:1.57.0) with MergeInstrumentationAnalysisTransform
Transforming core-proto-0.0.9-alpha02.jar (com.google.testing.platform:core-proto:0.0.9-alpha02) with InstrumentationAnalysisTransform
Transforming gson-2.10.1.jar (com.google.code.gson:gson:2.10.1) with ExternalDependencyInstrumentingArtifactTransform
Transforming core-proto-0.0.9-alpha02.jar (com.google.testing.platform:core-proto:0.0.9-alpha02) with MergeInstrumentationAnalysisTransform
Transforming grpc-stub-1.57.0.jar (io.grpc:grpc-stub:1.57.0) with ExternalDependencyInstrumentingArtifactTransform
Transforming tensorflow-lite-metadata-0.1.0-rc2.jar (org.tensorflow:tensorflow-lite-metadata:0.1.0-rc2) with InstrumentationAnalysisTransform
Transforming tensorflow-lite-metadata-0.1.0-rc2.jar (org.tensorflow:tensorflow-lite-metadata:0.1.0-rc2) with MergeInstrumentationAnalysisTransform
Transforming core-proto-0.0.9-alpha02.jar (com.google.testing.platform:core-proto:0.0.9-alpha02) with ExternalDependencyInstrumentingArtifactTransform
Transforming flatbuffers-java-1.12.0.jar (com.google.flatbuffers:flatbuffers-java:1.12.0) with InstrumentationAnalysisTransform
Transforming flatbuffers-java-1.12.0.jar (com.google.flatbuffers:flatbuffers-java:1.12.0) with MergeInstrumentationAnalysisTransform
Transforming tensorflow-lite-metadata-0.1.0-rc2.jar (org.tensorflow:tensorflow-lite-metadata:0.1.0-rc2) with ExternalDependencyInstrumentingArtifactTransform
Transforming jimfs-1.1.jar (com.google.jimfs:jimfs:1.1) with InstrumentationAnalysisTransform
Transforming jimfs-1.1.jar (com.google.jimfs:jimfs:1.1) with MergeInstrumentationAnalysisTransform
Transforming grpc-context-1.57.0.jar (io.grpc:grpc-context:1.57.0) with InstrumentationAnalysisTransform
Transforming flatbuffers-java-1.12.0.jar (com.google.flatbuffers:flatbuffers-java:1.12.0) with ExternalDependencyInstrumentingArtifactTransform
Transforming grpc-context-1.57.0.jar (io.grpc:grpc-context:1.57.0) with MergeInstrumentationAnalysisTransform
Transforming grpc-protobuf-lite-1.57.0.jar (io.grpc:grpc-protobuf-lite:1.57.0) with InstrumentationAnalysisTransform
Transforming jimfs-1.1.jar (com.google.jimfs:jimfs:1.1) with ExternalDependencyInstrumentingArtifactTransform
Transforming grpc-protobuf-lite-1.57.0.jar (io.grpc:grpc-protobuf-lite:1.57.0) with MergeInstrumentationAnalysisTransform
Transforming grpc-api-1.57.0.jar (io.grpc:grpc-api:1.57.0) with InstrumentationAnalysisTransform
Transforming grpc-context-1.57.0.jar (io.grpc:grpc-context:1.57.0) with ExternalDependencyInstrumentingArtifactTransform
Transforming grpc-api-1.57.0.jar (io.grpc:grpc-api:1.57.0) with MergeInstrumentationAnalysisTransform
Transforming grpc-protobuf-lite-1.57.0.jar (io.grpc:grpc-protobuf-lite:1.57.0) with ExternalDependencyInstrumentingArtifactTransform
Transforming guava-32.0.1-jre.jar (com.google.guava:guava:32.0.1-jre) with InstrumentationAnalysisTransform
Transforming grpc-api-1.57.0.jar (io.grpc:grpc-api:1.57.0) with ExternalDependencyInstrumentingArtifactTransform
Transforming guava-32.0.1-jre.jar (com.google.guava:guava:32.0.1-jre) with MergeInstrumentationAnalysisTransform
Transforming dagger-2.28.3.jar (com.google.dagger:dagger:2.28.3) with InstrumentationAnalysisTransform
Transforming dagger-2.28.3.jar (com.google.dagger:dagger:2.28.3) with MergeInstrumentationAnalysisTransform
Transforming javax.inject-1.jar (javax.inject:javax.inject:1) with InstrumentationAnalysisTransform
Transforming guava-32.0.1-jre.jar (com.google.guava:guava:32.0.1-jre) with ExternalDependencyInstrumentingArtifactTransform
Transforming javax.inject-1.jar (javax.inject:javax.inject:1) with MergeInstrumentationAnalysisTransform
Transforming dagger-2.28.3.jar (com.google.dagger:dagger:2.28.3) with ExternalDependencyInstrumentingArtifactTransform
Transforming kxml2-2.3.0.jar (net.sf.kxml:kxml2:2.3.0) with InstrumentationAnalysisTransform
Transforming javax.inject-1.jar (javax.inject:javax.inject:1) with ExternalDependencyInstrumentingArtifactTransform
Transforming kxml2-2.3.0.jar (net.sf.kxml:kxml2:2.3.0) with MergeInstrumentationAnalysisTransform
Transforming bcutil-jdk18on-1.77.jar (org.bouncycastle:bcutil-jdk18on:1.77) with InstrumentationAnalysisTransform
Transforming bcutil-jdk18on-1.77.jar (org.bouncycastle:bcutil-jdk18on:1.77) with MergeInstrumentationAnalysisTransform
Transforming bcprov-jdk18on-1.77.jar (org.bouncycastle:bcprov-jdk18on:1.77) with InstrumentationAnalysisTransform
Transforming kxml2-2.3.0.jar (net.sf.kxml:kxml2:2.3.0) with ExternalDependencyInstrumentingArtifactTransform
Transforming bcprov-jdk18on-1.77.jar (org.bouncycastle:bcprov-jdk18on:1.77) with MergeInstrumentationAnalysisTransform
Transforming trove4j-1.0.20200330.jar (org.jetbrains.intellij.deps:trove4j:1.0.20200330) with InstrumentationAnalysisTransform
Transforming bcutil-jdk18on-1.77.jar (org.bouncycastle:bcutil-jdk18on:1.77) with ExternalDependencyInstrumentingArtifactTransform
Transforming trove4j-1.0.20200330.jar (org.jetbrains.intellij.deps:trove4j:1.0.20200330) with MergeInstrumentationAnalysisTransform
Transforming commons-compress-1.21.jar (org.apache.commons:commons-compress:1.21) with InstrumentationAnalysisTransform
Transforming bcprov-jdk18on-1.77.jar (org.bouncycastle:bcprov-jdk18on:1.77) with ExternalDependencyInstrumentingArtifactTransform
Transforming commons-compress-1.21.jar (org.apache.commons:commons-compress:1.21) with MergeInstrumentationAnalysisTransform
Transforming httpclient-4.5.14.jar (org.apache.httpcomponents:httpclient:4.5.14) with InstrumentationAnalysisTransform
Transforming trove4j-1.0.20200330.jar (org.jetbrains.intellij.deps:trove4j:1.0.20200330) with ExternalDependencyInstrumentingArtifactTransform
Transforming httpclient-4.5.14.jar (org.apache.httpcomponents:httpclient:4.5.14) with MergeInstrumentationAnalysisTransform
Transforming httpcore-4.4.16.jar (org.apache.httpcomponents:httpcore:4.4.16) with InstrumentationAnalysisTransform
Transforming commons-compress-1.21.jar (org.apache.commons:commons-compress:1.21) with ExternalDependencyInstrumentingArtifactTransform
Transforming httpcore-4.4.16.jar (org.apache.httpcomponents:httpcore:4.4.16) with MergeInstrumentationAnalysisTransform
Transforming httpclient-4.5.14.jar (org.apache.httpcomponents:httpclient:4.5.14) with ExternalDependencyInstrumentingArtifactTransform
Transforming javax.activation-1.2.0.jar (com.sun.activation:javax.activation:1.2.0) with InstrumentationAnalysisTransform
Transforming httpcore-4.4.16.jar (org.apache.httpcomponents:httpcore:4.4.16) with ExternalDependencyInstrumentingArtifactTransform
Transforming javax.activation-1.2.0.jar (com.sun.activation:javax.activation:1.2.0) with MergeInstrumentationAnalysisTransform
Transforming annotations-23.0.0.jar (org.jetbrains:annotations:23.0.0) with InstrumentationAnalysisTransform
Transforming annotations-23.0.0.jar (org.jetbrains:annotations:23.0.0) with MergeInstrumentationAnalysisTransform
Transforming signflinger-8.7.2.jar (com.android:signflinger:8.7.2) with InstrumentationAnalysisTransform
Transforming javax.activation-1.2.0.jar (com.sun.activation:javax.activation:1.2.0) with ExternalDependencyInstrumentingArtifactTransform
Transforming signflinger-8.7.2.jar (com.android:signflinger:8.7.2) with MergeInstrumentationAnalysisTransform
Transforming annotations-23.0.0.jar (org.jetbrains:annotations:23.0.0) with ExternalDependencyInstrumentingArtifactTransform
Transforming zipflinger-8.7.2.jar (com.android:zipflinger:8.7.2) with InstrumentationAnalysisTransform
Transforming zipflinger-8.7.2.jar (com.android:zipflinger:8.7.2) with MergeInstrumentationAnalysisTransform
Transforming signflinger-8.7.2.jar (com.android:signflinger:8.7.2) with ExternalDependencyInstrumentingArtifactTransform
Transforming annotations-31.7.2.jar (com.android.tools:annotations:31.7.2) with InstrumentationAnalysisTransform
Transforming annotations-31.7.2.jar (com.android.tools:annotations:31.7.2) with MergeInstrumentationAnalysisTransform
Transforming jna-platform-5.6.0.jar (net.java.dev.jna:jna-platform:5.6.0) with InstrumentationAnalysisTransform
Transforming zipflinger-8.7.2.jar (com.android:zipflinger:8.7.2) with ExternalDependencyInstrumentingArtifactTransform
Transforming jna-platform-5.6.0.jar (net.java.dev.jna:jna-platform:5.6.0) with MergeInstrumentationAnalysisTransform
Transforming juniversalchardet-1.0.3.jar (com.googlecode.juniversalchardet:juniversalchardet:1.0.3) with InstrumentationAnalysisTransform
Transforming annotations-31.7.2.jar (com.android.tools:annotations:31.7.2) with ExternalDependencyInstrumentingArtifactTransform
Transforming juniversalchardet-1.0.3.jar (com.googlecode.juniversalchardet:juniversalchardet:1.0.3) with MergeInstrumentationAnalysisTransform
Transforming jna-platform-5.6.0.jar (net.java.dev.jna:jna-platform:5.6.0) with ExternalDependencyInstrumentingArtifactTransform
Transforming javax.annotation-api-1.3.2.jar (javax.annotation:javax.annotation-api:1.3.2) with InstrumentationAnalysisTransform
Transforming javax.annotation-api-1.3.2.jar (javax.annotation:javax.annotation-api:1.3.2) with MergeInstrumentationAnalysisTransform
Transforming juniversalchardet-1.0.3.jar (com.googlecode.juniversalchardet:juniversalchardet:1.0.3) with ExternalDependencyInstrumentingArtifactTransform
Transforming stax-ex-1.8.1.jar (org.jvnet.staxex:stax-ex:1.8.1) with InstrumentationAnalysisTransform
Transforming stax-ex-1.8.1.jar (org.jvnet.staxex:stax-ex:1.8.1) with MergeInstrumentationAnalysisTransform
Transforming jakarta.xml.bind-api-2.3.2.jar (jakarta.xml.bind:jakarta.xml.bind-api:2.3.2) with InstrumentationAnalysisTransform
Transforming javax.annotation-api-1.3.2.jar (javax.annotation:javax.annotation-api:1.3.2) with ExternalDependencyInstrumentingArtifactTransform
Transforming jakarta.xml.bind-api-2.3.2.jar (jakarta.xml.bind:jakarta.xml.bind-api:2.3.2) with MergeInstrumentationAnalysisTransform
Transforming txw2-2.3.2.jar (org.glassfish.jaxb:txw2:2.3.2) with InstrumentationAnalysisTransform
Transforming stax-ex-1.8.1.jar (org.jvnet.staxex:stax-ex:1.8.1) with ExternalDependencyInstrumentingArtifactTransform
Transforming txw2-2.3.2.jar (org.glassfish.jaxb:txw2:2.3.2) with MergeInstrumentationAnalysisTransform
Transforming istack-commons-runtime-3.0.8.jar (com.sun.istack:istack-commons-runtime:3.0.8) with InstrumentationAnalysisTransform
Transforming jakarta.xml.bind-api-2.3.2.jar (jakarta.xml.bind:jakarta.xml.bind-api:2.3.2) with ExternalDependencyInstrumentingArtifactTransform
Transforming istack-commons-runtime-3.0.8.jar (com.sun.istack:istack-commons-runtime:3.0.8) with MergeInstrumentationAnalysisTransform
Transforming FastInfoset-1.2.16.jar (com.sun.xml.fastinfoset:FastInfoset:1.2.16) with InstrumentationAnalysisTransform
Transforming txw2-2.3.2.jar (org.glassfish.jaxb:txw2:2.3.2) with ExternalDependencyInstrumentingArtifactTransform
Transforming FastInfoset-1.2.16.jar (com.sun.xml.fastinfoset:FastInfoset:1.2.16) with MergeInstrumentationAnalysisTransform
Transforming jakarta.activation-api-1.2.1.jar (jakarta.activation:jakarta.activation-api:1.2.1) with InstrumentationAnalysisTransform
Transforming istack-commons-runtime-3.0.8.jar (com.sun.istack:istack-commons-runtime:3.0.8) with ExternalDependencyInstrumentingArtifactTransform
Transforming jakarta.activation-api-1.2.1.jar (jakarta.activation:jakarta.activation-api:1.2.1) with MergeInstrumentationAnalysisTransform
Transforming auto-value-annotations-1.6.2.jar (com.google.auto.value:auto-value-annotations:1.6.2) with InstrumentationAnalysisTransform
Transforming FastInfoset-1.2.16.jar (com.sun.xml.fastinfoset:FastInfoset:1.2.16) with ExternalDependencyInstrumentingArtifactTransform
Transforming auto-value-annotations-1.6.2.jar (com.google.auto.value:auto-value-annotations:1.6.2) with MergeInstrumentationAnalysisTransform
Transforming error_prone_annotations-2.18.0.jar (com.google.errorprone:error_prone_annotations:2.18.0) with InstrumentationAnalysisTransform
Transforming jakarta.activation-api-1.2.1.jar (jakarta.activation:jakarta.activation-api:1.2.1) with ExternalDependencyInstrumentingArtifactTransform
Transforming auto-value-annotations-1.6.2.jar (com.google.auto.value:auto-value-annotations:1.6.2) with ExternalDependencyInstrumentingArtifactTransform
Transforming error_prone_annotations-2.18.0.jar (com.google.errorprone:error_prone_annotations:2.18.0) with MergeInstrumentationAnalysisTransform
Transforming jose4j-0.9.5.jar (org.bitbucket.b_c:jose4j:0.9.5) with InstrumentationAnalysisTransform
Transforming jose4j-0.9.5.jar (org.bitbucket.b_c:jose4j:0.9.5) with MergeInstrumentationAnalysisTransform
Transforming slf4j-api-1.7.30.jar (org.slf4j:slf4j-api:1.7.30) with InstrumentationAnalysisTransform
Transforming error_prone_annotations-2.18.0.jar (com.google.errorprone:error_prone_annotations:2.18.0) with ExternalDependencyInstrumentingArtifactTransform
Transforming slf4j-api-1.7.30.jar (org.slf4j:slf4j-api:1.7.30) with MergeInstrumentationAnalysisTransform
Transforming jdom2-2.0.6.jar (org.jdom:jdom2:2.0.6) with InstrumentationAnalysisTransform
Transforming jose4j-0.9.5.jar (org.bitbucket.b_c:jose4j:0.9.5) with ExternalDependencyInstrumentingArtifactTransform
Transforming jdom2-2.0.6.jar (org.jdom:jdom2:2.0.6) with MergeInstrumentationAnalysisTransform
Transforming jsr305-3.0.2.jar (com.google.code.findbugs:jsr305:3.0.2) with InstrumentationAnalysisTransform
Transforming slf4j-api-1.7.30.jar (org.slf4j:slf4j-api:1.7.30) with ExternalDependencyInstrumentingArtifactTransform
Transforming jsr305-3.0.2.jar (com.google.code.findbugs:jsr305:3.0.2) with MergeInstrumentationAnalysisTransform
Transforming j2objc-annotations-2.8.jar (com.google.j2objc:j2objc-annotations:2.8) with InstrumentationAnalysisTransform
Transforming jdom2-2.0.6.jar (org.jdom:jdom2:2.0.6) with ExternalDependencyInstrumentingArtifactTransform
Transforming j2objc-annotations-2.8.jar (com.google.j2objc:j2objc-annotations:2.8) with MergeInstrumentationAnalysisTransform
Transforming annotations-4.1.1.4.jar (com.google.android:annotations:4.1.1.4) with InstrumentationAnalysisTransform
Transforming jsr305-3.0.2.jar (com.google.code.findbugs:jsr305:3.0.2) with ExternalDependencyInstrumentingArtifactTransform
Transforming annotations-4.1.1.4.jar (com.google.android:annotations:4.1.1.4) with MergeInstrumentationAnalysisTransform
Transforming animal-sniffer-annotations-1.23.jar (org.codehaus.mojo:animal-sniffer-annotations:1.23) with InstrumentationAnalysisTransform
Transforming j2objc-annotations-2.8.jar (com.google.j2objc:j2objc-annotations:2.8) with ExternalDependencyInstrumentingArtifactTransform
Transforming animal-sniffer-annotations-1.23.jar (org.codehaus.mojo:animal-sniffer-annotations:1.23) with MergeInstrumentationAnalysisTransform
Transforming perfmark-api-0.26.0.jar (io.perfmark:perfmark-api:0.26.0) with InstrumentationAnalysisTransform
Transforming perfmark-api-0.26.0.jar (io.perfmark:perfmark-api:0.26.0) with MergeInstrumentationAnalysisTransform
Transforming annotations-4.1.1.4.jar (com.google.android:annotations:4.1.1.4) with ExternalDependencyInstrumentingArtifactTransform
Transforming animal-sniffer-annotations-1.23.jar (org.codehaus.mojo:animal-sniffer-annotations:1.23) with ExternalDependencyInstrumentingArtifactTransform
Transforming netty-codec-http2-4.1.93.Final.jar (io.netty:netty-codec-http2:4.1.93.Final) with InstrumentationAnalysisTransform
Transforming perfmark-api-0.26.0.jar (io.perfmark:perfmark-api:0.26.0) with ExternalDependencyInstrumentingArtifactTransform
Transforming netty-codec-http2-4.1.93.Final.jar (io.netty:netty-codec-http2:4.1.93.Final) with MergeInstrumentationAnalysisTransform
Transforming netty-handler-proxy-4.1.93.Final.jar (io.netty:netty-handler-proxy:4.1.93.Final) with InstrumentationAnalysisTransform
Transforming netty-handler-proxy-4.1.93.Final.jar (io.netty:netty-handler-proxy:4.1.93.Final) with MergeInstrumentationAnalysisTransform
Transforming netty-codec-http-4.1.93.Final.jar (io.netty:netty-codec-http:4.1.93.Final) with InstrumentationAnalysisTransform
Transforming netty-codec-http-4.1.93.Final.jar (io.netty:netty-codec-http:4.1.93.Final) with MergeInstrumentationAnalysisTransform
Transforming netty-codec-http2-4.1.93.Final.jar (io.netty:netty-codec-http2:4.1.93.Final) with ExternalDependencyInstrumentingArtifactTransform
Transforming netty-handler-proxy-4.1.93.Final.jar (io.netty:netty-handler-proxy:4.1.93.Final) with ExternalDependencyInstrumentingArtifactTransform
Transforming netty-handler-4.1.93.Final.jar (io.netty:netty-handler:4.1.93.Final) with InstrumentationAnalysisTransform
Transforming netty-handler-4.1.93.Final.jar (io.netty:netty-handler:4.1.93.Final) with MergeInstrumentationAnalysisTransform
Transforming netty-codec-http-4.1.93.Final.jar (io.netty:netty-codec-http:4.1.93.Final) with ExternalDependencyInstrumentingArtifactTransform
Transforming netty-transport-native-unix-common-4.1.93.Final.jar (io.netty:netty-transport-native-unix-common:4.1.93.Final) with InstrumentationAnalysisTransform
Transforming netty-transport-native-unix-common-4.1.93.Final.jar (io.netty:netty-transport-native-unix-common:4.1.93.Final) with MergeInstrumentationAnalysisTransform
Transforming netty-handler-4.1.93.Final.jar (io.netty:netty-handler:4.1.93.Final) with ExternalDependencyInstrumentingArtifactTransform
Transforming checker-qual-3.33.0.jar (org.checkerframework:checker-qual:3.33.0) with InstrumentationAnalysisTransform
Transforming checker-qual-3.33.0.jar (org.checkerframework:checker-qual:3.33.0) with MergeInstrumentationAnalysisTransform
Transforming commons-codec-1.11.jar (commons-codec:commons-codec:1.11) with InstrumentationAnalysisTransform
Transforming netty-transport-native-unix-common-4.1.93.Final.jar (io.netty:netty-transport-native-unix-common:4.1.93.Final) with ExternalDependencyInstrumentingArtifactTransform
Transforming commons-codec-1.11.jar (commons-codec:commons-codec:1.11) with MergeInstrumentationAnalysisTransform
Transforming apksig-8.7.2.jar (com.android.tools.build:apksig:8.7.2) with InstrumentationAnalysisTransform
Transforming checker-qual-3.33.0.jar (org.checkerframework:checker-qual:3.33.0) with ExternalDependencyInstrumentingArtifactTransform
Transforming apksig-8.7.2.jar (com.android.tools.build:apksig:8.7.2) with MergeInstrumentationAnalysisTransform
Transforming commons-codec-1.11.jar (commons-codec:commons-codec:1.11) with ExternalDependencyInstrumentingArtifactTransform
Transforming javawriter-2.5.0.jar (com.squareup:javawriter:2.5.0) with InstrumentationAnalysisTransform
Transforming javawriter-2.5.0.jar (com.squareup:javawriter:2.5.0) with MergeInstrumentationAnalysisTransform
Transforming apksig-8.7.2.jar (com.android.tools.build:apksig:8.7.2) with ExternalDependencyInstrumentingArtifactTransform
Transforming failureaccess-1.0.1.jar (com.google.guava:failureaccess:1.0.1) with InstrumentationAnalysisTransform
Transforming failureaccess-1.0.1.jar (com.google.guava:failureaccess:1.0.1) with MergeInstrumentationAnalysisTransform
Transforming javawriter-2.5.0.jar (com.squareup:javawriter:2.5.0) with ExternalDependencyInstrumentingArtifactTransform
Transforming listenablefuture-9999.0-empty-to-avoid-conflict-with-guava.jar (com.google.guava:listenablefuture:9999.0-empty-to-avoid-conflict-with-guava) with InstrumentationAnalysisTransform
Transforming listenablefuture-9999.0-empty-to-avoid-conflict-with-guava.jar (com.google.guava:listenablefuture:9999.0-empty-to-avoid-conflict-with-guava) with MergeInstrumentationAnalysisTransform
Transforming failureaccess-1.0.1.jar (com.google.guava:failureaccess:1.0.1) with ExternalDependencyInstrumentingArtifactTransform
Transforming commons-logging-1.2.jar (commons-logging:commons-logging:1.2) with InstrumentationAnalysisTransform
Transforming commons-logging-1.2.jar (commons-logging:commons-logging:1.2) with MergeInstrumentationAnalysisTransform
Transforming jna-5.6.0.jar (net.java.dev.jna:jna:5.6.0) with InstrumentationAnalysisTransform
Transforming listenablefuture-9999.0-empty-to-avoid-conflict-with-guava.jar (com.google.guava:listenablefuture:9999.0-empty-to-avoid-conflict-with-guava) with ExternalDependencyInstrumentingArtifactTransform
Transforming jna-5.6.0.jar (net.java.dev.jna:jna:5.6.0) with MergeInstrumentationAnalysisTransform
Transforming netty-codec-socks-4.1.93.Final.jar (io.netty:netty-codec-socks:4.1.93.Final) with InstrumentationAnalysisTransform
Transforming netty-codec-socks-4.1.93.Final.jar (io.netty:netty-codec-socks:4.1.93.Final) with MergeInstrumentationAnalysisTransform
Transforming netty-codec-4.1.93.Final.jar (io.netty:netty-codec:4.1.93.Final) with InstrumentationAnalysisTransform
Transforming jna-5.6.0.jar (net.java.dev.jna:jna:5.6.0) with ExternalDependencyInstrumentingArtifactTransform
Transforming commons-logging-1.2.jar (commons-logging:commons-logging:1.2) with ExternalDependencyInstrumentingArtifactTransform
Transforming netty-codec-4.1.93.Final.jar (io.netty:netty-codec:4.1.93.Final) with MergeInstrumentationAnalysisTransform
Transforming netty-codec-socks-4.1.93.Final.jar (io.netty:netty-codec-socks:4.1.93.Final) with ExternalDependencyInstrumentingArtifactTransform
Transforming netty-transport-4.1.93.Final.jar (io.netty:netty-transport:4.1.93.Final) with InstrumentationAnalysisTransform
Transforming netty-transport-4.1.93.Final.jar (io.netty:netty-transport:4.1.93.Final) with MergeInstrumentationAnalysisTransform
Transforming netty-codec-4.1.93.Final.jar (io.netty:netty-codec:4.1.93.Final) with ExternalDependencyInstrumentingArtifactTransform
Transforming netty-buffer-4.1.93.Final.jar (io.netty:netty-buffer:4.1.93.Final) with InstrumentationAnalysisTransform
Transforming netty-buffer-4.1.93.Final.jar (io.netty:netty-buffer:4.1.93.Final) with MergeInstrumentationAnalysisTransform
Transforming netty-transport-4.1.93.Final.jar (io.netty:netty-transport:4.1.93.Final) with ExternalDependencyInstrumentingArtifactTransform
Transforming netty-resolver-4.1.93.Final.jar (io.netty:netty-resolver:4.1.93.Final) with InstrumentationAnalysisTransform
Transforming netty-resolver-4.1.93.Final.jar (io.netty:netty-resolver:4.1.93.Final) with MergeInstrumentationAnalysisTransform
Transforming netty-common-4.1.93.Final.jar (io.netty:netty-common:4.1.93.Final) with InstrumentationAnalysisTransform
Transforming netty-buffer-4.1.93.Final.jar (io.netty:netty-buffer:4.1.93.Final) with ExternalDependencyInstrumentingArtifactTransform
Transforming netty-common-4.1.93.Final.jar (io.netty:netty-common:4.1.93.Final) with MergeInstrumentationAnalysisTransform
Transforming netty-resolver-4.1.93.Final.jar (io.netty:netty-resolver:4.1.93.Final) with ExternalDependencyInstrumentingArtifactTransform
Transforming netty-common-4.1.93.Final.jar (io.netty:netty-common:4.1.93.Final) with ExternalDependencyInstrumentingArtifactTransform
Using default execution profile
All projects evaluated.
Task name matched 'clean'
Task path ':capacitor-android:compileReleaseJavaWithJavac' matched project ':capacitor-android'
Task name matched 'compileReleaseJavaWithJavac'
Selected primary task 'clean' from project :
Selected primary task 'compileReleaseJavaWithJavac' from project :capacitor-android
Tasks to be executed: [task ':clean', task ':app:clean', task ':capacitor-android:clean', task ':capacitor-app:clean', task ':capacitor-community-admob:clean', task ':capacitor-cordova-android-plugins:clean', task ':capacitor-status-bar:clean', task ':capacitor-android:preBuild', task ':capacitor-android:preReleaseBuild', task ':capacitor-android:generateReleaseResValues', task ':capacitor-android:generateReleaseResources', task ':capacitor-android:packageReleaseResources', task ':capacitor-android:parseReleaseLocalResources', task ':capacitor-android:generateReleaseRFile', task ':capacitor-android:javaPreCompileRelease', task ':capacitor-android:compileReleaseJavaWithJavac']
Tasks that were excluded: []
Resolve mutations for :clean (Thread[Execution worker,5,main]) started.
:clean (Thread[Execution worker,5,main]) started.

> Task :clean
Caching disabled for task ':clean' because:
  Build cache is disabled
Task ':clean' is not up-to-date because:
  Task has not declared any outputs despite executing actions.
Resolve mutations for :app:clean (Thread[Execution worker,5,main]) started.
:app:clean (Thread[Execution worker,5,main]) started.

> Task :app:clean
Caching disabled for task ':app:clean' because:
  Build cache is disabled
Task ':app:clean' is not up-to-date because:
  Task has not declared any outputs despite executing actions.
Resolve mutations for :capacitor-android:clean (Thread[Execution worker,5,main]) started.
:capacitor-android:clean (Thread[Execution worker,5,main]) started.

> Task :capacitor-android:clean
Caching disabled for task ':capacitor-android:clean' because:
  Build cache is disabled
Task ':capacitor-android:clean' is not up-to-date because:
  Task has not declared any outputs despite executing actions.
Resolve mutations for :capacitor-app:clean (Thread[Execution worker,5,main]) started.
:capacitor-app:clean (Thread[Execution worker,5,main]) started.

> Task :capacitor-app:clean
Caching disabled for task ':capacitor-app:clean' because:
  Build cache is disabled
Task ':capacitor-app:clean' is not up-to-date because:
  Task has not declared any outputs despite executing actions.
Resolve mutations for :capacitor-community-admob:clean (Thread[Execution worker,5,main]) started.
:capacitor-community-admob:clean (Thread[Execution worker,5,main]) started.

> Task :capacitor-community-admob:clean
Caching disabled for task ':capacitor-community-admob:clean' because:
  Build cache is disabled
Task ':capacitor-community-admob:clean' is not up-to-date because:
  Task has not declared any outputs despite executing actions.
Resolve mutations for :capacitor-cordova-android-plugins:clean (Thread[Execution worker,5,main]) started.
:capacitor-cordova-android-plugins:clean (Thread[Execution worker,5,main]) started.

> Task :capacitor-cordova-android-plugins:clean
Caching disabled for task ':capacitor-cordova-android-plugins:clean' because:
  Build cache is disabled
Task ':capacitor-cordova-android-plugins:clean' is not up-to-date because:
  Task has not declared any outputs despite executing actions.
Resolve mutations for :capacitor-status-bar:clean (Thread[Execution worker,5,main]) started.
:capacitor-status-bar:clean (Thread[Execution worker,5,main]) started.
destroyer locations for task group 0 (Thread[included builds,5,main]) started.

> Task :capacitor-status-bar:clean
Caching disabled for task ':capacitor-status-bar:clean' because:
  Build cache is disabled
Task ':capacitor-status-bar:clean' is not up-to-date because:
  Task has not declared any outputs despite executing actions.
Resolve mutations for :capacitor-android:preBuild (Thread[Execution worker,5,main]) started.
:capacitor-android:preBuild (Thread[Execution worker,5,main]) started.

> Task :capacitor-android:preBuild UP-TO-DATE
Skipping task ':capacitor-android:preBuild' as it has no actions.
Resolve mutations for :capacitor-android:preReleaseBuild (Thread[Execution worker,5,main]) started.
:capacitor-android:preReleaseBuild (Thread[Execution worker,5,main]) started.

> Task :capacitor-android:preReleaseBuild UP-TO-DATE
Skipping task ':capacitor-android:preReleaseBuild' as it has no actions.
Resolve mutations for :capacitor-android:generateReleaseResValues (Thread[Execution worker,5,main]) started.
:capacitor-android:generateReleaseResValues (Thread[Execution worker,5,main]) started.

> Task :capacitor-android:generateReleaseResValues
Caching disabled for task ':capacitor-android:generateReleaseResValues' because:
  Build cache is disabled
Task ':capacitor-android:generateReleaseResValues' is not up-to-date because:
  Output property 'outputDirectory' file C:\Users\tienv\OneDrive\Desktop\MAIMAI_ANDROID\node_modules\@capacitor\android\capacitor\build\generated\res\resValues\release has been removed.
Resolve mutations for :capacitor-android:generateReleaseResources (Thread[Execution worker,5,main]) started.
:capacitor-android:generateReleaseResources (Thread[Execution worker,5,main]) started.

> Task :capacitor-android:generateReleaseResources
Caching disabled for task ':capacitor-android:generateReleaseResources' because:
  Build cache is disabled
Task ':capacitor-android:generateReleaseResources' is not up-to-date because:
  Output property 'validationReportFile' file C:\Users\tienv\OneDrive\Desktop\MAIMAI_ANDROID\node_modules\@capacitor\android\capacitor\build\intermediates\nested_resources_validation_report\release\generateReleaseResources\nestedResourcesValidationReport.txt has been removed.
Resolve mutations for :capacitor-android:packageReleaseResources (Thread[Execution worker,5,main]) started.
:capacitor-android:packageReleaseResources (Thread[Execution worker,5,main]) started.

> Task :capacitor-android:packageReleaseResources
Caching disabled for task ':capacitor-android:packageReleaseResources' because:
  Build cache is disabled
Task ':capacitor-android:packageReleaseResources' is not up-to-date because:
  Output property 'dataBindingLayoutInfoOutFolder' file C:\Users\tienv\OneDrive\Desktop\MAIMAI_ANDROID\node_modules\@capacitor\android\capacitor\build\intermediates\data_binding_layout_info_type_package\release\packageReleaseResources\out has been removed.
  Output property 'generatedPngsOutputDir' file C:\Users\tienv\OneDrive\Desktop\MAIMAI_ANDROID\node_modules\@capacitor\android\capacitor\build\generated\res\pngs\release has been removed.
  Output property 'incrementalFolder' file C:\Users\tienv\OneDrive\Desktop\MAIMAI_ANDROID\node_modules\@capacitor\android\capacitor\build\intermediates\incremental\release\packageReleaseResources has been removed.
  and more...
  and more...
  and more...
  and more...
  and more...
The input changes require a full rebuild for incremental task ':capacitor-android:packageReleaseResources'.
[MergeResources] Inputs are non-incremental full task action.
Resolve mutations for :capacitor-android:parseReleaseLocalResources (Thread[Execution worker,5,main]) started.
:capacitor-android:parseReleaseLocalResources (Thread[Execution worker,5,main]) started.
Resolve mutations for :capacitor-android:javaPreCompileRelease (Thread[Execution worker Thread 10,5,main]) started.
:capacitor-android:javaPreCompileRelease (Thread[Execution worker Thread 10,5,main]) started.

> Task :capacitor-android:javaPreCompileRelease
Caching disabled for task ':capacitor-android:javaPreCompileRelease' because:
  Build cache is disabled
Task ':capacitor-android:javaPreCompileRelease' is not up-to-date because:
  Output property 'annotationProcessorListFile' file C:\Users\tienv\OneDrive\Desktop\MAIMAI_ANDROID\node_modules\@capacitor\android\capacitor\build\intermediates\annotation_processor_list\release\javaPreCompileRelease\annotationProcessors.json has been removed.

> Task :capacitor-android:parseReleaseLocalResources
Transforming android.jar with PlatformAttrTransform
Transforming android.jar with PlatformAttrTransform
Caching disabled for task ':capacitor-android:parseReleaseLocalResources' because:
  Build cache is disabled
Task ':capacitor-android:parseReleaseLocalResources' is not up-to-date because:
  Output property 'librarySymbolsFile' file C:\Users\tienv\OneDrive\Desktop\MAIMAI_ANDROID\node_modules\@capacitor\android\capacitor\build\intermediates\local_only_symbol_list\release\parseReleaseLocalResources\R-def.txt has been removed.
The input changes require a full rebuild for incremental task ':capacitor-android:parseReleaseLocalResources'.
Transforming android.jar with PlatformAttrTransform
Resolve mutations for :capacitor-android:generateReleaseRFile (Thread[Execution worker Thread 10,5,main]) started.
:capacitor-android:generateReleaseRFile (Thread[Execution worker Thread 10,5,main]) started.

> Task :capacitor-android:generateReleaseRFile
Transforming android.jar with PlatformAttrTransform
Caching disabled for task ':capacitor-android:generateReleaseRFile' because:
  Build cache is disabled
Task ':capacitor-android:generateReleaseRFile' is not up-to-date because:
  Output property 'RClassOutputJar' file C:\Users\tienv\OneDrive\Desktop\MAIMAI_ANDROID\node_modules\@capacitor\android\capacitor\build\intermediates\compile_r_class_jar\release\generateReleaseRFile\R.jar has been removed.
  Output property 'symbolsWithPackageNameOutputFile' file C:\Users\tienv\OneDrive\Desktop\MAIMAI_ANDROID\node_modules\@capacitor\android\capacitor\build\intermediates\symbol_list_with_package_name\release\generateReleaseRFile\package-aware-r.txt has been removed.
  Output property 'textSymbolOutputFileProperty' file C:\Users\tienv\OneDrive\Desktop\MAIMAI_ANDROID\node_modules\@capacitor\android\capacitor\build\intermediates\compile_symbol_list\release\generateReleaseRFile\R.txt has been removed.
The input changes require a full rebuild for incremental task ':capacitor-android:generateReleaseRFile'.
Resolve mutations for :capacitor-android:compileReleaseJavaWithJavac (Thread[Execution worker Thread 10,5,main]) started.
:capacitor-android:compileReleaseJavaWithJavac (Thread[Execution worker Thread 10,5,main]) started.

> Task :capacitor-android:compileReleaseJavaWithJavac FAILED
file or directory 'C:\Users\tienv\OneDrive\Desktop\MAIMAI_ANDROID\node_modules\@capacitor\android\capacitor\libs', not found
Transforming appcompat-1.7.0.aar (androidx.appcompat:appcompat:1.7.0) with AarToClassTransform
Transforming appcompat-resources-1.7.0.aar (androidx.appcompat:appcompat-resources:1.7.0) with AarToClassTransform
Transforming fragment-1.8.4.aar (androidx.fragment:fragment:1.8.4) with AarToClassTransform
Transforming activity-1.9.2.aar (androidx.activity:activity:1.9.2) with AarToClassTransform
Transforming webkit-1.12.1.aar (androidx.webkit:webkit:1.12.1) with AarToClassTransform
Transforming coordinatorlayout-1.2.0.aar (androidx.coordinatorlayout:coordinatorlayout:1.2.0) with AarToClassTransform
Transforming drawerlayout-1.0.0.aar (androidx.drawerlayout:drawerlayout:1.0.0) with AarToClassTransform
Transforming loader-1.0.0.aar (androidx.loader:loader:1.0.0) with AarToClassTransform
Transforming lifecycle-livedata-2.6.2.aar (androidx.lifecycle:lifecycle-livedata:2.6.2) with AarToClassTransform
Transforming lifecycle-common-2.6.2.jar (androidx.lifecycle:lifecycle-common:2.6.2) with IdentityTransform
Transforming lifecycle-livedata-core-2.6.2.aar (androidx.lifecycle:lifecycle-livedata-core:2.6.2) with AarToClassTransform
Transforming lifecycle-viewmodel-2.6.2.aar (androidx.lifecycle:lifecycle-viewmodel:2.6.2) with AarToClassTransform
Transforming lifecycle-viewmodel-savedstate-2.6.2.aar (androidx.lifecycle:lifecycle-viewmodel-savedstate:2.6.2) with AarToClassTransform
Transforming lifecycle-runtime-2.6.2.aar (androidx.lifecycle:lifecycle-runtime:2.6.2) with AarToClassTransform
Transforming lifecycle-viewmodel-2.6.2.aar (androidx.lifecycle:lifecycle-viewmodel:2.6.2) with AarToClassTransform
Transforming core-ktx-1.15.0.aar (androidx.core:core-ktx:1.15.0) with AarToClassTransform
Transforming viewpager-1.0.0.aar (androidx.viewpager:viewpager:1.0.0) with AarToClassTransform
Transforming customview-1.0.0.aar (androidx.customview:customview:1.0.0) with AarToClassTransform
Transforming customview-1.0.0.aar (androidx.customview:customview:1.0.0) with AarToClassTransform
Transforming customview-1.0.0.aar (androidx.customview:customview:1.0.0) with AarToClassTransform
Transforming vectordrawable-animated-1.1.0.aar (androidx.vectordrawable:vectordrawable-animated:1.1.0) with AarToClassTransform
Transforming vectordrawable-1.1.0.aar (androidx.vectordrawable:vectordrawable:1.1.0) with AarToClassTransform
Transforming vectordrawable-1.1.0.aar (androidx.vectordrawable:vectordrawable:1.1.0) with AarToClassTransform
Transforming core-1.15.0.aar (androidx.core:core:1.15.0) with AarToClassTransform
Transforming core-1.15.0.aar (androidx.core:core:1.15.0) with AarToClassTransform
Transforming core-1.15.0.aar (androidx.core:core:1.15.0) with AarToClassTransform
Transforming core-1.15.0.aar (androidx.core:core:1.15.0) with AarToClassTransform
Transforming core-1.15.0.aar (androidx.core:core:1.15.0) with AarToClassTransform
Transforming core-1.15.0.aar (androidx.core:core:1.15.0) with AarToClassTransform
Transforming savedstate-1.2.1.aar (androidx.savedstate:savedstate:1.2.1) with AarToClassTransform
Transforming framework-10.1.1.aar (org.apache.cordova:framework:10.1.1) with AarToClassTransform
Transforming cursoradapter-1.0.0.aar (androidx.cursoradapter:cursoradapter:1.0.0) with AarToClassTransform
Transforming versionedparcelable-1.1.1.aar (androidx.versionedparcelable:versionedparcelable:1.1.1) with AarToClassTransform
Transforming core-runtime-2.2.0.aar (androidx.arch.core:core-runtime:2.2.0) with AarToClassTransform
Transforming annotation-experimental-1.4.1.aar (androidx.annotation:annotation-experimental:1.4.1) with AarToClassTransform
Transforming core-common-2.2.0.jar (androidx.arch.core:core-common:2.2.0) with IdentityTransform
Transforming collection-jvm-1.4.2.jar (androidx.collection:collection-jvm:1.4.2) with IdentityTransform
Transforming kotlinx-coroutines-core-jvm-1.6.4.jar (org.jetbrains.kotlinx:kotlinx-coroutines-core-jvm:1.6.4) with IdentityTransform
Transforming interpolator-1.0.0.aar (androidx.interpolator:interpolator:1.0.0) with AarToClassTransform
Transforming annotation-jvm-1.8.1.jar (androidx.annotation:annotation-jvm:1.8.1) with IdentityTransform
Transforming kotlinx-coroutines-android-1.6.4.jar (org.jetbrains.kotlinx:kotlinx-coroutines-android:1.6.4) with IdentityTransform
Transforming kotlin-stdlib-jdk8-1.9.25.jar (org.jetbrains.kotlin:kotlin-stdlib-jdk8:1.9.25) with IdentityTransform
Transforming kotlin-stdlib-jdk7-1.9.25.jar (org.jetbrains.kotlin:kotlin-stdlib-jdk7:1.9.25) with IdentityTransform
Transforming kotlin-stdlib-1.9.25.jar (org.jetbrains.kotlin:kotlin-stdlib:1.9.25) with IdentityTransform
Transforming annotations-13.0.jar (org.jetbrains:annotations:13.0) with IdentityTransform
Transforming core-for-system-modules.jar with JdkImageTransform
Transforming core-for-system-modules.jar with JdkImageTransform
Transforming core-for-system-modules.jar with JdkImageTransform
Transforming core-for-system-modules.jar with JdkImageTransform
file or directory 'C:\Users\tienv\OneDrive\Desktop\MAIMAI_ANDROID\node_modules\@capacitor\android\capacitor\libs', not found
Transforming core-for-system-modules.jar with JdkImageTransform
Transforming core-for-system-modules.jar with JdkImageTransform
Custom actions are attached to task ':capacitor-android:compileReleaseJavaWithJavac'.
Caching disabled for task ':capacitor-android:compileReleaseJavaWithJavac' because:
  Build cache is disabled
Task ':capacitor-android:compileReleaseJavaWithJavac' is not up-to-date because:
  Task has failed previously.
The input changes require a full rebuild for incremental task ':capacitor-android:compileReleaseJavaWithJavac'.
Compilation mode: in-process compilation
file or directory 'C:\Users\tienv\OneDrive\Desktop\MAIMAI_ANDROID\node_modules\@capacitor\android\capacitor\libs', not found
Transforming core-for-system-modules.jar with JdkImageTransform
Full recompilation is required because no incremental change information is available. This is usually caused by clean builds or changing compiler arguments.
Compiling with toolchain 'C:\Program Files\Eclipse Adoptium\jdk-17.0.20.101-hotspot'.
file or directory 'C:\Users\tienv\OneDrive\Desktop\MAIMAI_ANDROID\node_modules\@capacitor\android\capacitor\src\release\java', not found
Compiling with JDK Java compiler API.
Build c9ace5a9-7650-4a11-bff2-7810af33ef3a is closed
[Incubating] Problems report is available at: file:///C:/Users/tienv/OneDrive/Desktop/MAIMAI_ANDROID/android/build/reports/problems/problems-report.html
14 actionable tasks: 14 executed
Watched directory hierarchies: []
.\gradlew.bat : 
At C:\Users\tienv\AppData\Local\Temp\ps-script-d716625d-153b-4d4f-9423-b8f5994ae910.ps1:111 char:62
+ ... D\android"; .\gradlew.bat clean :capacitor-android:compileReleaseJava ...
+                 ~~~~~~~~~~~~~~~~~~~~~~~~~~~~~~~~~~~~~~~~~~~~~~~~~~~~~~~~~
    + CategoryInfo          : NotSpecified: (:String) [], RemoteException
    + FullyQualifiedErrorId : NativeCommandError
 
FAILURE: Build failed with an exception.

* What went wrong:
Execution failed for task ':capacitor-android:compileReleaseJavaWithJavac'.
> error: invalid source release: 21

* Try:
> Run with --stacktrace option to get the stack trace.
> Run with --debug option to get more log output.
> Run with --scan to get full insights.
> Get more help at https://help.gradle.org.

BUILD FAILED in 33s
